Question,Position,Average Price,Current Price,Realized PnL,Total Invested,Unrealized PnL,Overall PnL,Overall PnL (%)
"Bitcoin Up or Down - February 13, 3:45PM-4:00PM ET - Yes 🟢",6378.672804815,0.693838,0.995,0,4448.00561,1930.667195219794,1930.667195219794,0.4340523291785583
"Bitcoin Up or Down - February 13, 5:30PM-5:45PM ET - Yes 🟢",6025.449867395,0.684995,0.745,0,5540.138298,485.3115695208553,485.3115695208553,0.08759917955406521
"Bitcoin Up or Down - February 13, 4:00PM-4:15PM ET - Yes 🟢",5363.722183307001,0.690593,0.9995,0,3706.001995,1657.7201885731029,1657.7201885731029,0.44730687970746835
"Bitcoin Up or Down - February 13, 5:45PM-6:00PM ET - Yes 🟢",4466.85798525,0.568386,0.575,0,4415.477466,51.38051950338013,51.38051950338013,0.011636458321669561
"Bitcoin Up or Down - February 13, 5:15PM-5:30PM ET - Yes 🟢",4438.39905576,0.644011,0.885,0,3229.80544,1208.5936158740642,1208.5936158740642,0.3742001301087858
"Bitcoin Up or Down - February 13, 4:45PM-5:00PM ET - Yes 🟢",4387.136513695,0.66863,0.845,0,3471.445074,915.6914401424697,915.6914401424697,0.26377817324569014
"Bitcoin Up or Down - February 13, 6:00PM-6:15PM ET - No 🔴",3675.47675517,0.672308,0.765,0,3230.133891,445.34286456237623,445.34286456237623,0.13787133276525107
"Bitcoin Up or Down - February 13, 4:15PM-4:30PM ET - Yes 🟢",3536.81915108,0.742911,0.545,0,4821.177711,-1284.358559650264,-1284.358559650264,-0.26639933987910697
"Bitcoin Up or Down - February 13, 6:15PM-6:30PM ET - No 🔴",3210.68964745,0.563565,0.515,0,3513.460798,-302.7711509289502,-302.7711509289502,-0.08617462050559933
"Bitcoin Up or Down - February 13, 4:15PM-4:30PM ET - Yes 🟢",3083.536701245,0.515617,0.455,0,3494.338337,-410.80163564696295,-410.80163564696295,-0.11756206641388056
"Bitcoin Up or Down - February 13, 4:30PM-4:45PM ET - Yes 🟢",2984.09790715,0.620256,0.485,0,3816.298209,-832.2003021226401,-832.2003021226401,-0.21806479906629334
"Bitcoin Up or Down - February 13, 5:00PM-5:15PM ET - Yes 🟢",2779.8805528499997,0.521052,0.645,0,2245.678018,534.2025345188399,534.2025345188399,0.2378802883748225
"Bitcoin Up or Down - February 13, 5:50PM-5:55PM ET - Yes 🟢",2456.8928927549996,0.605863,0.945,0,1575.175131,881.7177618732826,881.7177618732826,0.5597585592362191
"Ethereum Up or Down - February 13, 4:45PM-5:00PM ET - Yes 🟢",2376.5487289750004,0.595304,0.905,0,1563.280624,813.2681051587203,813.2681051587203,0.5202316798872576
"Bitcoin Up or Down - February 13, 5:45PM-5:50PM ET - Yes 🟢",2224.98537875,0.598469,0.625,0,2130.535639,94.44973933378606,94.44973933378606,0.04433145243142588
"Bitcoin Up or Down - February 13, 5:20PM-5:25PM ET - Yes 🟢",2162.294069,0.556983,0.95,0,1267.74846,894.54560854334,894.54560854334,0.7056175864282572
"Bitcoin Up or Down - February 13, 5:00PM-5:15PM ET - Yes 🟢",2137.37261799,0.710585,0.355,0,4278.267385,-2140.8947672337304,-2140.8947672337304,-0.5004116326950262
"Bitcoin Up or Down - February 13, 4:10PM-4:15PM ET - Yes 🟢",2126.4252778950004,0.610106,0.885,0,1465.926351,660.4989269397383,660.4989269397383,0.4505676062710591
"Bitcoin Up or Down - February 13, 5:30PM-5:35PM ET - Yes 🟢",2059.8113743,0.531554,0.79,0,1385.950602,673.8607727118199,673.8607727118199,0.48620836250541916
"Ethereum Up or Down - February 13, 5:30PM-5:45PM ET - Yes 🟢",2056.11954066,0.759578,0.885,0,1764.726744,291.39279664255196,291.39279664255196,0.16512063277404038
"Bitcoin Up or Down - February 13, 5:45PM-6:00PM ET - Yes 🟢",2020.7713310249997,0.509233,0.425,0,2421.278699,-400.5073682970092,-400.5073682970092,-0.16541151105918567
"Bitcoin Up or Down - February 13, 6:30PM-6:45PM ET - Yes 🟢",1976.80123674,0.65621,0.495,0,2620.599474,-643.7982371209202,-643.7982371209202,-0.24566830738855605
"Bitcoin Up or Down - February 13, 4:50PM-4:55PM ET - Yes 🟢",1955.1103962,0.648572,0.975,0,1300.543446,654.5669501648961,654.5669501648961,0.5033026402755761
"Ethereum Up or Down - February 13, 5:15PM-5:30PM ET - Yes 🟢",1942.905981225,0.739395,0.915,0,1570.027287,372.87869380657503,372.87869380657503,0.23749822496338246
"Bitcoin Up or Down - February 13, 5:15PM-5:20PM ET - Yes 🟢",1880.6362164000002,0.586801,0.9,0,1226.176903,654.4593137114041,654.4593137114041,0.5337397174177599
"Bitcoin Up or Down - February 13, 5:00PM-5:05PM ET - Yes 🟢",1654.959250575,0.585329,0.575,0,1684.688075,-29.728824520329,-29.728824520329,-0.017646485994345866
"Bitcoin Up or Down - February 13, 4:25PM-4:30PM ET - Yes 🟢",1654.552566935,0.627723,0.815,0,1274.356688,380.19587862317303,380.19587862317303,0.2983433776455945
"Ethereum Up or Down - February 13, 4:00PM-4:15PM ET - Yes 🟢",1642.160167338,0.817558,0.9985,0,1344.578049,297.582118175736,297.582118175736,0.2213200776236501
"Bitcoin Up or Down - February 13, 4:30PM-4:35PM ET - Yes 🟢",1598.9749630400001,0.602816,0.56,0,1721.22802,-122.2530571741438,-122.2530571741438,-0.0710266482729835
"Bitcoin Up or Down - February 13, 4:35PM-4:40PM ET - Yes 🟢",1560.80940533,0.560969,0.49,0,1786.868758,-226.0593524221731,-226.0593524221731,-0.12651144713907025
"Bitcoin Up or Down - February 13, 4:45PM-4:50PM ET - Yes 🟢",1535.441975775,0.63686,0.645,0,1516.06446,19.3775157872999,19.3775157872999,0.012781459033278769
"Bitcoin Up or Down - February 13, 6:10PM-6:15PM ET - Yes 🟢",1531.66839903,0.496186,0.495,0,1535.338215,-3.669815598483865,-3.669815598483865,-0.002390232694418972
"Bitcoin Up or Down - February 13, 4:40PM-4:45PM ET - Yes 🟢",1505.7318251749998,0.639424,0.725,0,1328.001471,177.73035402920777,177.73035402920777,0.13383294966938164
"Bitcoin Up or Down - February 13, 4:15PM-4:20PM ET - Yes 🟢",1502.5174710000001,0.575221,0.52,0,1662.076158,-159.55868705017497,-159.55868705017497,-0.09599962449504976
"Bitcoin Up or Down - February 13, 5:55PM-6:00PM ET - Yes 🟢",1487.593761885,0.620193,0.735,0,1255.231616,232.36214560643702,232.36214560643702,0.18511495619182763
"Bitcoin Up or Down - February 13, 5:10PM-5:15PM ET - Yes 🟢",1480.9022119200001,0.663024,0.76,0,1291.93909,188.9631222409921,188.9631222409921,0.14626318199025318
"Bitcoin Up or Down - February 13, 6:00PM-6:05PM ET - Yes 🟢",1469.1755124899998,0.615024,0.63,0,1434.251112,34.92440075404784,34.92440075404784,0.024350269253302022
"Bitcoin Up or Down - February 13, 4:05PM-4:10PM ET - Yes 🟢",1457.1358695650001,0.621326,0.685,0,1321.688177,135.44769249442606,135.44769249442606,0.1024808232769915
"Bitcoin Up or Down - February 13, 5:35PM-5:40PM ET - Yes 🟢",1436.7373329749998,0.615456,0.705,0,1254.25335,182.48398261547982,182.48398261547982,0.14549212295544584
"Bitcoin Up or Down - February 13, 6:15PM-6:20PM ET - Yes 🟢",1398.56917228,0.513839,0.595,0,1207.797286,190.771886708264,190.771886708264,0.15795025284422107
"Bitcoin Up or Down - February 13, 4:20PM-4:25PM ET - Yes 🟢",1396.1833375,0.606644,0.49,0,1728.543356,-332.3600188149999,-332.3600188149999,-0.19227751370038526
"Bitcoin Up or Down - February 13, 6:05PM-6:10PM ET - Yes 🟢",1392.0396352700002,0.646688,0.635,0,1417.661933,-25.62229804257572,-25.62229804257572,-0.0180736305646261
"Bitcoin Up or Down - February 13, 4:00PM-4:05PM ET - Yes 🟢",1368.333688245,0.617921,0.465,0,1818.327142,-449.99345363465295,-449.99345363465295,-0.247476619163095
"Bitcoin Up or Down - February 13, 6:25PM-6:30PM ET - Yes 🟢",1351.6697144099999,0.628666,0.615,0,1381.705354,-30.03563954004403,-30.03563954004403,-0.02173809304067011
"Bitcoin Up or Down - February 13, 5:25PM-5:30PM ET - Yes 🟢",1350.04796103,0.618676,0.645,0,1294.949259,55.09870159093589,55.09870159093589,0.04254892707802684
"Bitcoin Up or Down - February 13, 5:40PM-5:45PM ET - Yes 🟢",1320.97984785,0.643242,0.555,0,1531.008503,-210.02865537653997,-210.02865537653997,-0.1371832063407815
"Bitcoin Up or Down - February 13, 6:15PM-6:30PM ET - Yes 🟢",1161.78031311,0.543695,0.485,0,1302.379685,-140.59937211957003,-140.59937211957003,-0.10795574726702684
"Ethereum Up or Down - February 13, 4:15PM-4:30PM ET - Yes 🟢",1137.97793109,0.711016,0.905,0,894.05582,243.92211158515204,243.92211158515204,0.27282649039201157
"Bitcoin Up or Down - February 13, 5:05PM-5:10PM ET - Yes 🟢",1131.763527,0.558899,0.5,0,1265.083007,-133.31947995354585,-133.31947995354585,-0.10538397813887153
"Bitcoin Up or Down - February 13, 4:55PM-5:00PM ET - Yes 🟢",1114.362498,0.625449,0.5,0,1393.95382,-279.59132202320393,-279.59132202320393,-0.20057430742088997
"Bitcoin Up or Down - February 13, 6:30PM-6:35PM ET - Yes 🟢",1052.85704619,0.657631,0.505,0,1371.072143,-318.215096667378,-318.215096667378,-0.2320921610814012
"Bitcoin Up or Down - February 13, 5:05PM-5:10PM ET - Yes 🟢",1050.3231025,0.612959,0.5,0,1287.609997,-237.28689467059507,-237.28689467059507,-0.1842847564273727
"Bitcoin Up or Down - February 13, 4:55PM-5:00PM ET - Yes 🟢",949.429905,0.496328,0.5,0,942.457292,6.972613222319978,6.972613222319978,0.007398333358452042
"Ethereum Up or Down - February 13, 6:15PM-6:30PM ET - No 🔴",917.846758095,0.493823,0.535,0,847.203439,70.64331954780903,70.64331954780903,0.08338412746670759
"Bitcoin Up or Down - February 13, 6:15PM-6:20PM ET - Yes 🟢",881.94515175,0.633853,0.405,0,1380.305136,-498.3599847245499,-498.3599847245499,-0.3610505907184786
"Bitcoin Up or Down - February 13, 6:20PM-6:25PM ET - Yes 🟢",855.73248885,0.474359,0.45,0,902.054239,-46.321750435326976,-46.321750435326976,-0.05135140264589674
"Bitcoin Up or Down - February 13, 4:35PM-4:40PM ET - Yes 🟢",805.74174015,0.514814,0.51,0,813.34731,-7.605570072709952,-7.605570072709952,-0.0093509500544238
"Ethereum Up or Down - February 13, 4:30PM-4:45PM ET - Yes 🟢",804.8803405199999,0.605185,0.745,0,653.827529,151.05281182523993,151.05281182523993,0.23102852835864598
"Bitcoin Up or Down - February 13, 5:30PM-5:45PM ET - Yes 🟢",777.07771341,0.521483,0.255,0,1589.148303,-812.0705894221061,-812.0705894221061,-0.5110099465789796
"Ethereum Up or Down - February 13, 6:00PM-6:15PM ET - Yes 🟢",732.7744744800001,0.678726,0.92,0,540.601183,192.17329190835608,192.17329190835608,0.35548070916514457
"Ethereum Up or Down - February 13, 3:45PM-4:00PM ET - Yes 🟢",625.62108346,0.327275,0.995,0,205.779035,419.8420481943,419.8420481943,2.040256667518632
"Bitcoin Up or Down - February 13, 5:45PM-5:50PM ET - Yes 🟢",579.990657,0.607304,0.375,0,939.281723,-359.2910655566079,-359.2910655566079,-0.38251682829413247
"Bitcoin Up or Down - February 13, 4:20PM-4:25PM ET - Yes 🟢",576.7421154299999,0.417307,0.51,0,471.918671,104.82344491284891,104.82344491284891,0.22212184292417816
"Bitcoin Up or Down - February 13, 4:30PM-4:45PM ET - Yes 🟢",572.666631115,0.513304,0.515,0,570.780723,1.88590797353595,1.88590797353595,0.0033040849095668395
"Bitcoin Up or Down - February 13, 6:10PM-6:15PM ET - Yes 🟢",550.09872503,0.542118,0.505,0,590.531526,-40.432800941908,-40.432800941908,-0.06846848840701521
"Bitcoin Up or Down - February 13, 6:20PM-6:25PM ET - Yes 🟢",540.5212241,0.564226,0.55,0,554.502051,-13.980827152811912,-13.980827152811912,-0.025213301064619345
"Ethereum Up or Down - February 13, 5:00PM-5:15PM ET - Yes 🟢",538.76222415,0.646145,0.645,0,539.718632,-0.9564073591500346,-0.9564073591500346,-0.001772048068094182
"Bitcoin Up or Down - February 13, 5:10PM-5:15PM ET - Yes 🟢",515.72924448,0.621995,0.24,0,1336.587548,-820.8583031047399,-820.8583031047399,-0.6141448080472016
"Ethereum Up or Down - February 13, 6:15PM-6:30PM ET - Yes 🟢",440.496656205,0.497245,0.465,0,471.042494,-30.54583802006499,-30.54583802006499,-0.06484730870176013
"Bitcoin Up or Down - February 13, 4:00PM-4:05PM ET - Yes 🟢",430.72773441500004,0.469545,0.535,0,378.030008,52.69772683389505,52.69772683389505,0.13940090923653617
"Bitcoin Up or Down - February 13, 5:00PM-5:05PM ET - Yes 🟢",385.689010025,0.505852,0.425,0,459.062487,-73.37347726715598,-73.37347726715598,-0.1598333110306092
"Bitcoin Up or Down - February 13, 5:30PM-5:35PM ET - Yes 🟢",385.5362028,0.584381,0.21,0,1072.857294,-687.3210911450801,-687.3210911450801,-0.6406454008272607
"Bitcoin Up or Down - February 13, 4:15PM-4:20PM ET - Yes 🟢",370.68032112,0.57587,0.48,0,444.715993,-74.03567163703002,-74.03567163703002,-0.16647854541410662
"Bitcoin Up or Down - February 13, 4:10PM-4:15PM ET - Yes 🟢",320.44277189,0.581922,0.115,0,1621.501728,-1301.058955968892,-1301.058955968892,-0.8023790129250432
"Bitcoin Up or Down - February 13, 4:30PM-4:35PM ET - Yes 🟢",293.54348056,0.549246,0.44,0,366.426324,-72.882843357404,-72.882843357404,-0.19890176710504018
"Bitcoin Up or Down - February 13, 6:00PM-6:15PM ET - Yes 🟢",240.24094226999998,0.319768,0.235,0,326.899428,-86.658485933376,-86.658485933376,-0.2650921920040068
"Ethereum Up or Down - February 13, 4:30PM-4:45PM ET - Yes 🟢",231.54821661000003,0.380581,0.255,0,345.579811,-114.03159447098196,-114.03159447098196,-0.32997180634195655
"Ethereum Up or Down - February 13, 5:00PM-5:15PM ET - Yes 🟢",198.92667074499997,0.231563,0.355,0,129.757906,69.16876466690297,69.16876466690297,0.5330601178698351
"Bitcoin Up or Down - February 13, 5:40PM-5:45PM ET - Yes 🟢",147.34360646,0.485297,0.445,0,160.686315,-13.342708560716005,-13.342708560716005,-0.08303574925292179
"Ethereum Up or Down - February 13, 6:30PM-6:45PM ET - Yes 🟢",143.24927363999998,0.40784,0.505,0,115.688681,27.56059292447999,27.56059292447999,0.23823067811171597
"Bitcoin Up or Down - February 13, 3:55PM-4:00PM ET - Yes 🟢",79.59622298000001,0.414999,0.995,0,33.198345,46.39787831620401,46.39787831620401,1.397596124632237
"Bitcoin Up or Down - February 13, 4:45PM-4:50PM ET - Yes 🟢",78.3911,0.509055,0.355,0,112.409525,-34.0184251,-34.0184251,-0.30262938216312185
"Ethereum Up or Down - February 13, 5:30PM-5:45PM ET - Yes 🟢",53.57953408,0.46706,0.115,0,217.607454,-164.02791972352,-164.02791972352,-0.7537789570550282
"Bitcoin Up or Down - February 13, 6:25PM-6:30PM ET - Yes 🟢",46.196801035,0.429996,0.385,0,51.595947,-5.399146128235998,-5.399146128235998,-0.1046428342178892
"Bitcoin Up or Down - February 13, 6:30PM-6:45PM ET - Yes 🟢",45.097936725000004,0.44,0.505,0,39.293252,5.804684925000004,5.804684925000004,0.14772727197535096
"Bitcoin Up or Down - February 13, 6:00PM-6:05PM ET - Yes 🟢",43.31680687,0.455129,0.37,0,53.283068,-9.966260681179001,-9.966260681179001,-0.18704367175664513
"Bitcoin Up or Down - February 13, 6:30PM-6:35PM ET - Yes 🟢",39.59135433,0.41,0.495,0,32.792839,6.798515389999999,6.798515389999999,0.20731707279141032
"Ethereum Up or Down - February 13, 6:00PM-6:15PM ET - Yes 🟢",30.36933904,0.242751,0.08,0,92.152343,-61.78300372623799,-61.78300372623799,-0.670444198323183
"Bitcoin Up or Down - February 13, 5:25PM-5:30PM ET - Yes 🟢",28.4,0.394999,0.355,0,31.59992,-3.1999200000000023,-3.1999200000000023,-0.10126354750265197
"Ethereum Up or Down - February 13, 6:30PM-6:45PM ET - Yes 🟢",27.25337142,0.625245,0.495,0,34.424312,-7.170940122419999,-7.170940122419999,-0.20831033957686645
"Bitcoin Up or Down - February 13, 5:50PM-5:55PM ET - Yes 🟢",25.26145072,0.513365,0.055,0,235.788085,-210.52663380496,-210.52663380496,-0.8928637501125639
"Bitcoin Up or Down - February 13, 4:05PM-4:10PM ET - Yes 🟢",23.215500000000002,0.494572,0.315,0,36.449956,-13.234456399999996,-13.234456399999996,-0.36308566188666996
"Bitcoin Up or Down - February 13, 3:55PM-4:00PM ET - Yes 🟢",10.284814865000001,0.60659,0.005,0,1247.73317,-1237.4483549270699,-1237.4483549270699,-0.9917571999204526
"Bitcoin Up or Down - February 13, 5:55PM-6:00PM ET - Yes 🟢",10.137880280000001,0.48,0.265,0,18.362953,-8.22507268,-8.22507268,-0.4479166656909703
"Bitcoin Up or Down - February 13, 5:20PM-5:25PM ET - Yes 🟢",9.739828150000001,0.506275,0.05,0,98.62063,-88.88080178282499,-88.88080178282499,-0.9012394443518054
"Ethereum Up or Down - February 13, 3:45PM-4:00PM ET - Yes 🟢",5.769249220000001,0.582067,0.005,0,671.617917,-665.848667927548,-665.848667927548,-0.9914099238176637
"Ethereum Up or Down - February 13, 4:15PM-4:30PM ET - Yes 🟢",5.7,0.18,0.095,0,10.8,-5.1000000000000005,-5.1000000000000005,-0.47222222222222227
"Ethereum Up or Down - February 13, 4:45PM-5:00PM ET - Yes 🟢",4.5371999999999995,0.49,0.095,0,23.4024,-18.8652,-18.8652,-0.8061224489795918
"Bitcoin Up or Down - February 13, 3:45PM-4:00PM ET - Yes 🟢",4.11145198,0.431136,0.005,0,354.518992,-350.407540189856,-350.407540189856,-0.9884027318622636
"Bitcoin Up or Down - February 13, 5:15PM-5:20PM ET - Yes 🟢",3.9997271,0.45,0.1,0,17.998772,-13.999044849999999,-13.999044849999999,-0.7777777756171367
"Ethereum Up or Down - February 13, 4:00PM-4:15PM ET - Yes 🟢",0.47891629950000003,0.482171,0.0015,0,153.946367,-153.46745106464297,-153.46745106464297,-0.9968890728330274
"Bitcoin Up or Down - February 13, 4:00PM-4:15PM ET - Yes 🟢",0.13995057,0.460078,0.0005,0,128.776357,-128.63640611892,-128.63640611892,-0.9989132253439971
"Bitcoin Up or Down - February 11, 10:15AM-10:30AM ET - No 🔴",0,0.40239,0.475,-1961.30805,1961.30805,0,-1961.30805,-1
"Bitcoin Up or Down - February 11, 10:30AM-10:45AM ET - Yes 🟢",0,0.714074,0.795,793.467831,1981.613243,0,793.467831,0.4004150829143404
"Bitcoin Up or Down - February 8, 9:45AM-10:00AM ET - Yes 🟢",0,0.743211,0.655,3134.732306,9072.692103,0,3134.732306,0.34551291616778895
"Ethereum Up or Down - February 8, 9:30AM-9:45AM ET - Yes 🟢",0,0.467264,0.835,514.863247,451.587767,0,514.863247,1.1401177902146318
"Bitcoin Up or Down - February 8, 9:30AM-9:45AM ET - Yes 🟢",0,0.374653,0.705,-6104.263431,6104.263431,0,-6104.263431,-1
"Ethereum Up or Down - February 11, 9:00AM-9:15AM ET - Yes 🟢",0,0.809175,0.9995,142.026139,602.248141,0,142.026139,0.2358266125390996
"Bitcoin Up or Down - February 11, 9:00AM-9:15AM ET - No 🔴",0,0.420254,0.0005,-574.304181,574.304181,0,-574.304181,-1
"Bitcoin Up or Down - February 8, 9:15AM-9:30AM ET - No 🔴",0,0.663424,0.915,3020.306217,5953.317028,0,3020.306217,0.5073316611218104
"Bitcoin Up or Down - February 11, 9:15AM-9:30AM ET - Yes 🟢",0,0.691763,0.9995,1055.411997,2368.61561,0,1055.411997,0.4455817957731014
"Ethereum Up or Down - February 8, 9:00AM-9:15AM ET - Yes 🟢",0,0.764326,0.635,110.691364,358.988636,0,110.691364,0.30834225070010296
"Ethereum Up or Down - February 8, 9:00AM-9:15AM ET - Yes 🟢",0,0.321757,0.365,-134.8554,134.8554,0,-134.8554,-1
"Bitcoin Up or Down - February 8, 8:45AM-9:00AM ET - Yes 🟢",0,0.789713,0.995,1865.819573,7006.909477,0,1865.819573,0.26628281400302156
"Ethereum Up or Down - February 8, 8:45AM-9:00AM ET - Yes 🟢",0,0.729598,0.945,231.474919,624.56505,0,231.474919,0.37061779073292683
"Bitcoin Up or Down - February 11, 8:45AM-9:00AM ET - Yes 🟢",0,0.384425,0.895,2338.03884,1460.099226,0,2338.03884,1.6012876374197873
"Bitcoin Up or Down - February 11, 8:45AM-9:00AM ET - No 🔴",0,0.457012,0.105,-1499.473435,1499.473435,0,-1499.473435,-1
"Bitcoin Up or Down - February 8, 8:30AM-8:45AM ET - Yes 🟢",0,0.828791,0.825,954.685328,4621.454526,0,954.685328,0.20657680880099608
"Bitcoin Up or Down - February 8, 8:30AM-8:45AM ET - Yes 🟢",0,0.210502,0.175,-3317.043409,3317.043409,0,-3317.043409,-1
"Bitcoin Up or Down - February 8, 8:15AM-8:30AM ET - No 🔴",0,0.135521,0.065,-1861.890972,1861.890972,0,-1861.890972,-1
"Ethereum Up or Down - February 8, 9:15AM-9:30AM ET - No 🔴",0,0.542575,0.64,486.477124,577.035199,0,486.477124,0.8430631698777876
"Bitcoin Up or Down - February 8, 11:15AM-11:30AM ET - Yes 🟢",0,0.699085,0.965,3427.966867,7963.844333,0,3427.966867,0.4304412195496388
"Bitcoin Up or Down - February 8, 11:15AM-11:30AM ET - No 🔴",0,0.409116,0.035,-281.552829,281.552829,0,-281.552829,-1
"Ethereum Up or Down - February 8, 11:00AM-11:15AM ET - Yes 🟢",0,0.330541,0.145,930.353811,459.356106,0,930.353811,2.0253432986912334
"Bitcoin Up or Down - February 8, 11:00AM-11:15AM ET - Yes 🟢",0,0.345606,0.115,-2484.488041,2484.488041,0,-2484.488041,-1
"Bitcoin Up or Down - February 8, 11:00AM-11:15AM ET - No 🔴",0,0.667254,0.885,3694.810102,7409.185446,0,3694.810102,0.4986796630923468
"Bitcoin Up or Down - February 8, 10:45AM-11:00AM ET - Yes 🟢",0,0.437696,0.525,7101.073273,5527.457332,0,7101.073273,1.2846907441311028
"Bitcoin Up or Down - February 11, 10:00AM-10:15AM ET - Yes 🟢",0,0.233656,0.0005,-1098.981664,1098.981664,0,-1098.981664,-1
"Ethereum Up or Down - February 11, 10:00AM-10:15AM ET - Yes 🟢",0,0.290638,0.0005,-414.766263,414.766264,0,-414.766263,-0.9999999975890035
"Ethereum Up or Down - February 11, 10:15AM-10:30AM ET - Yes 🟢",0,0.64737,0.775,386.767778,710.041281,0,386.767778,0.5447116785312656
"Bitcoin Up or Down - February 8, 10:00AM-10:15AM ET - Yes 🟢",0,0.224719,0.065,-2682.781578,2682.781579,0,-2682.781578,-0.9999999996272525
"Ethereum Up or Down - February 8, 10:30AM-10:45AM ET - Yes 🟢",0,0.282307,0.185,-159.525741,159.525742,0,-159.525741,-0.9999999937314192
"Bitcoin Up or Down - February 8, 10:30AM-10:45AM ET - No 🔴",0,0.251265,0.135,-344.660157,344.660157,0,-344.660157,-1
"Ethereum Up or Down - February 8, 10:15AM-10:30AM ET - No 🔴",0,0.818092,0.9895,156.433603,703.526396,0,156.433603,0.22235640892712147
"Bitcoin Up or Down - February 8, 10:15AM-10:30AM ET - Yes 🟢",0,0.678296,0.985,1989.278336,4194.288969,0,1989.278336,0.4742826139788558
"Ethereum Up or Down - February 11, 9:30AM-9:45AM ET - Yes 🟢",0,0.133697,0.035,-62.064722,62.064722,0,-62.064722,-1
"Bitcoin Up or Down - February 11, 9:30AM-9:45AM ET - Yes 🟢",0,0.565317,0.985,1664.600231,2164.85763,0,1664.600231,0.7689190309480074
"Ethereum Up or Down - February 8, 9:45AM-10:00AM ET - No 🔴",0,0.33657,0.405,-286.740953,286.740953,0,-286.740953,-1
"Bitcoin Up or Down - February 11, 8:15AM-8:30AM ET - Yes 🟢",0,0.555467,0.405,-1784.817651,1784.817652,0,-1784.817651,-0.9999999994397187
"Bitcoin Up or Down - February 8, 9:45AM-10:00AM ET - Yes 🟢",0,0.291811,0.345,-1927.012778,1927.012778,0,-1927.012778,-1
"Bitcoin Up or Down - February 11, 9:15AM-9:30AM ET - Yes 🟢",0,0.344083,0.0005,-959.329511,959.329512,0,-959.329511,-0.9999999989576053
"Bitcoin Up or Down - February 11, 9:45AM-10:00AM ET - Yes 🟢",0,0.14909,0.0025,-791.169654,791.169655,0,-791.169654,-0.9999999987360486
"Bitcoin Up or Down - February 8, 11:30AM-11:45AM ET - No 🔴",0,0.662716,0.905,3385.405694,6651.849836,0,3385.405694,0.5089419901931773
"Bitcoin Up or Down - February 8, 10:30AM-10:45AM ET - Yes 🟢",0,0.721532,0.865,2841.588991,7362.775573,0,2841.588991,0.3859399166559385
"Ethereum Up or Down - February 11, 9:45AM-10:00AM ET - No 🔴",0,0.741671,0.995,108.352443,311.083405,0,108.352443,0.34830672822293424
"Bitcoin Up or Down - February 11, 9:45AM-10:00AM ET - No 🔴",0,0.543372,0.9975,1763.463602,2098.462522,0,1763.463602,0.8403598270219668
"Ethereum Up or Down - February 11, 10:00AM-10:15AM ET - No 🔴",0,0.641306,0.9995,395.885503,707.800378,0,395.885503,0.5593180157923001
"Bitcoin Up or Down - February 8, 7:30AM-7:45AM ET - No 🔴",0,0.742397,0.645,3164.384091,9119.572584,0,3164.384091,0.34698820167864125
"Bitcoin Up or Down - February 4, 7:30PM-7:45PM ET - Yes 🟢",0,0.190909,0.145,-718.540501,718.540501,0,-718.540501,-1
"Ethereum Up or Down - February 4, 7:30PM-7:45PM ET - No 🔴",0,0.798331,0.825,253.97621,1005.395385,0,253.97621,0.2526132641836226
"Bitcoin Up or Down - February 4, 7:30PM-7:45PM ET - No 🔴",0,0.796953,0.855,1452.614579,5701.465902,0,1452.614579,0.25477913995599655
"Bitcoin Up or Down - February 11, 10:30AM-10:45AM ET - No 🔴",0,0.31928,0.205,-1278.013359,1278.01336,0,-1278.013359,-0.9999999992175357
"Bitcoin Up or Down - February 4, 7:45PM-8:00PM ET - Yes 🟢",0,0.607908,0.005,-645.888362,645.888363,0,-645.888362,-0.9999999984517448
"Bitcoin Up or Down - February 4, 7:45PM-8:00PM ET - No 🔴",0,0.68994,0.995,1841.601481,4097.898879,0,1841.601481,0.44940139700309073
"Bitcoin Up or Down - February 4, 8:00PM-8:15PM ET - No 🔴",0,0.49,0.0025,-147,147,0,-147,-1
"Ethereum Up or Down - February 4, 8:00PM-8:15PM ET - Yes 🟢",0,0.857581,0.935,221.928875,1336.352504,0,221.928875,0.1660706096151409
"Bitcoin Up or Down - February 11, 7:30AM-7:45AM ET - Yes 🟢",0,0.474682,0.0005,-1358.894433,1358.894433,0,-1358.894433,-1
"Ethereum Up or Down - February 11, 7:30AM-7:45AM ET - Yes 🟢",0,0.795904,0.9995,114.334563,445.86536,0,114.334563,0.2564329352699658
"Bitcoin Up or Down - February 4, 8:15PM-8:30PM ET - No 🔴",0,0.776468,0.9925,1359.583602,4722.693668,0,1359.583602,0.2878830806266895
"Ethereum Up or Down - February 4, 8:15PM-8:30PM ET - Yes 🟢",0,0.100773,0.006,-351.137793,351.137794,0,-351.137793,-0.9999999971521152
"Bitcoin Up or Down - February 4, 8:30PM-8:45PM ET - No 🔴",0,0.781716,0.985,1346.517772,4822.133033,0,1346.517772,0.27923696065313425
"Ethereum Up or Down - February 4, 8:30PM-8:45PM ET - No 🔴",0,0.469285,0.9985,1010.713571,893.723973,0,1010.713571,1.1309012642989718
"Ethereum Up or Down - February 4, 7:30PM-7:45PM ET - Yes 🟢",0,0.157925,0.175,-212.043517,212.043518,0,-212.043517,-0.9999999952839871
"Ethereum Up or Down - February 11, 8:30AM-8:45AM ET - Yes 🟢",0,0.756966,0.965,768.06172,2392.243917,0,768.06172,0.32106329732596417
"Bitcoin Up or Down - February 11, 8:15AM-8:30AM ET - Yes 🟢",0,0.48228,0.595,1603.052112,1493.316798,0,1603.052112,1.073484282870834
"Bitcoin Up or Down - February 11, 8:30AM-8:45AM ET - Yes 🟢",0,0.283012,0.055,-564.692433,564.692433,0,-564.692433,-1
"Ethereum Up or Down - February 11, 8:15AM-8:30AM ET - Yes 🟢",0,0.281261,0.315,-318.730427,318.730427,0,-318.730427,-1
"Ethereum Up or Down - February 8, 8:00AM-8:15AM ET - Yes 🟢",0,0.340826,0.175,-396.771988,396.771988,0,-396.771988,-1
"Ethereum Up or Down - February 8, 8:00AM-8:15AM ET - Yes 🟢",0,0.560477,0.825,782.42642,997.745312,0,782.42642,0.7841945340054878
"Ethereum Up or Down - February 8, 7:45AM-8:00AM ET - No 🔴",0,0.609223,0.755,-1272.929104,1272.929105,0,-1272.929104,-0.9999999992144104
"Bitcoin Up or Down - February 8, 7:45AM-8:00AM ET - No 🔴",0,0.421624,0.015,-605.955273,605.955274,0,-605.955273,-0.9999999983497132
"Bitcoin Up or Down - February 4, 9:45PM-10:00PM ET - Yes 🟢",0,0.481453,0.0045,-181.760872,181.760873,0,-181.760872,-0.9999999944982659
"Ethereum Up or Down - February 11, 7:45AM-8:00AM ET - Yes 🟢",0,0.761023,0.965,176.107401,560.814568,0,176.107401,0.3140207317153716
"Ethereum Up or Down - February 4, 9:15PM-9:30PM ET - Yes 🟢",0,0.481456,0.825,497.110618,461.555606,0,497.110618,1.0770329978399178
"Bitcoin Up or Down - February 4, 9:15PM-9:30PM ET - No 🔴",0,0.380854,0.065,-3389.97381,3389.97381,0,-3389.97381,-1
"Ethereum Up or Down - February 4, 9:00PM-9:15PM ET - Yes 🟢",0,0.182649,0.005,-45.269554,45.269555,0,-45.269554,-0.9999999779100988
"Bitcoin Up or Down - February 4, 9:00PM-9:15PM ET - No 🔴",0,0.762999,0.965,2361.262748,7601.829174,0,2361.262748,0.3106177071271294
"Ethereum Up or Down - February 11, 8:00AM-8:15AM ET - Yes 🟢",0,0.810562,0.985,322.471782,1379.783217,0,322.471782,0.2337119179497891
"Bitcoin Up or Down - February 4, 8:45PM-9:00PM ET - No 🔴",0,0.69486,0.965,2043.06309,4652.431078,0,2043.06309,0.43913881919950504
"Ethereum Up or Down - February 11, 9:45AM-10:00AM ET - Yes 🟢",0,0.271794,0.005,-154.174861,154.174861,0,-154.174861,-1
"Bitcoin Up or Down - February 4, 8:45PM-9:00PM ET - Yes 🟢",0,0.473025,0.035,-1826.952267,1826.952268,0,-1826.952267,-0.9999999994526402
"Bitcoin Up or Down - February 11, 8:00AM-8:15AM ET - No 🔴",0,0.62899,0.985,1342.37248,2275.78466,0,1342.37248,0.5898503947205621
"Bitcoin Up or Down - February 11, 7:45AM-8:00AM ET - No 🔴",0,0.430992,0.055,-1525.10626,1525.10626,0,-1525.10626,-1
"Bitcoin Up or Down - February 4, 9:15PM-9:30PM ET - Yes 🟢",0,0.65298,0.935,1401.352049,2636.893727,0,1401.352049,0.5314404727999112
"Ethereum Up or Down - February 8, 11:15AM-11:30AM ET - No 🔴",0,0.37,0.035,-22.190952,22.190952,0,-22.190952,-1
"Ethereum Up or Down - February 8, 11:15AM-11:30AM ET - Yes 🟢",0,0.817042,0.965,54.726534,244.394219,0,54.726534,0.22392728528492734
"Ethereum Up or Down - February 8, 11:00AM-11:15AM ET - Yes 🟢",0,0.440396,0.855,-556.15189,556.15189,0,-556.15189,-1
"Bitcoin Up or Down - February 8, 10:45AM-11:00AM ET - No 🔴",0,0.645249,0.475,-8474.917949,8474.917949,0,-8474.917949,-1
"Ethereum Up or Down - February 8, 10:45AM-11:00AM ET - No 🔴",0,0.856323,0.955,66.620738,397.063347,0,66.620738,0.16778365090444874
"Ethereum Up or Down - February 8, 10:45AM-11:00AM ET - Yes 🟢",0,0.325931,0.045,-125.428356,125.428356,0,-125.428356,-1
"Bitcoin Up or Down - February 11, 1:00PM-1:15PM ET - No 🔴",0,0.68023,0.985,683.272696,1453.490278,0,683.272696,0.470090998434597
"Bitcoin Up or Down - February 11, 1:00PM-1:15PM ET - Yes 🟢",0,0.267703,0.015,-666.858315,666.858316,0,-666.858315,-0.9999999985004311
"Bitcoin Up or Down - February 11, 1:15PM-1:30PM ET - No 🔴",0,0.242131,0.0005,-605.598288,605.598289,0,-605.598288,-0.9999999983487404
"Bitcoin Up or Down - February 11, 10:00AM-10:15AM ET - No 🔴",0,0.580692,0.9995,1719.130855,2380.792961,0,1719.130855,0.7220833071843075
"Ethereum Up or Down - February 8, 3:30PM-3:45PM ET - Yes 🟢",0,0.871763,0.675,-517.98493,517.984931,0,-517.98493,-0.9999999980694418
"Bitcoin Up or Down - February 8, 3:45PM-4:00PM ET - Yes 🟢",0,0.422938,0.003,-1181.296047,1181.296047,0,-1181.296047,-1
"Bitcoin Up or Down - February 8, 3:15PM-3:30PM ET - No 🔴",0,0.484391,0.525,7345.476831,6900.738482,0,7345.476831,1.06444793555937
"Bitcoin Up or Down - February 11, 12:45PM-1:00PM ET - Yes 🟢",0,0.520191,0.375,-644.673967,644.673967,0,-644.673967,-1
"Ethereum Up or Down - February 11, 12:30PM-12:45PM ET - Yes 🟢",0,0.624829,0.615,551.42251,918.367293,0,551.42251,0.6004378794879404
"Ethereum Up or Down - February 11, 12:45PM-1:00PM ET - Yes 🟢",0,0.392074,0.715,807.456103,520.758356,0,807.456103,1.5505389278861612
"Ethereum Up or Down - February 11, 12:30PM-12:45PM ET - No 🔴",0,0.310789,0.385,-515.493369,515.493369,0,-515.493369,-1
"Bitcoin Up or Down - February 11, 12:30PM-12:45PM ET - No 🔴",0,0.442842,0.945,1886.053268,1499.078541,0,1886.053268,1.2581417293465211
"Bitcoin Up or Down - February 8, 3:00PM-3:15PM ET - Yes 🟢",0,0.802249,0.945,1723.879778,6993.546575,0,1723.879778,0.24649578858349133
"Bitcoin Up or Down - February 8, 3:30PM-3:45PM ET - Yes 🟢",0,0.366122,0.085,-551.425761,551.425761,0,-551.425761,-1
"Ethereum Up or Down - February 8, 12:30PM-12:45PM ET - Yes 🟢",0,0.773811,0.98,210.043775,718.576873,0,210.043775,0.29230522563728545
"Bitcoin Up or Down - February 8, 12:30PM-12:45PM ET - No 🔴",0,0.32,0.025,-134.72,134.72,0,-134.72,-1
"Ethereum Up or Down - February 8, 12:45PM-1:00PM ET - No 🔴",0,0.474812,0.845,545.11965,492.831808,0,545.11965,1.1060967274255153
"Ethereum Up or Down - February 8, 1:00PM-1:15PM ET - Yes 🟢",0,0.931038,0.845,13.07086,176.46628,0,13.07086,0.07407001496263195
"Bitcoin Up or Down - February 11, 11:15AM-11:30AM ET - Yes 🟢",0,0.188872,0.005,-365.084508,365.084508,0,-365.084508,-1
"Bitcoin Up or Down - February 8, 12:15PM-12:30PM ET - Yes 🟢",0,0.587445,0.005,-6140.55049,6140.55049,0,-6140.55049,-1
"Bitcoin Up or Down - February 8, 12:15PM-12:30PM ET - No 🔴",0,0.57682,0.995,2433.878307,3317.523714,0,2433.878307,0.7336430774342311
"Bitcoin Up or Down - February 11, 11:00AM-11:15AM ET - Yes 🟢",0,0.419534,0.0005,-1197.162588,1197.162589,0,-1197.162588,-0.9999999991646915
"Ethereum Up or Down - February 11, 11:00AM-11:15AM ET - Yes 🟢",0,0.634871,0.9995,148.833732,258.785855,0,148.833732,0.575123134145025
"Ethereum Up or Down - February 11, 10:15AM-10:30AM ET - No 🔴",0,0.362241,0.225,-480.778112,480.778112,0,-480.778112,-1
"Ethereum Up or Down - February 11, 10:45AM-11:00AM ET - Yes 🟢",0,0.181735,0.025,-172.396471,172.396471,0,-172.396471,-1
"Bitcoin Up or Down - February 8, 11:45AM-12:00PM ET - No 🔴",0,0.800895,0.9955,1800.051524,7240.663297,0,1800.051524,0.24860312517857439
"Ethereum Up or Down - February 8, 11:45AM-12:00PM ET - No 🔴",0,0.862083,0.9955,240.307237,1502.097526,0,240.307237,0.15998111496789721
"Bitcoin Up or Down - February 8, 12:00PM-12:15PM ET - Yes 🟢",0,0.356456,0.035,-954.23103,954.231031,0,-954.23103,-0.9999999989520357
"Bitcoin Up or Down - February 11, 11:00AM-11:15AM ET - Yes 🟢",0,0.72032,0.9995,424.802306,1094.08466,0,424.802306,0.38827187833892124
"Bitcoin Up or Down - February 8, 11:30AM-11:45AM ET - Yes 🟢",0,0.418522,0.095,-552.690194,552.690195,0,-552.690194,-0.9999999981906682
"Ethereum Up or Down - February 8, 11:30AM-11:45AM ET - Yes 🟢",0,0.469999,0.115,-58.749875,58.749875,0,-58.749875,-1
"Ethereum Up or Down - February 8, 11:30AM-11:45AM ET - No 🔴",0,0.769265,0.885,349.288755,1164.5204,0,349.288755,0.29994215215122033
"Ethereum Up or Down - February 11, 10:30AM-10:45AM ET - No 🔴",0,0.140773,0.245,-119.062191,119.062191,0,-119.062191,-1
"Bitcoin Up or Down - February 11, 10:15AM-10:30AM ET - Yes 🟢",0,0.567992,0.525,179.989832,236.645583,0,179.989832,0.7605881745952554
"Ethereum Up or Down - February 11, 11:00AM-11:15AM ET - No 🔴",0,0.263917,0.0005,-291.233871,291.233871,0,-291.233871,-1
"Ethereum Up or Down - February 8, 1:00PM-1:15PM ET - No 🔴",0,0.204701,0.155,-105.368665,105.368666,0,-105.368665,-0.9999999905095125
"Ethereum Up or Down - February 8, 12:30PM-12:45PM ET - No 🔴",0,0.307108,0.02,-67.211023,67.211024,0,-67.211023,-0.9999999851214885
"Ethereum Up or Down - February 8, 12:45PM-1:00PM ET - Yes 🟢",0,0.320306,0.155,-363.469287,363.469288,0,-363.469287,-0.9999999972487359
"Bitcoin Up or Down - February 8, 12:30PM-12:45PM ET - Yes 🟢",0,0.739775,0.975,2188.182627,6220.627545,0,2188.182627,0.35176236017519036
"Bitcoin Up or Down - February 8, 12:45PM-1:00PM ET - Yes 🟢",0,0.380463,0.295,-2809.680402,2809.680403,0,-2809.680402,-0.9999999996440877
"Bitcoin Up or Down - February 11, 11:15AM-11:30AM ET - No 🔴",0,0.615467,0.995,724.165261,1159.067807,0,724.165261,0.6247824817724404
"Ethereum Up or Down - February 11, 11:15AM-11:30AM ET - Yes 🟢",0,0.21637,0.005,-60.609564,60.609564,0,-60.609564,-1
"Ethereum Up or Down - February 8, 12:15PM-12:30PM ET - Yes 🟢",0,0.418654,0.005,-489.871578,489.871578,0,-489.871578,-1
"Ethereum Up or Down - February 8, 12:15PM-12:30PM ET - No 🔴",0,0.907045,0.995,147.745487,1441.684744,0,147.745487,0.10248113369783984
"Ethereum Up or Down - February 8, 3:00PM-3:15PM ET - No 🔴",0,0.859929,0.935,66.171741,406.243972,0,66.171741,0.16288670247641238
"Ethereum Up or Down - February 11, 10:45AM-11:00AM ET - No 🔴",0,0.83158,0.975,153.657987,758.692013,0,153.657987,0.20253012337959064
"Bitcoin Up or Down - February 11, 10:45AM-11:00AM ET - Yes 🟢",0,0.828622,0.985,584.360578,2825.415347,0,584.360578,0.2068228937102889
"Bitcoin Up or Down - February 11, 10:45AM-11:00AM ET - Yes 🟢",0,0.204381,0.015,-920.86899,920.868991,0,-920.86899,-0.9999999989140691
"Bitcoin Up or Down - February 8, 12:00PM-12:15PM ET - Yes 🟢",0,0.792759,0.965,2158.418586,8256.598648,0,2158.418586,0.2614174041901425
"Ethereum Up or Down - February 8, 12:00PM-12:15PM ET - Yes 🟢",0,0.789975,0.97,96.513551,363.020082,0,96.513551,0.2658628428165029
"Bitcoin Up or Down - February 8, 11:45AM-12:00PM ET - Yes 🟢",0,0.284639,0.0045,-2743.99373,2743.99373,0,-2743.99373,-1
"Ethereum Up or Down - February 8, 11:45AM-12:00PM ET - Yes 🟢",0,0.323515,0.0045,-380.392433,380.392433,0,-380.392433,-1
"Ethereum Up or Down - February 8, 12:00PM-12:15PM ET - No 🔴",0,0.349614,0.03,-109.079568,109.079568,0,-109.079568,-1
"Ethereum Up or Down - February 11, 10:30AM-10:45AM ET - Yes 🟢",0,0.793129,0.755,140.318498,537.971345,0,140.318498,0.2608289443371747
"Ethereum Up or Down - February 11, 11:15AM-11:30AM ET - No 🔴",0,0.602242,0.995,155.948929,236.120946,0,155.948929,0.6604620709930579
"Bitcoin Up or Down - February 8, 2:45PM-3:00PM ET - Yes 🟢",0,0.854753,0.98,1195.897291,7037.644821,0,1195.897291,0.1699286226311818
"Ethereum Up or Down - February 8, 3:00PM-3:15PM ET - Yes 🟢",0,0.395798,0.065,-61.508913,61.508914,0,-61.508913,-0.9999999837421939
"Ethereum Up or Down - February 8, 2:30PM-2:45PM ET - No 🔴",0,0.424652,0.025,-284.204921,284.204922,0,-284.204921,-0.9999999964814121
"Bitcoin Up or Down - February 8, 2:30PM-2:45PM ET - No 🔴",0,0.488684,0.065,-4364.422539,4364.422539,0,-4364.422539,-1
"Bitcoin Up or Down - February 8, 2:15PM-2:30PM ET - No 🔴",0,0.63273,0.945,3920.926993,6754.943602,0,3920.926993,0.5804529577181213
"Ethereum Up or Down - February 11, 12:00PM-12:15PM ET - Yes 🟢",0,0.351104,0.535,777.439312,420.656087,0,777.439312,1.8481589498549205
"Ethereum Up or Down - February 11, 12:15PM-12:30PM ET - Yes 🟢",0,0.731681,0.997,156.437032,426.589263,0,156.437032,0.3667158214434478
"Ethereum Up or Down - February 11, 12:00PM-12:15PM ET - No 🔴",0,0.378085,0.465,-929.336371,929.336372,0,-929.336371,-0.9999999989239633
"Ethereum Up or Down - February 11, 12:15PM-12:30PM ET - No 🔴",0,0.3031,0.003,-156.859676,156.859676,0,-156.859676,-1
"Ethereum Up or Down - February 11, 11:30AM-11:45AM ET - No 🔴",0,0.4104,0.9995,73.7,51.3,0,73.7,1.436647173489279
"Ethereum Up or Down - February 8, 2:00PM-2:15PM ET - No 🔴",0,0.432161,0.74,-576.661503,576.661504,0,-576.661503,-0.9999999982658805
"Ethereum Up or Down - February 8, 1:30PM-1:45PM ET - No 🔴",0,0.213005,0.015,-339.347153,339.347153,0,-339.347153,-1
"Ethereum Up or Down - February 8, 1:45PM-2:00PM ET - No 🔴",0,0.846753,0.995,155.537547,859.409221,0,155.537547,0.18098193875441326
"Ethereum Up or Down - February 8, 1:30PM-1:45PM ET - Yes 🟢",0,0.865554,0.985,293.390667,1888.828718,0,293.390667,0.15532941881075318
"Ethereum Up or Down - February 8, 1:45PM-2:00PM ET - Yes 🟢",0,0.447162,0.005,-329.237016,329.237017,0,-329.237016,-0.9999999969626745
"Bitcoin Up or Down - February 8, 1:45PM-2:00PM ET - Yes 🟢",0,0.781415,0.995,1939.983006,6935.205165,0,1939.983006,0.2797297210168403
"Ethereum Up or Down - February 11, 11:45AM-12:00PM ET - No 🔴",0,0.431874,0.685,354.095956,269.174157,0,354.095956,1.3154901642359378
"Ethereum Up or Down - February 8, 1:15PM-1:30PM ET - No 🔴",0,0.345012,0.025,-788.296007,788.296008,0,-788.296007,-0.999999998731441
"Bitcoin Up or Down - February 11, 11:30AM-11:45AM ET - Yes 🟢",0,0.179793,0.005,-755.699369,755.699369,0,-755.699369,-1
"Ethereum Up or Down - February 11, 11:30AM-11:45AM ET - Yes 🟢",0,0.220816,0.0005,-359.045286,359.045287,0,-359.045286,-0.999999997214836
"Ethereum Up or Down - February 8, 2:15PM-2:30PM ET - No 🔴",0,0.354478,0.165,-501.58711,501.587111,0,-501.58711,-0.9999999980063283
"Bitcoin Up or Down - February 4, 4:00PM-4:15PM ET - No 🔴",0,0.510932,0.79,-6179.638467,6179.638467,0,-6179.638467,-1
"Ethereum Up or Down - February 4, 4:00PM-4:15PM ET - Yes 🟢",0,0.166728,0.015,-346.035683,346.035684,0,-346.035683,-0.9999999971101247
"Ethereum Up or Down - February 8, 5:45AM-6:00AM ET - Yes 🟢",0,0.644187,0.665,417.188866,755.305861,0,417.188866,0.552344272090853
"Bitcoin Up or Down - February 8, 5:45AM-6:00AM ET - No 🔴",0,0.329995,0.465,-3018.776717,3018.776718,0,-3018.776717,-0.99999999966874
"Ethereum Up or Down - February 4, 3:45PM-4:00PM ET - Yes 🟢",0,0.635171,0.855,887.796191,1545.6622,0,887.796191,0.5743791825924189
"Ethereum Up or Down - February 4, 3:45PM-4:00PM ET - Yes 🟢",0,0.142986,0.145,-406.155501,406.155502,0,-406.155501,-0.9999999975378888
"Bitcoin Up or Down - February 4, 3:45PM-4:00PM ET - Yes 🟢",0,0.28447,0.265,-2359.10363,2359.103631,0,-2359.10363,-0.9999999995761102
"Bitcoin Up or Down - February 11, 5:45AM-6:00AM ET - Yes 🟢",0,0.416356,0.0145,-327.861537,327.861537,0,-327.861537,-1
"Bitcoin Up or Down - February 8, 5:30AM-5:45AM ET - Yes 🟢",0,0.641791,0.975,3416.152485,6120.605344,0,3416.152485,0.5581396435483033
"Bitcoin Up or Down - February 8, 12:45PM-1:00PM ET - No 🔴",0,0.643652,0.705,4721.069047,8527.410101,0,4721.069047,0.5536345726408028
"Ethereum Up or Down - February 11, 5:30AM-5:45AM ET - Yes 🟢",0,0.878768,0.985,119.421411,865.643685,0,119.421411,0.13795677490560104
"Bitcoin Up or Down - February 4, 3:30PM-3:45PM ET - No 🔴",0,0.585836,0.285,-3425.76846,3425.768461,0,-3425.76846,-0.9999999997080945
"Ethereum Up or Down - February 4, 3:30PM-3:45PM ET - No 🔴",0,0.513537,0.285,-767.028633,767.028634,0,-767.028633,-0.9999999986962677
"Bitcoin Up or Down - February 8, 5:15AM-5:30AM ET - Yes 🟢",0,0.378875,0.015,-5954.15213,5954.15213,0,-5954.15213,-1
"Bitcoin Up or Down - February 8, 5:15AM-5:30AM ET - No 🔴",0,0.81359,0.985,2096.864865,9151.806695,0,2096.864865,0.22912031852088854
"Ethereum Up or Down - February 8, 5:15AM-5:30AM ET - No 🔴",0,0.606543,0.985,250.815679,386.650878,0,250.815679,0.64868772650246
"Bitcoin Up or Down - February 4, 3:15PM-3:30PM ET - No 🔴",0,0.100823,0.22,-166.621168,166.621169,0,-166.621168,-0.9999999939983617
"Bitcoin Up or Down - February 8, 7:30AM-7:45AM ET - Yes 🟢",0,0.362892,0.355,-4410.174801,4410.174802,0,-4410.174801,-0.9999999997732515
"Ethereum Up or Down - February 11, 7:15AM-7:30AM ET - Yes 🟢",0,0.158539,0.025,-385.45311,385.453111,0,-385.45311,-0.9999999974056507
"Bitcoin Up or Down - February 11, 5:30AM-5:45AM ET - Yes 🟢",0,0.463503,0.035,-535.092177,535.092177,0,-535.092177,-1
"Ethereum Up or Down - February 11, 6:15AM-6:30AM ET - Yes 🟢",0,0.38,0.0175,-22.8,22.8,0,-22.8,-1
"Ethereum Up or Down - February 11, 6:30AM-6:45AM ET - Yes 🟢",0,0.633302,0.965,80.441723,138.92605,0,80.441723,0.5790254815421585
"Bitcoin Up or Down - February 11, 6:15AM-6:30AM ET - No 🔴",0,0.5099,0.0105,-168.500926,168.500926,0,-168.500926,-1
"Bitcoin Up or Down - February 4, 5:30PM-5:45PM ET - No 🔴",0,0.795177,0.9995,1743.900864,6770.283894,0,1743.900864,0.25758164521660454
"Ethereum Up or Down - February 4, 5:30PM-5:45PM ET - No 🔴",0,0.789422,0.9995,401.475594,1505.065423,0,401.475594,0.26674959630641915
"Bitcoin Up or Down - February 4, 5:15PM-5:30PM ET - Yes 🟢",0,0.706149,0.9995,2372.851347,5702.164043,0,2372.851347,0.41613172281722094
"Bitcoin Up or Down - February 8, 6:15AM-6:30AM ET - No 🔴",0,0.376695,0.705,-6719.811979,6719.811979,0,-6719.811979,-1
"Ethereum Up or Down - February 4, 5:15PM-5:30PM ET - Yes 🟢",0,0.837349,0.9955,253.042917,1302.698624,0,253.042917,0.19424517101508812
"Bitcoin Up or Down - February 4, 5:15PM-5:30PM ET - No 🔴",0,0.46,0.0005,-37.992591,37.992592,0,-37.992591,-0.9999999736790792
"Ethereum Up or Down - February 4, 4:00PM-4:15PM ET - No 🔴",0,0.473177,0.985,897.675176,806.265571,0,897.675176,1.1133740646851953
"Ethereum Up or Down - February 4, 5:00PM-5:15PM ET - No 🔴",0,0.522267,0.9985,417.113162,455.996215,0,417.113162,0.9147294391467701
"Bitcoin Up or Down - February 4, 4:45PM-5:00PM ET - Yes 🟢",0,0.701059,0.855,4054.001695,9507.20836,0,4054.001695,0.4264134687587724
"Ethereum Up or Down - February 4, 4:45PM-5:00PM ET - Yes 🟢",0,0.484766,0.655,1577.711728,1484.414856,0,1577.711728,1.0628509419876082
"Bitcoin Up or Down - February 4, 4:30PM-4:45PM ET - No 🔴",0,0.663443,0.045,2150.43989,4239.086669,0,2150.43989,0.5072884934686387
"Bitcoin Up or Down - February 8, 6:00AM-6:15AM ET - No 🔴",0,0.547067,0.055,-1845.037525,1845.037526,0,-1845.037525,-0.9999999994580056
"Bitcoin Up or Down - February 8, 6:00AM-6:15AM ET - Yes 🟢",0,0.694297,0.945,3023.227503,6866.199501,0,3023.227503,0.44030580564396565
"Ethereum Up or Down - February 4, 4:30PM-4:45PM ET - Yes 🟢",0,0.340669,0.365,1698.377653,877.532858,0,1698.377653,1.9354006377274593
"Ethereum Up or Down - February 11, 6:00AM-6:15AM ET - Yes 🟢",0,0.786043,0.985,96.095933,353.040732,0,96.095933,0.2721950310254852
"Ethereum Up or Down - February 11, 6:00AM-6:15AM ET - Yes 🟢",0,0.346558,0.015,-147.494512,147.494513,0,-147.494512,-0.9999999932200866
"Bitcoin Up or Down - February 11, 6:00AM-6:15AM ET - No 🔴",0,0.202925,0.065,-501.648211,501.648211,0,-501.648211,-1
"Bitcoin Up or Down - February 4, 5:00PM-5:15PM ET - No 🔴",0,0.80119,0.9995,2091.278922,8427.703638,0,2091.278922,0.24814338660065727
"Bitcoin Up or Down - February 4, 6:00PM-6:15PM ET - Yes 🟢",0,0.716162,0.935,1972.171237,4976.05711,0,1972.171237,0.396332114644882
"Ethereum Up or Down - February 4, 6:00PM-6:15PM ET - Yes 🟢",0,0.500514,0.945,575.818316,577.003417,0,575.818316,0.9979461109499806
"Ethereum Up or Down - February 4, 6:00PM-6:15PM ET - Yes 🟢",0,0.308568,0.055,-178.392173,178.392174,0,-178.392173,-0.9999999943943729
"Ethereum Up or Down - February 8, 6:30AM-6:45AM ET - Yes 🟢",0,0.878847,0.965,86.578024,628.039232,0,86.578024,0.13785448358742022
"Bitcoin Up or Down - February 8, 6:30AM-6:45AM ET - Yes 🟢",0,0.597523,0.765,4775.828237,7090.261595,0,4775.828237,0.6735757451273559
"Bitcoin Up or Down - February 4, 5:45PM-6:00PM ET - Yes 🟢",0,0.710168,0.015,-4355.223207,4355.223208,0,-4355.223207,-0.9999999997703906
"Ethereum Up or Down - February 11, 6:15AM-6:30AM ET - Yes 🟢",0,0.923486,0.9825,47.264907,570.463978,0,47.264907,0.08285344705849244
"Ethereum Up or Down - February 11, 6:30AM-6:45AM ET - Yes 🟢",0,0.220255,0.035,-234.376107,234.376107,0,-234.376107,-1
"Bitcoin Up or Down - February 11, 6:30AM-6:45AM ET - No 🔴",0,0.668523,0.985,1163.953769,2347.462616,0,1163.953769,0.4958348478338451
"Bitcoin Up or Down - February 11, 7:00AM-7:15AM ET - No 🔴",0,0.407971,0.235,-1439.725117,1439.725117,0,-1439.725117,-1
"Bitcoin Up or Down - February 4, 5:30PM-5:45PM ET - Yes 🟢",0,0.408558,0.0005,-1513.876734,1513.876734,0,-1513.876734,-1
"Ethereum Up or Down - February 4, 5:30PM-5:45PM ET - Yes 🟢",0,0.320902,0.0005,-219.680055,219.680055,0,-219.680055,-1
"Ethereum Up or Down - February 8, 6:15AM-6:30AM ET - Yes 🟢",0,0.389703,0.175,470.440906,300.398384,0,470.440906,1.5660567135407757
"Bitcoin Up or Down - February 8, 6:15AM-6:30AM ET - Yes 🟢",0,0.541376,0.295,8833.486138,10427.359649,0,8833.486138,0.8471450525682352
"Ethereum Up or Down - February 8, 6:15AM-6:30AM ET - Yes 🟢",0,0.381325,0.825,-459.205728,459.205729,0,-459.205728,-0.999999997822327
"Ethereum Up or Down - February 4, 5:15PM-5:30PM ET - Yes 🟢",0,0.433007,0.0045,-386.727209,386.727209,0,-386.727209,-1
"Ethereum Up or Down - February 4, 5:00PM-5:15PM ET - Yes 🟢",0,0.180437,0.0015,-61.348815,61.348816,0,-61.348815,-0.999999983699767
"Bitcoin Up or Down - February 4, 5:00PM-5:15PM ET - Yes 🟢",0,0.499191,0.0005,-747.648684,747.648684,0,-747.648684,-1
"Bitcoin Up or Down - February 4, 4:45PM-5:00PM ET - No 🔴",0,0.725833,0.145,-9224.776533,9224.776533,0,-9224.776533,-1
"Bitcoin Up or Down - February 11, 6:30AM-6:45AM ET - Yes 🟢",0,0.395042,0.015,-1080.555437,1080.555438,0,-1080.555437,-0.99999999907455
"Bitcoin Up or Down - February 4, 7:15PM-7:30PM ET - Yes 🟢",0,0.715887,0.9985,1929.863212,4862.727104,0,1929.863212,0.3968685000670768
"Bitcoin Up or Down - February 4, 7:15PM-7:30PM ET - Yes 🟢",0,0.473075,0.0015,-909.814308,909.814308,0,-909.814308,-1
"Ethereum Up or Down - February 4, 7:00PM-7:15PM ET - Yes 🟢",0,0.748981,0.975,100.078995,298.611923,0,100.078995,0.3351473510989045
"Ethereum Up or Down - February 8, 7:15AM-7:30AM ET - Yes 🟢",0,0.75962,0.715,149.318812,471.859375,0,149.318812,0.3164476958839697
"Ethereum Up or Down - February 4, 7:00PM-7:15PM ET - Yes 🟢",0,0.345427,0.025,-406.038742,406.038742,0,-406.038742,-1
"Bitcoin Up or Down - February 4, 7:00PM-7:15PM ET - Yes 🟢",0,0.431239,0.005,-632.805084,632.805085,0,-632.805084,-0.9999999984197345
"Bitcoin Up or Down - February 11, 7:15AM-7:30AM ET - No 🔴",0,0.48973,0.0005,-308.999233,308.999233,0,-308.999233,-1
"Bitcoin Up or Down - February 4, 6:45PM-7:00PM ET - No 🔴",0,0.660173,0.985,2685.038388,5216.153655,0,2685.038388,0.514754465759694
"Ethereum Up or Down - February 4, 6:45PM-7:00PM ET - No 🔴",0,0.907304,0.995,113.104477,1107.061203,0,113.104477,0.10216641744241488
"Ethereum Up or Down - February 4, 6:15PM-6:30PM ET - Yes 🟢",0,0.629398,0.985,192.396869,326.750004,0,192.396869,0.5888197908025121
"Ethereum Up or Down - February 11, 7:00AM-7:15AM ET - Yes 🟢",0,0.326395,0.015,-372.073943,372.073944,0,-372.073943,-0.9999999973123621
"Ethereum Up or Down - February 4, 6:30PM-6:45PM ET - Yes 🟢",0,0.230515,0.105,-280.370171,280.370171,0,-280.370171,-1
"Bitcoin Up or Down - February 4, 6:30PM-6:45PM ET - Yes 🟢",0,0.446421,0.635,6338.275876,5111.356202,0,6338.275876,1.2400379909973647
"Bitcoin Up or Down - February 8, 6:45AM-7:00AM ET - No 🔴",0,0.334987,0.175,-4454.465913,4454.465913,0,-4454.465913,-1
"Ethereum Up or Down - February 8, 6:45AM-7:00AM ET - Yes 🟢",0,0.326687,0.015,-315.724042,315.724042,0,-315.724042,-1
"Ethereum Up or Down - February 8, 6:45AM-7:00AM ET - Yes 🟢",0,0.811195,0.985,243.399044,1045.756669,0,243.399044,0.23274921520008016
"Bitcoin Up or Down - February 11, 6:45AM-7:00AM ET - No 🔴",0,0.389401,0.055,-518.907653,518.907654,0,-518.907653,-0.9999999980728748
"Bitcoin Up or Down - February 11, 6:45AM-7:00AM ET - Yes 🟢",0,0.712944,0.945,1157.163131,2873.977592,0,1157.163131,0.40263470885127206
"Ethereum Up or Down - February 8, 7:00AM-7:15AM ET - Yes 🟢",0,0.410651,0.205,-347.390213,347.390213,0,-347.390213,-1
"Bitcoin Up or Down - February 4, 6:15PM-6:30PM ET - Yes 🟢",0,0.373912,0.015,-952.099839,952.099839,0,-952.099839,-1
"Ethereum Up or Down - February 8, 7:15AM-7:30AM ET - Yes 🟢",0,0.283837,0.285,-108.048458,108.048459,0,-108.048458,-0.9999999907448934
"Ethereum Up or Down - February 11, 8:45AM-9:00AM ET - Yes 🟢",0,0.462478,0.075,-349.135549,349.13555,0,-349.135549,-0.9999999971357829
"Ethereum Up or Down - February 8, 8:30AM-8:45AM ET - Yes 🟢",0,0.184651,0.065,-94.252159,94.252159,0,-94.252159,-1
"Ethereum Up or Down - February 8, 8:30AM-8:45AM ET - Yes 🟢",0,0.891731,0.935,45.153153,371.892844,0,45.153153,0.12141441742826328
"Bitcoin Up or Down - February 8, 8:15AM-8:30AM ET - Yes 🟢",0,0.764096,0.935,2316.725022,7503.901259,0,2316.725022,0.3087360750144967
"Ethereum Up or Down - February 8, 8:15AM-8:30AM ET - Yes 🟢",0,0.750013,0.895,105.345771,316.059228,0,105.345771,0.33331022057675846
"Ethereum Up or Down - February 8, 8:15AM-8:30AM ET - Yes 🟢",0,0.224099,0.105,-143.896693,143.896694,0,-143.896693,-0.9999999930505701
"Ethereum Up or Down - February 11, 8:15AM-8:30AM ET - Yes 🟢",0,0.546836,0.685,342.678373,413.512263,0,342.678373,0.8287018394905498
"Bitcoin Up or Down - February 11, 8:30AM-8:45AM ET - Yes 🟢",0,0.807161,0.945,617.088018,2582.928672,0,617.088018,0.23891020479562047
"Ethereum Up or Down - February 11, 8:30AM-8:45AM ET - Yes 🟢",0,0.214919,0.035,-694.22574,694.22574,0,-694.22574,-1
"Ethereum Up or Down - February 4, 5:45PM-6:00PM ET - Yes 🟢",0,0.593618,0.025,-846.07786,846.077861,0,-846.07786,-0.9999999988180757
"Bitcoin Up or Down - February 8, 8:00AM-8:15AM ET - Yes 🟢",0,0.190844,0.105,-1293.3228,1293.322801,0,-1293.3228,-0.9999999992267977
"Bitcoin Up or Down - February 8, 7:45AM-8:00AM ET - Yes 🟢",0,0.799596,0.985,2997.590597,11960.147758,0,2997.590597,0.2506315689114248
"Ethereum Up or Down - February 8, 7:45AM-8:00AM ET - Yes 🟢",0,0.300475,0.245,1468.777187,630.900719,0,1468.777187,2.3280638978000594
"Ethereum Up or Down - February 4, 9:45PM-10:00PM ET - Yes 🟢",0,0.446101,0.0015,-64.193271,64.193271,0,-64.193271,-1
"Ethereum Up or Down - February 4, 9:15PM-9:30PM ET - No 🔴",0,0.294662,0.175,-512.799718,512.799718,0,-512.799718,-1
"Bitcoin Up or Down - February 4, 9:00PM-9:15PM ET - Yes 🟢",0,0.327054,0.035,-3708.019636,3708.019637,0,-3708.019636,-0.9999999997303142
"Ethereum Up or Down - February 4, 9:00PM-9:15PM ET - Yes 🟢",0,0.92806,0.995,67.586164,871.893458,0,67.586164,0.07751653987063176
"Ethereum Up or Down - February 4, 8:45PM-9:00PM ET - Yes 🟢",0,0.225026,0.025,-176.1752,176.1752,0,-176.1752,-1
"Ethereum Up or Down - February 4, 8:45PM-9:00PM ET - Yes 🟢",0,0.67246,0.975,236.318339,485.176256,0,236.318339,0.4870772962970389
"Bitcoin Up or Down - February 8, 8:00AM-8:15AM ET - No 🔴",0,0.754447,0.895,2487.471119,7642.607191,0,2487.471119,0.32547415519788425
"Bitcoin Up or Down - February 8, 10:15AM-10:30AM ET - Yes 🟢",0,0.421987,0.015,-1320.682163,1320.682164,0,-1320.682163,-0.9999999992428156
"Ethereum Up or Down - February 8, 10:15AM-10:30AM ET - Yes 🟢",0,0.182608,0.0105,-114.293874,114.293874,0,-114.293874,-1
"Bitcoin Up or Down - February 11, 9:30AM-9:45AM ET - Yes 🟢",0,0.502086,0.015,-749.49178,749.49178,0,-749.49178,-1
"Ethereum Up or Down - February 11, 9:30AM-9:45AM ET - No 🔴",0,0.490427,0.965,426.447271,410.424524,0,426.447271,1.0390394483347198
"Ethereum Up or Down - February 8, 10:00AM-10:15AM ET - Yes 🟢",0,0.370986,0.72,351.305736,207.196517,0,351.305736,1.6955195052820315
"Bitcoin Up or Down - February 8, 10:00AM-10:15AM ET - Yes 🟢",0,0.668464,0.935,3610.453492,7279.626296,0,3610.453492,0.4959668731874145
"Ethereum Up or Down - February 8, 10:00AM-10:15AM ET - Yes 🟢",0,0.586626,0.28,-1377.139624,1377.139624,0,-1377.139624,-1
"Ethereum Up or Down - February 11, 9:15AM-9:30AM ET - No 🔴",0,0.878022,0.9985,72.116675,519.11023,0,72.116675,0.13892362514219764
"Ethereum Up or Down - February 11, 9:15AM-9:30AM ET - Yes 🟢",0,0.113397,0.0015,-70.734756,70.734757,0,-70.734756,-0.9999999858626787
"Ethereum Up or Down - February 11, 8:45AM-9:00AM ET - Yes 🟢",0,0.819692,0.925,302.134672,1373.524048,0,302.134672,0.21997042748537304
"Bitcoin Up or Down - February 8, 9:30AM-9:45AM ET - No 🔴",0,0.55573,0.295,5794.963683,7248.824291,0,5794.963683,0.7994349773652142
"Ethereum Up or Down - February 8, 9:30AM-9:45AM ET - Yes 🟢",0,0.474442,0.165,-312.317391,312.317391,0,-312.317391,-1
"Bitcoin Up or Down - February 11, 9:00AM-9:15AM ET - Yes 🟢",0,0.676354,0.9995,1007.980772,2106.473824,0,1007.980772,0.47851568840572495
"Ethereum Up or Down - February 11, 9:00AM-9:15AM ET - No 🔴",0,0.295318,0.0005,-155.33605,155.336051,0,-155.33605,-0.9999999935623444
"Bitcoin Up or Down - February 8, 9:15AM-9:30AM ET - Yes 🟢",0,0.312769,0.085,-3506.899743,3506.899743,0,-3506.899743,-1
"Ethereum Up or Down - February 8, 9:15AM-9:30AM ET - Yes 🟢",0,0.357647,0.36,-758.057421,758.057422,0,-758.057421,-0.9999999986808388
"Bitcoin Up or Down - February 8, 9:00AM-9:15AM ET - Yes 🟢",0,0.67867,0.705,3707.541823,7830.571093,0,3707.541823,0.47347016954028953
"Bitcoin Up or Down - February 8, 9:00AM-9:15AM ET - Yes 🟢",0,0.160125,0.295,-3380.970611,3380.970612,0,-3380.970611,-0.9999999997042269
"Ethereum Up or Down - February 8, 8:45AM-9:00AM ET - Yes 🟢",0,0.305619,0.055,-171.76166,171.761661,0,-171.76166,-0.9999999941779791
"Bitcoin Up or Down - February 8, 8:45AM-9:00AM ET - Yes 🟢",0,0.221511,0.005,-2723.000352,2723.000352,0,-2723.000352,-1
"Ethereum Up or Down - February 8, 9:45AM-10:00AM ET - Yes 🟢",0,0.821715,0.595,166.449978,767.167422,0,166.449978,0.21696695301016053
"Bitcoin Up or Down - February 8, 7:15AM-7:30AM ET - No 🔴",0,0.526283,0.225,-3840.563332,3840.563332,0,-3840.563332,-1
"Bitcoin Up or Down - February 4, 7:00PM-7:15PM ET - No 🔴",0,0.680036,0.995,3240.458402,6887.113457,0,3240.458402,0.4705103846817606
"Bitcoin Up or Down - February 11, 7:00AM-7:15AM ET - Yes 🟢",0,0.634351,0.765,431.85313,749.20611,0,431.85313,0.5764143194187245
"Ethereum Up or Down - February 4, 6:45PM-7:00PM ET - Yes 🟢",0,0.179061,0.005,-348.216245,348.216245,0,-348.216245,-1
"Bitcoin Up or Down - February 4, 6:45PM-7:00PM ET - Yes 🟢",0,0.486358,0.015,-3712.495501,3712.495501,0,-3712.495501,-1
"Bitcoin Up or Down - February 8, 7:00AM-7:15AM ET - Yes 🟢",0,0.426963,0.185,-6472.391569,6472.39157,0,-6472.391569,-0.9999999998454977
"Bitcoin Up or Down - February 4, 6:30PM-6:45PM ET - No 🔴",0,0.592541,0.365,-6195.584366,6195.584366,0,-6195.584366,-1
"Ethereum Up or Down - February 4, 6:30PM-6:45PM ET - Yes 🟢",0,0.593521,0.895,998.807043,1458.409796,0,998.807043,0.6848603497723628
"Bitcoin Up or Down - February 8, 6:45AM-7:00AM ET - Yes 🟢",0,0.581686,0.825,1381.071957,1920.447852,0,1381.071957,0.7191405669056408
"Bitcoin Up or Down - February 11, 8:00AM-8:15AM ET - Yes 🟢",0,0.420407,0.015,-1085.567443,1085.567443,0,-1085.567443,-1
"Ethereum Up or Down - February 11, 6:45AM-7:00AM ET - Yes 🟢",0,0.879898,0.975,71.68149,525.156954,0,71.68149,0.13649536477431848
"Ethereum Up or Down - February 11, 6:45AM-7:00AM ET - Yes 🟢",0,0.313119,0.025,-136.06133,136.061331,0,-136.06133,-0.9999999926503732
"Ethereum Up or Down - February 4, 6:15PM-6:30PM ET - No 🔴",0,0.116436,0.015,-91.792316,91.792317,0,-91.792316,-0.9999999891058421
"Bitcoin Up or Down - February 4, 6:15PM-6:30PM ET - Yes 🟢",0,0.78376,0.985,1355.970303,4914.702576,0,1355.970303,0.27590078586273337
"Bitcoin Up or Down - February 4, 6:00PM-6:15PM ET - No 🔴",0,0.44671,0.065,-2333.216637,2333.216638,0,-2333.216637,-0.9999999995714072
"Bitcoin Up or Down - February 4, 5:45PM-6:00PM ET - No 🔴",0,0.59926,0.985,3559.788511,5323.249148,0,3559.788511,0.6687247603913956
"Ethereum Up or Down - February 8, 6:30AM-6:45AM ET - Yes 🟢",0,0.326324,0.035,-44.357182,44.357183,0,-44.357182,-0.9999999774557371
"Bitcoin Up or Down - February 8, 6:30AM-6:45AM ET - No 🔴",0,0.16072,0.235,-2217.384128,2217.384128,0,-2217.384128,-1
"Ethereum Up or Down - February 4, 5:45PM-6:00PM ET - No 🔴",0,0.911176,0.975,47.588346,488.171654,0,47.588346,0.09748281287958599
"Bitcoin Up or Down - February 8, 7:00AM-7:15AM ET - No 🔴",0,0.849344,0.815,472.220342,2662.207377,0,472.220342,0.1773792477925359
"Ethereum Up or Down - February 11, 8:00AM-8:15AM ET - Yes 🟢",0,0.237271,0.015,-433.421286,433.421286,0,-433.421286,-1
"Ethereum Up or Down - February 11, 7:45AM-8:00AM ET - Yes 🟢",0,0.261161,0.035,-286.594796,286.594796,0,-286.594796,-1
"Bitcoin Up or Down - February 11, 7:45AM-8:00AM ET - Yes 🟢",0,0.561005,0.945,1301.539566,1663.276813,0,1301.539566,0.7825153070296544
"Bitcoin Up or Down - February 4, 8:30PM-8:45PM ET - Yes 🟢",0,0.480327,0.015,-2165.359027,2165.359027,0,-2165.359027,-1
"Ethereum Up or Down - February 4, 8:30PM-8:45PM ET - Yes 🟢",0,0.384746,0.0015,-569.359412,569.359412,0,-569.359412,-1
"Bitcoin Up or Down - February 4, 8:15PM-8:30PM ET - Yes 🟢",0,0.057944,0.0075,-462.866706,462.866707,0,-462.866706,-0.9999999978395508
"Ethereum Up or Down - February 4, 8:15PM-8:30PM ET - Yes 🟢",0,0.770904,0.994,358.752929,1207.197281,0,358.752929,0.29717837725978113
"Bitcoin Up or Down - February 11, 7:30AM-7:45AM ET - No 🔴",0,0.683135,0.9995,1012.642241,2183.173773,0,1012.642241,0.4638395044515772
"Ethereum Up or Down - February 11, 7:30AM-7:45AM ET - Yes 🟢",0,0.31936,0.0005,-189.420535,189.420535,0,-189.420535,-1
"Bitcoin Up or Down - February 8, 7:15AM-7:30AM ET - Yes 🟢",0,0.536997,0.775,5891.306966,6832.815699,0,5891.306966,0.8622077962474838
"Ethereum Up or Down - February 4, 8:00PM-8:15PM ET - No 🔴",0,0.381027,0.065,-143.540705,143.540706,0,-143.540705,-0.9999999930333351
"Ethereum Up or Down - February 4, 7:45PM-8:00PM ET - Yes 🟢",0,0.126223,0.005,-28.833733,28.833733,0,-28.833733,-1
"Ethereum Up or Down - February 4, 7:45PM-8:00PM ET - No 🔴",0,0.554878,0.995,214.091917,266.881653,0,214.091917,0.802197957759202
"Ethereum Up or Down - February 8, 7:30AM-7:45AM ET - Yes 🟢",0,0.141655,0.485,-159.947308,159.947308,0,-159.947308,-1
"Ethereum Up or Down - February 8, 7:30AM-7:45AM ET - Yes 🟢",0,0.454055,0.515,529.502811,440.380256,0,529.502811,1.2023763640302711
"Ethereum Up or Down - February 11, 7:15AM-7:30AM ET - Yes 🟢",0,0.754107,0.975,208.58456,639.689122,0,208.58456,0.3260717633400682
"Bitcoin Up or Down - February 11, 7:15AM-7:30AM ET - Yes 🟢",0,0.65427,0.9995,1277.061495,2416.750136,0,1277.061495,0.5284209881596134
"Ethereum Up or Down - February 11, 7:00AM-7:15AM ET - Yes 🟢",0,0.961084,0.985,39.317634,971.002915,0,39.317634,0.04049177751438573
"Ethereum Up or Down - February 4, 7:15PM-7:30PM ET - No 🔴",0,0.39,0.0015,-15.2646,15.2646,0,-15.2646,-1
"Ethereum Up or Down - February 4, 7:15PM-7:30PM ET - Yes 🟢",0,0.750025,0.9985,442.181318,1326.720845,0,442.181318,0.33328889017342594
"Bitcoin Up or Down - February 4, 8:00PM-8:15PM ET - Yes 🟢",0,0.723875,0.9975,1644.676116,4311.597732,0,1644.676116,0.3814539802248881
"Ethereum Up or Down - February 11, 6:45PM-7:00PM ET - Yes 🟢",0,0.703165,0.665,1518.627523,3597.43872,0,1518.627523,0.4221413180875532
"Ethereum Up or Down - February 11, 6:30PM-6:45PM ET - Yes 🟢",0,0.353721,0.02,-317.288317,317.288318,0,-317.288317,-0.9999999968482924
"Bitcoin Up or Down - February 11, 6:30PM-6:45PM ET - No 🔴",0,0.689358,0.165,-3173.096801,3173.096802,0,-3173.096801,-0.9999999996848505
"Ethereum Up or Down - February 11, 6:15PM-6:30PM ET - No 🔴",0,0.867781,0.996,286.281854,1878.927797,0,286.281854,0.15236447853775617
"Ethereum Up or Down - February 11, 6:15PM-6:30PM ET - Yes 🟢",0,0.205008,0.004,-421.411485,421.411485,0,-421.411485,-1
"Ethereum Up or Down - February 11, 6:00PM-6:15PM ET - Yes 🟢",0,0.444914,0.775,-703.294355,703.294355,0,-703.294355,-1
"Bitcoin Up or Down - February 11, 6:00PM-6:15PM ET - Yes 🟢",0,0.453434,0.695,-2672.61145,2672.61145,0,-2672.61145,-1
"Ethereum Up or Down - February 11, 5:30PM-5:45PM ET - Yes 🟢",0,0.422979,0.735,-1126.405065,1126.405066,0,-1126.405065,-0.9999999991122198
"Ethereum Up or Down - February 11, 5:30PM-5:45PM ET - Yes 🟢",0,0.686421,0.265,92.209241,201.84502,0,92.209241,0.4568318851760623
"Ethereum Up or Down - February 4, 4:45PM-5:00PM ET - No 🔴",0,0.4719,0.345,-2470.345489,2470.345489,0,-2470.345489,-1
"Ethereum Up or Down - February 11, 5:15PM-5:30PM ET - Yes 🟢",0,0.2686,0.015,-510.174516,510.174516,0,-510.174516,-1
"Bitcoin Up or Down - February 11, 5:15PM-5:30PM ET - Yes 🟢",0,0.254735,0.0015,-921.904335,921.904336,0,-921.904335,-0.9999999989152887
"Bitcoin Up or Down - February 9, 1:00AM-1:15AM ET - No 🔴",0,0.809652,0.985,1562.029746,6644.14918,0,1562.029746,0.23509853612287493
"Bitcoin Up or Down - February 9, 1:00AM-1:15AM ET - Yes 🟢",0,0.213416,0.015,-394.480729,394.48073,0,-394.480729,-0.9999999974650219
"Bitcoin Up or Down - February 9, 12:45AM-1:00AM ET - No 🔴",0,0.674621,0.735,-7184.146842,7184.146842,0,-7184.146842,-1
"Ethereum Up or Down - February 9, 12:45AM-1:00AM ET - No 🔴",0,0.285342,0.055,-422.523939,422.52394,0,-422.523939,-0.9999999976332703
"Ethereum Up or Down - February 9, 12:45AM-1:00AM ET - Yes 🟢",0,0.251835,0.945,403.363164,135.773476,0,403.363164,2.970853924370324
"Ethereum Up or Down - February 9, 12:30AM-12:45AM ET - Yes 🟢",0,0.292316,0.165,-574.720864,574.720865,0,-574.720864,-0.999999998260025
"Ethereum Up or Down - February 9, 12:15AM-12:30AM ET - Yes 🟢",0,0.256448,0.045,-25.101313,25.101313,0,-25.101313,-1
"Bitcoin Up or Down - February 11, 5:45PM-6:00PM ET - No 🔴",0,0.694336,0.995,1455.175327,3305.527037,0,1455.175327,0.44022490535145486
"Bitcoin Up or Down - February 11, 4:30PM-4:45PM ET - No 🔴",0,0.525462,0.325,2904.348282,3216.02202,0,2904.348282,0.9030871878172029
"Bitcoin Up or Down - February 11, 4:45PM-5:00PM ET - Yes 🟢",0,0.602135,0.985,768.170359,1162.560817,0,768.170359,0.6607571386951363
"Bitcoin Up or Down - February 11, 4:45PM-5:00PM ET - Yes 🟢",0,0.324619,0.015,-945.827744,945.827744,0,-945.827744,-1
"Bitcoin Up or Down - February 11, 4:30PM-4:45PM ET - Yes 🟢",0,0.32929,0.675,-1095.281531,1095.281531,0,-1095.281531,-1
"Bitcoin Up or Down - February 8, 9:15PM-9:30PM ET - Yes 🟢",0,0.627835,0.785,1148.750875,1937.920025,0,1148.750875,0.5927751714109049
"Ethereum Up or Down - February 8, 9:30PM-9:45PM ET - Yes 🟢",0,0.674382,0.955,249.379672,516.486074,0,249.379672,0.4828391016792449
"Ethereum Up or Down - February 8, 9:15PM-9:30PM ET - Yes 🟢",0,0.22869,0.265,-228.773646,228.773646,0,-228.773646,-1
"Ethereum Up or Down - February 8, 9:15PM-9:30PM ET - Yes 🟢",0,0.591308,0.735,118.982821,172.147961,0,118.982821,0.6911660196776888
"Ethereum Up or Down - February 11, 8:45PM-9:00PM ET - Yes 🟢",0,0.332443,0.015,-82.328529,82.328529,0,-82.328529,-1
"Bitcoin Up or Down - February 11, 7:00PM-7:15PM ET - Yes 🟢",0,0.723247,0.975,1534.512537,4010.188108,0,1534.512537,0.3826535054399997
"Bitcoin Up or Down - February 11, 8:15PM-8:30PM ET - No 🔴",0,0.394658,0.015,-2453.701747,2453.701747,0,-2453.701747,-1
"Bitcoin Up or Down - February 11, 8:30PM-8:45PM ET - No 🔴",0,0.262637,0.125,-1278.372686,1278.372687,0,-1278.372686,-0.9999999992177554
"Ethereum Up or Down - February 11, 8:15PM-8:30PM ET - Yes 🟢",0,0.343113,0.935,1218.426467,636.422947,0,1218.426467,1.9144917271501212
"Ethereum Up or Down - February 11, 8:00PM-8:15PM ET - Yes 🟢",0,0.685805,0.997,275.142077,600.562748,0,275.142077,0.45814043231332746
"Bitcoin Up or Down - February 11, 7:45PM-8:00PM ET - No 🔴",0,0.62857,0.865,1023.65969,1732.336569,0,1023.65969,0.590912706178634
"Ethereum Up or Down - February 11, 7:45PM-8:00PM ET - Yes 🟢",0,0.31523,0.455,1248.983965,574.962711,0,1248.983965,2.1722868998368834
"Bitcoin Up or Down - February 11, 7:30PM-7:45PM ET - No 🔴",0,0.424999,0.025,-84.9998,84.9998,0,-84.9998,-1
"Ethereum Up or Down - February 11, 7:30PM-7:45PM ET - Yes 🟢",0,0.870124,0.9995,73.188691,490.338764,0,73.188691,0.14926148282251656
"Bitcoin Up or Down - February 11, 7:15PM-7:30PM ET - Yes 🟢",0,0.629775,0.425,1492.947797,2539.594029,0,1492.947797,0.5878686829279831
"Ethereum Up or Down - February 11, 7:00PM-7:15PM ET - Yes 🟢",0,0.29,0.0015,-7.646399,7.6464,0,-7.646399,-0.999999869219502
"Bitcoin Up or Down - February 11, 8:30PM-8:45PM ET - Yes 🟢",0,0.658516,0.875,1084.818047,2091.957577,0,1084.818047,0.518565987631402
"Bitcoin Up or Down - February 8, 10:00PM-10:15PM ET - Yes 🟢",0,0.821314,0.895,948.469555,4359.554329,0,948.469555,0.21756112745074133
"Bitcoin Up or Down - February 8, 10:00PM-10:15PM ET - No 🔴",0,0.351244,0.105,-2037.986429,2037.98643,0,-2037.986429,-0.9999999995093196
"Ethereum Up or Down - February 8, 10:00PM-10:15PM ET - No 🔴",0,0.289273,0.275,-217.748015,217.748015,0,-217.748015,-1
"Ethereum Up or Down - February 8, 9:45PM-10:00PM ET - Yes 🟢",0,0.559234,0.955,47.525391,60.299149,0,47.525391,0.7881602276012221
"Ethereum Up or Down - February 8, 9:45PM-10:00PM ET - Yes 🟢",0,0.46,0.045,-27.6,27.6,0,-27.6,-1
"Ethereum Up or Down - February 11, 4:45PM-5:00PM ET - Yes 🟢",0,0.434871,0.935,293.22983,225.642552,0,293.22983,1.29953250129878
"Ethereum Up or Down - February 11, 4:30PM-4:45PM ET - Yes 🟢",0,0.459298,0.085,1149.793709,976.689473,0,1149.793709,1.177235693416755
"Ethereum Up or Down - February 11, 4:30PM-4:45PM ET - Yes 🟢",0,0.693382,0.915,-3588.660816,3588.660816,0,-3588.660816,-1
"Ethereum Up or Down - February 11, 4:45PM-5:00PM ET - Yes 🟢",0,0.268073,0.065,-841.770372,841.770373,0,-841.770372,-0.9999999988120277
"Bitcoin Up or Down - February 9, 12:15AM-12:30AM ET - Yes 🟢",0,0.693417,0.905,2505.925539,5667.800791,0,2505.925539,0.4421336654914201
"Bitcoin Up or Down - February 8, 9:30PM-9:45PM ET - No 🔴",0,0.293472,0.005,-3020.863445,3020.863445,0,-3020.863445,-1
"Bitcoin Up or Down - February 8, 9:15PM-9:30PM ET - No 🔴",0,0.198315,0.215,-2768.03931,2768.03931,0,-2768.03931,-1
"Ethereum Up or Down - February 11, 4:15PM-4:30PM ET - Yes 🟢",0,0.307131,0.015,-394.564775,394.564775,0,-394.564775,-1
"Bitcoin Up or Down - February 8, 9:00PM-9:15PM ET - Yes 🟢",0,0.44398,0.685,-3926.962436,3926.962437,0,-3926.962436,-0.9999999997453501
"Bitcoin Up or Down - February 8, 9:00PM-9:15PM ET - No 🔴",0,0.377151,0.315,10371.223903,6280.041337,0,10371.223903,1.651457903930673
"Ethereum Up or Down - February 8, 8:45PM-9:00PM ET - No 🔴",0,0.440015,0.065,-684.840501,684.840501,0,-684.840501,-1
"Bitcoin Up or Down - February 8, 8:45PM-9:00PM ET - Yes 🟢",0,0.432409,0.975,4910.988702,3741.34846,0,4910.988702,1.3126253153121157
"Bitcoin Up or Down - February 11, 4:15PM-4:30PM ET - Yes 🟢",0,0.474226,0.985,665.934238,600.644631,0,665.934238,1.1086992268478297
"Ethereum Up or Down - February 8, 8:30PM-8:45PM ET - No 🔴",0,0.846209,0.9995,158.957224,874.635276,0,158.957224,0.18174115355484474
"Ethereum Up or Down - February 8, 9:30PM-9:45PM ET - No 🔴",0,0.434551,0.045,-19.093239,19.093239,0,-19.093239,-1
"Bitcoin Up or Down - February 9, 12:00AM-12:15AM ET - Yes 🟢",0,0.234438,0.055,-1801.718771,1801.718771,0,-1801.718771,-1
"Bitcoin Up or Down - February 9, 12:00AM-12:15AM ET - Yes 🟢",0,0.743136,0.945,2771.748568,8018.975583,0,2771.748568,0.345648710276164
"Bitcoin Up or Down - February 8, 11:45PM-12:00AM ET - No 🔴",0,0.44696,0.555,4395.971538,3552.769129,0,4395.971538,1.237336674121951
"Ethereum Up or Down - February 8, 11:45PM-12:00AM ET - Yes 🟢",0,0.347989,0.325,1731.943788,924.3669,0,1731.943788,1.8736540523032577
"Bitcoin Up or Down - February 8, 11:45PM-12:00AM ET - Yes 🟢",0,0.42257,0.445,-4920.044615,4920.044616,0,-4920.044615,-0.9999999997967497
"Ethereum Up or Down - February 9, 12:00AM-12:15AM ET - Yes 🟢",0,0.225605,0.035,-267.684774,267.684775,0,-267.684774,-0.9999999962642627
"Ethereum Up or Down - February 8, 11:30PM-11:45PM ET - Yes 🟢",0,0.264647,0.011,-133.918046,133.918047,0,-133.918046,-0.9999999925327465
"Bitcoin Up or Down - February 8, 11:30PM-11:45PM ET - Yes 🟢",0,0.330486,0.0065,-377.477195,377.477195,0,-377.477195,-1
"Ethereum Up or Down - February 8, 11:15PM-11:30PM ET - No 🔴",0,0.456848,0.025,-119.277322,119.277322,0,-119.277322,-1
"Ethereum Up or Down - February 8, 10:15PM-10:30PM ET - Yes 🟢",0,0.713264,0.935,415.530005,1033.642772,0,415.530005,0.402005428041633
"Bitcoin Up or Down - February 8, 11:00PM-11:15PM ET - No 🔴",0,0.808857,0.995,1169.378057,4948.439793,0,1169.378057,0.23631247542997033
"Ethereum Up or Down - February 8, 10:45PM-11:00PM ET - Yes 🟢",0,0.615327,0.865,513.11137,820.778376,0,513.11137,0.6251521543496413
"Bitcoin Up or Down - February 8, 10:45PM-11:00PM ET - No 🔴",0,0.211403,0.015,-3729.774152,3729.774153,0,-3729.774152,-0.9999999997318872
"Ethereum Up or Down - February 8, 11:00PM-11:15PM ET - No 🔴",0,0.55325,0.985,89.24278,110.51722,0,89.24278,0.807501129688206
"Bitcoin Up or Down - February 11, 5:00PM-5:15PM ET - Yes 🟢",0,0.472322,0.525,-2553.849573,2553.849574,0,-2553.849573,-0.9999999996084344
"Ethereum Up or Down - February 11, 5:00PM-5:15PM ET - Yes 🟢",0,0.675255,0.635,450.867515,937.506487,0,450.867515,0.4809220216094356
"Bitcoin Up or Down - February 8, 10:30PM-10:45PM ET - No 🔴",0,0.257012,0.035,-2026.158797,2026.158797,0,-2026.158797,-1
"Ethereum Up or Down - February 8, 10:30PM-10:45PM ET - Yes 🟢",0,0.250286,0.045,-167.255758,167.255759,0,-167.255758,-0.9999999940211325
"Bitcoin Up or Down - February 11, 5:15PM-5:30PM ET - Yes 🟢",0,0.5346,0.9985,1301.921632,1495.503448,0,1301.921632,0.8705574258227989
"Bitcoin Up or Down - February 8, 10:15PM-10:30PM ET - No 🔴",0,0.386699,0.145,-4945.468602,4945.468603,0,-4945.468602,-0.9999999997977946
"Ethereum Up or Down - February 8, 11:00PM-11:15PM ET - Yes 🟢",0,0.208367,0.015,-123.739013,123.739014,0,-123.739013,-0.9999999919184746
"Ethereum Up or Down - February 11, 9:15PM-9:30PM ET - No 🔴",0,0.253486,0.055,-352.93021,352.930211,0,-352.93021,-0.9999999971665787
"Bitcoin Up or Down - February 11, 9:00PM-9:15PM ET - Yes 🟢",0,0.61477,0.985,2127.013067,3394.397693,0,2127.013067,0.6266245912747266
"Ethereum Up or Down - February 11, 9:00PM-9:15PM ET - Yes 🟢",0,0.595044,0.365,361.927301,531.817455,0,361.927301,0.6805479917916571
"Bitcoin Up or Down - February 11, 8:45PM-9:00PM ET - No 🔴",0,0.743602,0.994,762.977273,2212.776334,0,762.977273,0.34480541990467617
"Ethereum Up or Down - February 11, 8:30PM-8:45PM ET - Yes 🟢",0,0.701397,0.865,84.110493,197.569507,0,84.110493,0.4257260863641271
"Ethereum Up or Down - February 11, 8:15PM-8:30PM ET - No 🔴",0,0.315245,0.065,-768.387582,768.387583,0,-768.387582,-0.9999999986985735
"Ethereum Up or Down - February 11, 8:30PM-8:45PM ET - Yes 🟢",0,0.269729,0.135,-309.511521,309.511522,0,-309.511521,-0.9999999967691025
"Bitcoin Up or Down - February 11, 8:15PM-8:30PM ET - Yes 🟢",0,0.327067,0.985,3994.576019,1941.491939,0,3994.576019,2.057477519611788
"Bitcoin Up or Down - February 11, 8:00PM-8:15PM ET - Yes 🟢",0,0.685195,0.9995,872.280907,1898.580125,0,872.280907,0.4594385538508679
"Bitcoin Up or Down - February 8, 9:45PM-10:00PM ET - Yes 🟢",0,0.25407,0.025,-482.975073,482.975074,0,-482.975073,-0.9999999979294998
"Bitcoin Up or Down - February 11, 8:00PM-8:15PM ET - No 🔴",0,0.274153,0.0005,-1225.824953,1225.824953,0,-1225.824953,-1
"Bitcoin Up or Down - February 11, 7:45PM-8:00PM ET - Yes 🟢",0,0.405026,0.135,-1488.699932,1488.699932,0,-1488.699932,-1
"Ethereum Up or Down - February 11, 7:45PM-8:00PM ET - Yes 🟢",0,0.526276,0.545,-1699.879765,1699.879766,0,-1699.879765,-0.999999999411723
"Ethereum Up or Down - February 11, 7:30PM-7:45PM ET - No 🔴",0,0.446833,0.0005,-32.74392,32.743921,0,-32.74392,-0.9999999694599802
"Bitcoin Up or Down - February 11, 7:30PM-7:45PM ET - Yes 🟢",0,0.590185,0.975,920.277751,1325.315385,0,920.277751,0.6943839643120115
"Bitcoin Up or Down - February 11, 7:15PM-7:30PM ET - No 🔴",0,0.506469,0.575,-1725.28017,1725.28017,0,-1725.28017,-1
"Ethereum Up or Down - February 11, 7:15PM-7:30PM ET - Yes 🟢",0,0.291851,0.055,-527.362693,527.362693,0,-527.362693,-1
"Ethereum Up or Down - February 11, 7:15PM-7:30PM ET - Yes 🟢",0,0.641065,0.945,751.924966,1342.952843,0,751.924966,0.5599042214470371
"Bitcoin Up or Down - February 11, 7:00PM-7:15PM ET - No 🔴",0,0.408282,0.025,-1208.791893,1208.791894,0,-1208.791893,-0.9999999991727279
"Ethereum Up or Down - February 11, 8:00PM-8:15PM ET - Yes 🟢",0,0.282926,0.003,-7.457124,7.457124,0,-7.457124,-1
"Ethereum Up or Down - February 12, 12:15AM-12:30AM ET - Yes 🟢",0,0.473517,0.965,598.252133,538.065912,0,598.252133,1.1118565953681896
"Ethereum Up or Down - February 12, 12:00AM-12:15AM ET - No 🔴",0,0.724231,0.885,989.047263,2597.459064,0,989.047263,0.38077491834535415
"Bitcoin Up or Down - February 11, 11:45PM-12:00AM ET - Yes 🟢",0,0.706179,0.996,979.495238,2354.150888,0,979.495238,0.41607156235943016
"Ethereum Up or Down - February 11, 11:30PM-11:45PM ET - Yes 🟢",0,0.32515,0.002,-263.132691,263.132692,0,-263.132691,-0.999999996199636
"Ethereum Up or Down - February 11, 11:15PM-11:30PM ET - Yes 🟢",0,0.888034,0.9995,108.668694,861.882138,0,108.668694,0.12608300973978415
"Bitcoin Up or Down - February 11, 11:15PM-11:30PM ET - No 🔴",0,0.856998,0.9995,439.130534,2631.669415,0,439.130534,0.1668638665240558
"Bitcoin Up or Down - February 11, 11:00PM-11:15PM ET - Yes 🟢",0,0.487686,0.735,-2359.873013,2359.873014,0,-2359.873013,-0.9999999995762484
"Ethereum Up or Down - February 11, 11:00PM-11:15PM ET - Yes 🟢",0,0.253595,0.025,-316.243942,316.243942,0,-316.243942,-1
"Ethereum Up or Down - February 11, 11:00PM-11:15PM ET - Yes 🟢",0,0.562565,0.975,90.99515,117.024671,0,90.99515,0.7775723633523396
"Ethereum Up or Down - February 11, 9:30PM-9:45PM ET - Yes 🟢",0,0.14346,0.015,-36.097882,36.097882,0,-36.097882,-1
"Ethereum Up or Down - February 11, 10:30PM-10:45PM ET - Yes 🟢",0,0.523631,0.9985,47.486431,52.197703,0,47.486431,0.9097417754187382
"Bitcoin Up or Down - February 11, 10:30PM-10:45PM ET - Yes 🟢",0,0.619686,0.995,1188.394673,1936.377682,0,1188.394673,0.6137204968054367
"Ethereum Up or Down - February 11, 10:15PM-10:30PM ET - Yes 🟢",0,0.13563,0.225,-232.572995,232.572995,0,-232.572995,-1
"Bitcoin Up or Down - February 11, 10:15PM-10:30PM ET - Yes 🟢",0,0.577089,0.985,1520.552183,2074.890318,0,1520.552183,0.7328349695446407
"Ethereum Up or Down - February 11, 10:15PM-10:30PM ET - Yes 🟢",0,0.750781,0.775,277.363656,835.567767,0,277.363656,0.33194633272635554
"Ethereum Up or Down - February 11, 10:00PM-10:15PM ET - No 🔴",0,0.02,0.0055,-1.2,1.2,0,-1.2,-1
"Bitcoin Up or Down - February 11, 10:00PM-10:15PM ET - Yes 🟢",0,0.370596,0.045,-1127.440354,1127.440354,0,-1127.440354,-1
"Bitcoin Up or Down - February 11, 9:45PM-10:00PM ET - No 🔴",0,0.61294,0.9985,545.797233,864.312913,0,545.797233,0.6314810582958397
"Ethereum Up or Down - February 11, 9:45PM-10:00PM ET - Yes 🟢",0,0.682944,0.9955,186.518965,401.765014,0,186.518965,0.4642488979889125
"Bitcoin Up or Down - February 11, 9:30PM-9:45PM ET - Yes 🟢",0,0.418996,0.006,-418.984014,418.984015,0,-418.984014,-0.9999999976132741
"Bitcoin Up or Down - February 11, 10:45PM-11:00PM ET - Yes 🟢",0,0.488721,0.145,-1081.251459,1081.251459,0,-1081.251459,-1
"Ethereum Up or Down - February 9, 12:15AM-12:30AM ET - Yes 🟢",0,0.508036,0.955,133.231058,137.583592,0,133.231058,0.9683644398526823
"Ethereum Up or Down - February 9, 12:00AM-12:15AM ET - Yes 🟢",0,0.960648,0.965,36.066108,880.433892,0,36.066108,0.04096401595589644
"Ethereum Up or Down - February 8, 11:45PM-12:00AM ET - Yes 🟢",0,0.29783,0.675,-792.089481,792.089481,0,-792.089481,-1
"Bitcoin Up or Down - February 8, 11:30PM-11:45PM ET - No 🔴",0,0.793498,0.9935,1197.58171,4601.789289,0,1197.58171,0.26024262189984854
"Ethereum Up or Down - February 8, 11:30PM-11:45PM ET - Yes 🟢",0,0.563251,0.989,96.95207,125.033717,0,96.95207,0.7754074047082837
"Bitcoin Up or Down - February 8, 11:15PM-11:30PM ET - Yes 🟢",0,0.716226,0.985,2480.292809,6260.087949,0,2480.292809,0.39620734232595045
"Bitcoin Up or Down - February 8, 11:15PM-11:30PM ET - No 🔴",0,0.41,0.015,-74.050097,74.050097,0,-74.050097,-1
"Ethereum Up or Down - February 8, 11:15PM-11:30PM ET - Yes 🟢",0,0.886827,0.975,30.330364,237.669636,0,30.330364,0.12761564544155737
"Bitcoin Up or Down - February 8, 11:00PM-11:15PM ET - Yes 🟢",0,0.365615,0.005,-2649.729513,2649.729514,0,-2649.729513,-0.999999999622603
"Ethereum Up or Down - February 11, 7:00PM-7:15PM ET - Yes 🟢",0,0.76685,0.9985,176.087144,579.165459,0,176.087144,0.3040359905164855
"Ethereum Up or Down - February 8, 10:45PM-11:00PM ET - No 🔴",0,0.349183,0.135,-646.218425,646.218426,0,-646.218425,-0.9999999984525357
"Bitcoin Up or Down - February 11, 5:00PM-5:15PM ET - No 🔴",0,0.594122,0.475,1808.872283,2647.817371,0,1808.872283,0.6831559845522291
"Ethereum Up or Down - February 11, 5:00PM-5:15PM ET - Yes 🟢",0,0.4489,0.365,-588.333924,588.333925,0,-588.333924,-0.999999998300285
"Ethereum Up or Down - February 8, 10:30PM-10:45PM ET - Yes 🟢",0,0.875854,0.955,57.013806,402.234228,0,57.013806,0.14174280066489023
"Bitcoin Up or Down - February 8, 10:30PM-10:45PM ET - Yes 🟢",0,0.802204,0.965,1865.780331,7567.07135,0,1865.780331,0.24656571144925174
"Ethereum Up or Down - February 8, 10:15PM-10:30PM ET - Yes 🟢",0,0.397323,0.065,-470.130312,470.130312,0,-470.130312,-1
"Bitcoin Up or Down - February 8, 10:15PM-10:30PM ET - Yes 🟢",0,0.669476,0.855,3097.394807,6273.76979,0,3097.394807,0.4937055248563718
"Ethereum Up or Down - February 8, 10:00PM-10:15PM ET - Yes 🟢",0,0.770596,0.725,233.401952,784.02561,0,233.401952,0.297696846918049
"Bitcoin Up or Down - February 8, 9:45PM-10:00PM ET - No 🔴",0,0.780199,0.975,745.568904,2646.448897,0,745.568904,0.28172427770858255
"Bitcoin Up or Down - February 8, 10:45PM-11:00PM ET - Yes 🟢",0,0.571831,0.985,5839.799859,7799.20684,0,5839.799859,0.7487684297650965
"Ethereum Up or Down - February 11, 6:45PM-7:00PM ET - Yes 🟢",0,0.269119,0.335,-551.120876,551.120877,0,-551.120876,-0.999999998185516
"Bitcoin Up or Down - February 11, 6:45PM-7:00PM ET - Yes 🟢",0,0.303053,0.165,825.769872,359.068964,0,825.769872,2.299752846364076
"Ethereum Up or Down - February 11, 6:30PM-6:45PM ET - Yes 🟢",0,0.360587,0.98,422.41763,238.215842,0,422.41763,1.7732558273769212
"Bitcoin Up or Down - February 11, 6:45PM-7:00PM ET - No 🔴",0,0.732453,0.835,-2758.956955,2758.956955,0,-2758.956955,-1
"Bitcoin Up or Down - February 11, 6:30PM-6:45PM ET - Yes 🟢",0,0.678522,0.835,1198.456426,2529.501401,0,1198.456426,0.4737915644269691
"Bitcoin Up or Down - February 11, 6:15PM-6:30PM ET - Yes 🟢",0,0.470887,0.0015,-1515.5212,1515.5212,0,-1515.5212,-1
"Bitcoin Up or Down - February 11, 6:00PM-6:15PM ET - Yes 🟢",0,0.65423,0.305,732.501053,1385.962241,0,732.501053,0.5285144366353628
"Ethereum Up or Down - February 11, 6:00PM-6:15PM ET - No 🔴",0,0.662733,0.225,341.76086,671.56348,0,341.76086,0.5089032834245245
"Bitcoin Up or Down - February 11, 5:30PM-5:45PM ET - No 🔴",0,0.583702,0.805,-2402.999745,2402.999746,0,-2402.999745,-0.9999999995838535
"Bitcoin Up or Down - February 9, 12:15AM-12:30AM ET - No 🔴",0,0.368133,0.095,-1606.033808,1606.033809,0,-1606.033808,-0.9999999993773482
"Ethereum Up or Down - February 11, 5:45PM-6:00PM ET - No 🔴",0,0.752196,0.995,437.510031,1328.038675,0,437.510031,0.32944073033114035
"Ethereum Up or Down - February 11, 5:45PM-6:00PM ET - Yes 🟢",0,0.588175,0.005,-435.211516,435.211516,0,-435.211516,-1
"Bitcoin Up or Down - February 11, 5:45PM-6:00PM ET - Yes 🟢",0,0.539113,0.005,-1050.739509,1050.739509,0,-1050.739509,-1
"Ethereum Up or Down - February 11, 5:15PM-5:30PM ET - No 🔴",0,0.68459,0.985,583.295932,1266.030128,0,583.295932,0.4607283184654196
"Ethereum Up or Down - February 9, 1:00AM-1:15AM ET - No 🔴",0,0.954709,0.994,8.750009,184.44532,0,8.750009,0.04743958263619809
"Ethereum Up or Down - February 9, 1:00AM-1:15AM ET - Yes 🟢",0,0.203611,0.006,-310.284533,310.284534,0,-310.284533,-0.9999999967771517
"Bitcoin Up or Down - February 9, 12:45AM-1:00AM ET - Yes 🟢",0,0.446039,0.265,5564.252388,4480.231589,0,5564.252388,1.2419564206594857
"Bitcoin Up or Down - February 9, 12:30AM-12:45AM ET - Yes 🟢",0,0.498586,0.635,-6600.794104,6600.794104,0,-6600.794104,-1
"Ethereum Up or Down - February 9, 12:30AM-12:45AM ET - Yes 🟢",0,0.436565,0.835,371.974711,288.21628,0,371.974711,1.2906096456452771
"Bitcoin Up or Down - February 9, 12:30AM-12:45AM ET - No 🔴",0,0.569688,0.365,7217.122628,9554.714152,0,7217.122628,0.7553467862237727
"Bitcoin Up or Down - February 11, 5:30PM-5:45PM ET - Yes 🟢",0,0.623746,0.195,593.590709,984.042244,0,593.590709,0.6032166938150268
"Bitcoin Up or Down - February 8, 5:30PM-5:45PM ET - Yes 🟢",0,0.553012,0.995,10358.224009,12815.158743,0,10358.224009,0.8082790246088798
"Ethereum Up or Down - February 8, 5:30PM-5:45PM ET - No 🔴",0,0.686953,0.245,525.429694,1153.007391,0,525.429694,0.45570366512941113
"Ethereum Up or Down - February 8, 5:30PM-5:45PM ET - Yes 🟢",0,0.727516,0.755,-1516.429553,1516.429554,0,-1516.429553,-0.9999999993405563
"Ethereum Up or Down - February 11, 2:00PM-2:15PM ET - No 🔴",0,0.272932,0.055,-714.46616,714.466161,0,-714.46616,-0.9999999986003533
"Bitcoin Up or Down - February 11, 2:00PM-2:15PM ET - No 🔴",0,0.347622,0.115,-2047.805667,2047.805667,0,-2047.805667,-1
"Bitcoin Up or Down - February 8, 5:15PM-5:30PM ET - Yes 🟢",0,0.792904,0.705,3770.488684,14435.988913,0,3770.488684,0.2611867262245244
"Bitcoin Up or Down - February 8, 5:15PM-5:30PM ET - No 🔴",0,0.376809,0.295,-4322.723009,4322.72301,0,-4322.723009,-0.9999999997686645
"Ethereum Up or Down - February 8, 5:15PM-5:30PM ET - Yes 🟢",0,0.660902,0.315,-710.708211,710.708212,0,-710.708211,-0.9999999985929529
"Ethereum Up or Down - February 11, 1:45PM-2:00PM ET - Yes 🟢",0,0.247099,0.09,-458.588829,458.588829,0,-458.588829,-1
"Ethereum Up or Down - February 8, 8:30PM-8:45PM ET - Yes 🟢",0,0.233763,0.0005,-245.282586,245.282586,0,-245.282586,-1
"Bitcoin Up or Down - February 11, 1:45PM-2:00PM ET - No 🔴",0,0.348739,0.0155,-945.682546,945.682547,0,-945.682546,-0.9999999989425628
"Bitcoin Up or Down - February 8, 5:00PM-5:15PM ET - No 🔴",0,0.382908,0.315,-1437.842231,1437.842231,0,-1437.842231,-1
"Bitcoin Up or Down - February 8, 4:45PM-5:00PM ET - No 🔴",0,0.796369,0.905,3601.13245,14083.465919,0,3601.13245,0.2556993051789697
"Ethereum Up or Down - February 11, 1:30PM-1:45PM ET - Yes 🟢",0,0.522199,0.71,155.366557,169.803456,0,155.366557,0.9149787681588765
"Bitcoin Up or Down - February 11, 1:30PM-1:45PM ET - No 🔴",0,0.331489,0.045,-1705.221407,1705.221407,0,-1705.221407,-1
"Bitcoin Up or Down - February 8, 4:30PM-4:45PM ET - No 🔴",0,0.736474,0.955,3101.582153,8667.966784,0,3101.582153,0.3578211857854761
"Bitcoin Up or Down - February 8, 4:15PM-4:30PM ET - No 🔴",0,0.474611,0.65,11790.91089,10651.338358,0,11790.91089,1.1069886706907672
"Bitcoin Up or Down - February 8, 4:30PM-4:45PM ET - Yes 🟢",0,0.584833,0.045,-255.13303,255.133031,0,-255.13303,-0.9999999960804762
"Ethereum Up or Down - February 8, 4:15PM-4:30PM ET - No 🔴",0,0.351607,0.235,1125.965738,610.582525,0,1125.965738,1.8440844470614355
"Bitcoin Up or Down - February 11, 1:45PM-2:00PM ET - Yes 🟢",0,0.67809,0.9845,220.401046,464.265619,0,220.401046,0.4747304925889849
"Ethereum Up or Down - February 8, 7:00PM-7:15PM ET - Yes 🟢",0,0.622748,0.465,191.550383,316.20142,0,191.550383,0.605785967058592
"Ethereum Up or Down - February 8, 6:45PM-7:00PM ET - Yes 🟢",0,0.361127,0.615,1231.998957,696.395195,0,1231.998957,1.7691089281568062
"Ethereum Up or Down - February 8, 6:45PM-7:00PM ET - Yes 🟢",0,0.504099,0.385,-1054.22498,1054.22498,0,-1054.22498,-1
"Ethereum Up or Down - February 11, 3:15PM-3:30PM ET - Yes 🟢",0,0.175435,0.0015,-21.139917,21.139918,0,-21.139917,-0.9999999526961267
"Bitcoin Up or Down - February 11, 3:15PM-3:30PM ET - Yes 🟢",0,0.394748,0.0065,-1084.110003,1084.110004,0,-1084.110003,-0.9999999990775845
"Ethereum Up or Down - February 8, 6:30PM-6:45PM ET - Yes 🟢",0,0.228544,0.425,-364.126441,364.126442,0,-364.126441,-0.9999999972537013
"Bitcoin Up or Down - February 8, 6:30PM-6:45PM ET - Yes 🟢",0,0.047914,0.025,-96.606856,96.606856,0,-96.606856,-1
"Ethereum Up or Down - February 11, 3:00PM-3:15PM ET - Yes 🟢",0,0.250504,0.645,604.117624,201.914195,0,604.117624,2.9919522201002255
"Ethereum Up or Down - February 11, 2:45PM-3:00PM ET - Yes 🟢",0,0.262224,0.265,-465.824227,465.824228,0,-465.824227,-0.9999999978532675
"Bitcoin Up or Down - February 11, 2:15PM-2:30PM ET - Yes 🟢",0,0.52,0.975,48,52,0,48,0.923076923076923
"Bitcoin Up or Down - February 11, 3:00PM-3:15PM ET - Yes 🟢",0,0.422276,0.485,2285.556531,1670.582614,0,2285.556531,1.36811942842355
"Bitcoin Up or Down - February 11, 2:30PM-2:45PM ET - No 🔴",0,0.361724,0.0005,-724.833888,724.833889,0,-724.833888,-0.9999999986203736
"Ethereum Up or Down - February 11, 2:30PM-2:45PM ET - Yes 🟢",0,0.257917,0.995,627.055462,217.938241,0,627.055462,2.8772163119367375
"Ethereum Up or Down - February 11, 2:30PM-2:45PM ET - Yes 🟢",0,0.331981,0.005,-240.403213,240.403214,0,-240.403213,-0.9999999958403218
"Bitcoin Up or Down - February 8, 6:15PM-6:30PM ET - Yes 🟢",0,0.35831,0.0075,-2395.91761,2395.917611,0,-2395.91761,-0.9999999995826233
"Ethereum Up or Down - February 8, 6:15PM-6:30PM ET - No 🔴",0,0.661555,0.985,243.813573,476.579913,0,243.813573,0.5115901160525832
"Bitcoin Up or Down - February 8, 6:00PM-6:15PM ET - Yes 🟢",0,0.735424,0.865,2394.962936,6657.116377,0,2394.962936,0.35975981196219964
"Ethereum Up or Down - February 8, 6:00PM-6:15PM ET - Yes 🟢",0,0.143649,0.135,-184.305374,184.305374,0,-184.305374,-1
"Bitcoin Up or Down - February 8, 5:45PM-6:00PM ET - Yes 🟢",0,0.689983,0.555,8365.123313,18617.665738,0,8365.123313,0.4493110699654565
"Bitcoin Up or Down - February 11, 2:15PM-2:30PM ET - Yes 🟢",0,0.412951,0.025,-1299.130824,1299.130825,0,-1299.130824,-0.9999999992302545
"Ethereum Up or Down - February 11, 2:45PM-3:00PM ET - Yes 🟢",0,0.482945,0.735,941.493907,879.38377,0,941.493907,1.0706291600082636
"Bitcoin Up or Down - February 11, 12:00PM-12:15PM ET - No 🔴",0,0.336213,0.475,-2069.219781,2069.219781,0,-2069.219781,-1
"Bitcoin Up or Down - February 11, 12:15PM-12:30PM ET - Yes 🟢",0,0.735218,0.9955,427.387395,1186.723064,0,427.387395,0.3601408011397679
"Bitcoin Up or Down - February 11, 12:00PM-12:15PM ET - Yes 🟢",0,0.448686,0.525,1750.84608,1424.923228,0,1750.84608,1.2287301137321343
"Bitcoin Up or Down - February 11, 12:15PM-12:30PM ET - No 🔴",0,0.206992,0.0045,-368.557127,368.557128,0,-368.557127,-0.9999999972867164
"Ethereum Up or Down - February 8, 2:00PM-2:15PM ET - Yes 🟢",0,0.731853,0.26,710.040309,1937.911409,0,710.040309,0.36639461726807965
"Bitcoin Up or Down - February 8, 2:00PM-2:15PM ET - Yes 🟢",0,0.775473,0.985,2150.916356,7428.850694,0,2150.916356,0.28953554790611336
"Bitcoin Up or Down - February 8, 2:00PM-2:15PM ET - No 🔴",0,0.240408,0.015,-586.260348,586.260348,0,-586.260348,-1
"Bitcoin Up or Down - February 8, 1:30PM-1:45PM ET - Yes 🟢",0,0.293055,0.0145,-2458.25047,2458.250471,0,-2458.25047,-0.9999999995932066
"Bitcoin Up or Down - February 8, 1:30PM-1:45PM ET - Yes 🟢",0,0.845677,0.9855,1678.821286,9199.798794,0,1678.821286,0.18248456554233633
"Ethereum Up or Down - February 11, 1:15PM-1:30PM ET - Yes 🟢",0,0.914306,0.9985,36.824425,392.895574,0,36.824425,0.09372573130589655
"Ethereum Up or Down - February 11, 11:45AM-12:00PM ET - Yes 🟢",0,0.386967,0.315,-770.890121,770.890121,0,-770.890121,-1
"Bitcoin Up or Down - February 11, 11:45AM-12:00PM ET - No 🔴",0,0.436335,0.625,2852.673914,2208.264612,0,2852.673914,1.2918170668941553
"Ethereum Up or Down - February 8, 1:15PM-1:30PM ET - Yes 🟢",0,0.541446,0.975,1047.528694,1236.888614,0,1047.528694,0.8469062469678454
"Bitcoin Up or Down - February 11, 11:30AM-11:45AM ET - No 🔴",0,0.524352,0.995,1145.799405,1263.123591,0,1145.799405,0.9071158302829925
"Bitcoin Up or Down - February 8, 1:15PM-1:30PM ET - Yes 🟢",0,0.562574,0.945,7984.026529,10268.264211,0,7984.026529,0.7775439319575568
"Bitcoin Up or Down - February 8, 1:15PM-1:30PM ET - No 🔴",0,0.531837,0.055,-7806.598653,7806.598654,0,-7806.598653,-0.9999999998719032
"Bitcoin Up or Down - February 11, 11:45AM-12:00PM ET - Yes 🟢",0,0.502903,0.375,-2223.857358,2223.857359,0,-2223.857358,-0.9999999995503309
"Bitcoin Up or Down - February 8, 1:00PM-1:15PM ET - Yes 🟢",0,0.72062,0.835,3350.087519,8641.062597,0,3350.087519,0.3876939301612144
"Bitcoin Up or Down - February 8, 1:00PM-1:15PM ET - No 🔴",0,0.39466,0.165,-1457.148452,1457.148452,0,-1457.148452,-1
"Bitcoin Up or Down - February 8, 1:45PM-2:00PM ET - Yes 🟢",0,0.290345,0.005,-3789.599204,3789.599205,0,-3789.599204,-0.99999999973612
"Bitcoin Up or Down - February 11, 1:15PM-1:30PM ET - Yes 🟢",0,0.847102,0.9995,407.239439,2256.231892,0,407.239439,0.1804953827857691
"Ethereum Up or Down - February 11, 1:00PM-1:15PM ET - Yes 🟢",0,0.263217,0.0125,-95.577601,95.577602,0,-95.577601,-0.9999999895372977
"Ethereum Up or Down - February 8, 4:00PM-4:15PM ET - Yes 🟢",0,0.340042,0.025,-284.668132,284.668132,0,-284.668132,-1
"Ethereum Up or Down - February 8, 3:45PM-4:00PM ET - Yes 🟢",0,0.736294,0.985,459.926769,1284.162366,0,459.926769,0.35815312858966
"Bitcoin Up or Down - February 8, 3:45PM-4:00PM ET - Yes 🟢",0,0.856371,0.997,1386.507841,8266.889739,0,1386.507841,0.1677181969004607
"Ethereum Up or Down - February 8, 3:45PM-4:00PM ET - Yes 🟢",0,0.342781,0.015,-537.834924,537.834924,0,-537.834924,-1
"Bitcoin Up or Down - February 8, 3:30PM-3:45PM ET - Yes 🟢",0,0.793845,0.915,1245.811665,4797.2708,0,1245.811665,0.2596917532777178
"Ethereum Up or Down - February 8, 3:30PM-3:45PM ET - No 🔴",0,0.379131,0.325,594.982498,363.323519,0,594.982498,1.6376107432780866
"Ethereum Up or Down - February 8, 3:15PM-3:30PM ET - No 🔴",0,0.606745,0.645,446.215171,688.456152,0,446.215171,0.6481388389133024
"Ethereum Up or Down - February 8, 2:15PM-2:30PM ET - Yes 🟢",0,0.781365,0.835,367.745516,1314.261101,0,367.745516,0.279811611041511
"Ethereum Up or Down - February 8, 3:15PM-3:30PM ET - Yes 🟢",0,0.283468,0.355,-341.395875,341.395876,0,-341.395875,-0.9999999970708493
"Bitcoin Up or Down - February 11, 12:30PM-12:45PM ET - Yes 🟢",0,0.549404,0.055,-1904.368992,1904.368992,0,-1904.368992,-1
"Bitcoin Up or Down - February 11, 12:45PM-1:00PM ET - No 🔴",0,0.47348,0.625,1442.358303,1297.059579,0,1442.358303,1.1120216267259069
"Ethereum Up or Down - February 11, 12:45PM-1:00PM ET - Yes 🟢",0,0.592669,0.285,-839.014899,839.0149,0,-839.014899,-0.9999999988081261
"Bitcoin Up or Down - February 8, 2:45PM-3:00PM ET - No 🔴",0,0.436229,0.02,-3693.91156,3693.91156,0,-3693.91156,-1
"Ethereum Up or Down - February 8, 2:45PM-3:00PM ET - Yes 🟢",0,0.74498,0.985,464.927583,1358.174855,0,464.927583,0.3423179138447531
"Ethereum Up or Down - February 8, 2:45PM-3:00PM ET - No 🔴",0,0.311006,0.015,-913.326672,913.326672,0,-913.326672,-1
"Ethereum Up or Down - February 8, 2:30PM-2:45PM ET - Yes 🟢",0,0.885001,0.975,57.737097,444.328982,0,57.737097,0.12994222600586516
"Bitcoin Up or Down - February 8, 2:30PM-2:45PM ET - Yes 🟢",0,0.691062,0.935,3332.568968,7454.608291,0,3332.568968,0.44704816643732087
"Bitcoin Up or Down - February 8, 2:15PM-2:30PM ET - Yes 🟢",0,0.505436,0.055,-1565.405602,1565.405602,0,-1565.405602,-1
"Bitcoin Up or Down - February 8, 3:15PM-3:30PM ET - Yes 🟢",0,0.539294,0.475,-7897.441229,7897.441229,0,-7897.441229,-1
"Ethereum Up or Down - February 8, 6:30PM-6:45PM ET - No 🔴",0,0.727437,0.575,416.433902,1111.410678,0,416.433902,0.37468949169120724
"Bitcoin Up or Down - February 8, 6:30PM-6:45PM ET - No 🔴",0,0.657192,0.975,3540.738799,6787.89647,0,3540.738799,0.5216253392562424
"Ethereum Up or Down - February 11, 3:00PM-3:15PM ET - Yes 🟢",0,0.424777,0.355,-705.615254,705.615255,0,-705.615254,-0.9999999985827971
"Bitcoin Up or Down - February 11, 2:45PM-3:00PM ET - Yes 🟢",0,0.247516,0.115,-297.0183,297.018301,0,-297.0183,-0.999999996633204
"Bitcoin Up or Down - February 11, 3:00PM-3:15PM ET - No 🔴",0,0.445911,0.515,-558.368031,558.368032,0,-558.368031,-0.9999999982090665
"Bitcoin Up or Down - February 11, 2:45PM-3:00PM ET - Yes 🟢",0,0.57311,0.885,1227.489835,1647.934361,0,1227.489835,0.7448657325496474
"Ethereum Up or Down - February 8, 6:15PM-6:30PM ET - Yes 🟢",0,0.27,0.015,-16.2,16.2,0,-16.2,-1
"Bitcoin Up or Down - February 11, 2:30PM-2:45PM ET - Yes 🟢",0,0.487559,0.9995,805.20751,766.109988,0,805.20751,1.051033823618548
"Bitcoin Up or Down - February 8, 6:15PM-6:30PM ET - No 🔴",0,0.64988,0.9925,3604.75242,6691.010233,0,3604.75242,0.5387456145592775
"Ethereum Up or Down - February 8, 7:15PM-7:30PM ET - No 🔴",0,0.731077,0.585,278.958551,758.359013,0,278.958551,0.3678449734466332
"Bitcoin Up or Down - February 8, 6:00PM-6:15PM ET - No 🔴",0,0.220837,0.135,-2405.657611,2405.657612,0,-2405.657611,-0.9999999995843133
"Bitcoin Up or Down - February 8, 5:45PM-6:00PM ET - No 🔴",0,0.586842,0.445,-10015.132195,10015.132195,0,-10015.132195,-1
"Ethereum Up or Down - February 11, 2:15PM-2:30PM ET - Yes 🟢",0,0.500487,0.975,513.098161,514.098651,0,513.098161,0.9980538949128657
"Ethereum Up or Down - February 11, 2:15PM-2:30PM ET - Yes 🟢",0,0.197935,0.025,-262.522489,262.522489,0,-262.522489,-1
"Ethereum Up or Down - February 8, 5:45PM-6:00PM ET - Yes 🟢",0,0.717644,0.875,678.961405,1725.667523,0,678.961405,0.39344856175983095
"Bitcoin Up or Down - February 8, 5:30PM-5:45PM ET - No 🔴",0,0.642494,0.005,-11153.791931,11153.791931,0,-11153.791931,-1
"Ethereum Up or Down - February 11, 2:00PM-2:15PM ET - Yes 🟢",0,0.624366,0.945,254.186923,422.500819,0,254.186923,0.6016246870281216
"Bitcoin Up or Down - February 11, 2:00PM-2:15PM ET - Yes 🟢",0,0.553554,0.885,1742.939253,2161.092261,0,1742.939253,0.8065084885332436
"Ethereum Up or Down - February 8, 5:15PM-5:30PM ET - Yes 🟢",0,0.595964,0.685,769.531538,1135.07978,0,769.531538,0.6779537011927039
"Ethereum Up or Down - February 8, 6:00PM-6:15PM ET - Yes 🟢",0,0.705302,0.865,346.891634,830.217252,0,346.891634,0.41783236034223004
"Bitcoin Up or Down - February 8, 8:15PM-8:30PM ET - Yes 🟢",0,0.671025,0.9995,2746.978811,5603.135365,0,2746.978811,0.4902574419599087
"Bitcoin Up or Down - February 8, 8:00PM-8:15PM ET - No 🔴",0,0.718131,0.685,2975.462461,7580.726625,0,2975.462461,0.3925035960520474
"Bitcoin Up or Down - February 8, 7:45PM-8:00PM ET - No 🔴",0,0.53746,0.015,-1317.215316,1317.215316,0,-1317.215316,-1
"Ethereum Up or Down - February 8, 7:45PM-8:00PM ET - Yes 🟢",0,0.457316,0.995,249.147768,209.955077,0,249.147768,1.1866717945572711
"Ethereum Up or Down - February 8, 8:00PM-8:15PM ET - Yes 🟢",0,0.419981,0.255,-272.415043,272.415043,0,-272.415043,-1
"Ethereum Up or Down - February 11, 4:00PM-4:15PM ET - Yes 🟢",0,0.297556,0.075,-421.338346,421.338346,0,-421.338346,-1
"Ethereum Up or Down - February 11, 3:45PM-4:00PM ET - Yes 🟢",0,0.5,0.975,30,30,0,30,1
"Bitcoin Up or Down - February 11, 4:00PM-4:15PM ET - Yes 🟢",0,0.496609,0.995,1662.318062,1639.922269,0,1662.318062,1.0136566186235503
"Ethereum Up or Down - February 11, 4:00PM-4:15PM ET - Yes 🟢",0,0.60813,0.925,489.278533,759.295059,0,489.278533,0.6443852454991412
"Ethereum Up or Down - February 11, 3:15PM-3:30PM ET - Yes 🟢",0,0.470933,0.9985,153.436284,136.576671,0,153.436284,1.123444310631938
"Ethereum Up or Down - February 11, 3:30PM-3:45PM ET - Yes 🟢",0,0.284557,0.015,-159.834779,159.834779,0,-159.834779,-1
"Bitcoin Up or Down - February 11, 3:30PM-3:45PM ET - Yes 🟢",0,0.539411,0.955,1124.474772,1316.909569,0,1124.474772,0.8538739473613773
"Bitcoin Up or Down - February 8, 7:15PM-7:30PM ET - Yes 🟢",0,0.590682,0.735,-5898.539341,5898.539342,0,-5898.539341,-0.9999999998304664
"Ethereum Up or Down - February 8, 7:15PM-7:30PM ET - Yes 🟢",0,0.420758,0.415,-302.7374,302.737401,0,-302.7374,-0.9999999966968072
"Ethereum Up or Down - February 8, 7:00PM-7:15PM ET - Yes 🟢",0,0.341713,0.535,-200.164544,200.164544,0,-200.164544,-1
"Bitcoin Up or Down - February 8, 7:00PM-7:15PM ET - Yes 🟢",0,0.828731,0.855,2056.86212,9952.67913,0,2056.86212,0.2066641648076521
"Bitcoin Up or Down - February 8, 7:00PM-7:15PM ET - No 🔴",0,0.326011,0.145,-3643.937056,3643.937057,0,-3643.937056,-0.9999999997255716
"Bitcoin Up or Down - February 8, 6:45PM-7:00PM ET - Yes 🟢",0,0.604727,0.075,-6980.767338,6980.767339,0,-6980.767338,-0.9999999998567491
"Bitcoin Up or Down - February 8, 6:45PM-7:00PM ET - No 🔴",0,0.623678,0.925,4785.696716,7931.329438,0,4785.696716,0.6033914936216271
"Bitcoin Up or Down - February 11, 3:15PM-3:30PM ET - No 🔴",0,0.61235,0.9935,1360.337914,2148.853146,0,1360.337914,0.6330529922587832
"Bitcoin Up or Down - February 8, 7:30PM-7:45PM ET - Yes 🟢",0,0.601932,0.105,-3400.441231,3400.441231,0,-3400.441231,-1
"Bitcoin Up or Down - February 8, 8:45PM-9:00PM ET - No 🔴",0,0.237544,0.025,-4894.256532,4894.256533,0,-4894.256532,-0.999999999795679
"Bitcoin Up or Down - February 11, 4:15PM-4:30PM ET - No 🔴",0,0.468263,0.015,-2241.965611,2241.965611,0,-2241.965611,-1
"Bitcoin Up or Down - February 8, 8:30PM-8:45PM ET - No 🔴",0,0.576202,0.9995,2353.195415,3199.439131,0,2353.195415,0.735502479856367
"Bitcoin Up or Down - February 8, 8:30PM-8:45PM ET - Yes 🟢",0,0.361371,0.0005,-2136.246054,2136.246054,0,-2136.246054,-1
"Bitcoin Up or Down - February 8, 8:15PM-8:30PM ET - No 🔴",0,0.454449,0.0005,-1769.230989,1769.23099,0,-1769.230989,-0.9999999994347826
"Ethereum Up or Down - February 8, 8:15PM-8:30PM ET - Yes 🟢",0,0.482476,0.9975,125.556326,117.053343,0,125.556326,1.0726419492350594
"Ethereum Up or Down - February 8, 8:00PM-8:15PM ET - No 🔴",0,0.887782,0.745,74.384133,588.469718,0,74.384133,0.12640265203926773
"Ethereum Up or Down - February 8, 7:45PM-8:00PM ET - Yes 🟢",0,0.195828,0.005,-140.989533,140.989534,0,-140.989533,-0.9999999929072749
"Bitcoin Up or Down - February 8, 7:45PM-8:00PM ET - Yes 🟢",0,0.649376,0.985,3625.488224,6714.614633,0,3625.488224,0.5399398807166065
"Bitcoin Up or Down - February 8, 5:00PM-5:15PM ET - Yes 🟢",0,0.749848,0.685,4633.945491,13890.573566,0,4633.945491,0.3336036103176131
"Bitcoin Up or Down - February 11, 4:00PM-4:15PM ET - No 🔴",0,0.321721,0.005,-1513.06729,1513.067291,0,-1513.06729,-0.9999999993390908
"Bitcoin Up or Down - February 11, 3:45PM-4:00PM ET - No 🔴",0,0.178262,0.015,-291.372451,291.372451,0,-291.372451,-1
"Bitcoin Up or Down - February 11, 3:45PM-4:00PM ET - Yes 🟢",0,0.509939,0.985,918.587347,955.847361,0,918.587347,0.9610188660655831
"Ethereum Up or Down - February 11, 3:45PM-4:00PM ET - Yes 🟢",0,0.127229,0.025,-161.104208,161.104209,0,-161.104208,-0.9999999937928375
"Bitcoin Up or Down - February 8, 7:30PM-7:45PM ET - No 🔴",0,0.570408,0.895,4808.547755,6384.742053,0,4808.547755,0.7531310920760858
"Ethereum Up or Down - February 8, 7:30PM-7:45PM ET - Yes 🟢",0,0.305806,0.525,-410.462387,410.462387,0,-410.462387,-1
"Ethereum Up or Down - February 8, 7:30PM-7:45PM ET - No 🔴",0,0.496197,0.475,542.871267,534.675447,0,542.871267,1.015328588671849
"Bitcoin Up or Down - February 11, 3:30PM-3:45PM ET - No 🔴",0,0.061087,0.045,-236.271431,236.271431,0,-236.271431,-1
"Ethereum Up or Down - February 11, 3:30PM-3:45PM ET - Yes 🟢",0,0.504844,0.985,69.961054,71.329881,0,69.961054,0.980809907701935
"Bitcoin Up or Down - February 8, 7:15PM-7:30PM ET - Yes 🟢",0,0.517708,0.265,8059.994736,8651.861849,0,8059.994736,0.931590780882798
"Bitcoin Up or Down - February 8, 8:00PM-8:15PM ET - Yes 🟢",0,0.496099,0.315,-2730.556078,2730.556079,0,-2730.556078,-0.9999999996337743
"Ethereum Up or Down - February 8, 5:00PM-5:15PM ET - Yes 🟢",0,0.663505,0.735,601.364922,1185.778787,0,601.364922,0.5071476472617991
"Ethereum Up or Down - February 11, 1:45PM-2:00PM ET - Yes 🟢",0,0.8519,0.91,44.56656,256.355523,0,44.56656,0.1738466933673202
"Ethereum Up or Down - February 8, 4:45PM-5:00PM ET - No 🔴",0,0.614143,0.705,471.008456,749.672927,0,471.008456,0.6282852681966999
"Bitcoin Up or Down - February 8, 4:45PM-5:00PM ET - Yes 🟢",0,0.564704,0.095,-4328.559859,4328.55986,0,-4328.559859,-0.9999999997689762
"Ethereum Up or Down - February 8, 4:45PM-5:00PM ET - Yes 🟢",0,0.3799,0.295,-404.576744,404.576745,0,-404.576744,-0.9999999975282811
"Bitcoin Up or Down - February 11, 1:30PM-1:45PM ET - Yes 🟢",0,0.410758,0.955,889.857355,620.315639,0,889.857355,1.4345234894198757
"Ethereum Up or Down - February 11, 1:30PM-1:45PM ET - Yes 🟢",0,0.405634,0.29,-630.564861,630.564862,0,-630.564861,-0.9999999984141204
"Ethereum Up or Down - February 8, 4:30PM-4:45PM ET - Yes 🟢",0,0.339106,0.0245,-130.869386,130.869386,0,-130.869386,-1
"Bitcoin Up or Down - February 8, 4:15PM-4:30PM ET - Yes 🟢",0,0.649429,0.35,-8448.770818,8448.770819,0,-8448.770818,-0.9999999998816398
"Ethereum Up or Down - February 8, 8:45PM-9:00PM ET - Yes 🟢",0,0.650737,0.935,737.253138,1373.629315,0,737.253138,0.5367191351765815
"Ethereum Up or Down - February 8, 4:15PM-4:30PM ET - Yes 🟢",0,0.592195,0.765,-1147.49249,1147.49249,0,-1147.49249,-1
"Ethereum Up or Down - February 11, 1:15PM-1:30PM ET - No 🔴",0,0.214679,0.0015,-175.708647,175.708647,0,-175.708647,-1
"Bitcoin Up or Down - February 8, 4:00PM-4:15PM ET - Yes 🟢",0,0.678685,0.985,3865.701122,8165.175502,0,3865.701122,0.4734376035215807
"Ethereum Up or Down - February 8, 4:00PM-4:15PM ET - Yes 🟢",0,0.768518,0.975,300.576782,997.912009,0,300.576782,0.30120569678403375
"Bitcoin Up or Down - February 8, 4:00PM-4:15PM ET - Yes 🟢",0,0.421505,0.015,-3305.863504,3305.863505,0,-3305.863504,-0.9999999996975072
"Ethereum Up or Down - February 11, 1:00PM-1:15PM ET - Yes 🟢",0,0.949999,0.9875,9.000013,170.996652,0,9.000013,0.05263268546333877
"Bitcoin Up or Down - February 8, 9:30PM-9:45PM ET - Yes 🟢",0,0.673806,0.995,3316.450673,6850.660535,0,3316.450673,0.48410670125256755
"Ethereum Up or Down - February 11, 4:15PM-4:30PM ET - Yes 🟢",0,0.614731,0.985,231.677223,369.661642,0,231.677223,0.626727787461378
"Ethereum Up or Down - February 8, 9:00PM-9:15PM ET - Yes 🟢",0,0.421816,0.595,-327.577218,327.577218,0,-327.577218,-1
"Ethereum Up or Down - February 8, 9:00PM-9:15PM ET - Yes 🟢",0,0.423011,0.405,139.703478,102.421551,0,139.703478,1.364004710297738
"Ethereum Up or Down - February 8, 4:30PM-4:45PM ET - No 🔴",0,0.911251,0.9755,69.866984,717.375515,0,69.866984,0.09739248488289987
"Ethereum Up or Down - February 7, 7:45PM-8:00PM ET - Yes 🟢",0,0.284234,0.255,-151.340234,151.340234,0,-151.340234,-1
"Bitcoin Up or Down - February 7, 7:45PM-8:00PM ET - No 🔴",0,0.477374,0.235,-740.095993,740.095994,0,-740.095993,-0.9999999986488239
"Ethereum Up or Down - February 4, 3:15AM-3:30AM ET - Yes 🟢",0,0.483668,0.995,246.318316,230.73582,0,246.318316,1.0675339268952693
"Bitcoin Up or Down - February 7, 7:45PM-8:00PM ET - Yes 🟢",0,0.678853,0.765,5263.442219,11126.068563,0,5263.442219,0.47307296276275873
"Bitcoin Up or Down - February 10, 11:00PM-11:15PM ET - Yes 🟢",0,0.541642,0.185,-5919.031744,5919.031745,0,-5919.031744,-0.9999999998310534
"Ethereum Up or Down - February 10, 11:00PM-11:15PM ET - Yes 🟢",0,0.391394,0.035,-610.389536,610.389536,0,-610.389536,-1
"Ethereum Up or Down - February 4, 3:00AM-3:15AM ET - Yes 🟢",0,0.151254,0.015,-270.537787,270.537787,0,-270.537787,-1
"Ethereum Up or Down - February 7, 7:30PM-7:45PM ET - Yes 🟢",0,0.592507,0.465,-983.880197,983.880198,0,-983.880197,-0.9999999989836161
"Bitcoin Up or Down - February 7, 7:30PM-7:45PM ET - Yes 🟢",0,0.547673,0.205,-11721.500815,11721.500815,0,-11721.500815,-1
"Ethereum Up or Down - February 12, 12:00AM-12:15AM ET - Yes 🟢",0,0.284043,0.115,-703.611691,703.611691,0,-703.611691,-1
"Ethereum Up or Down - February 10, 11:15PM-11:30PM ET - Yes 🟢",0,0.392854,0.0015,-756.119408,756.119408,0,-756.119408,-1
"Ethereum Up or Down - February 4, 2:45AM-3:00AM ET - Yes 🟢",0,0.31519,0.035,-83.673489,83.673489,0,-83.673489,-1
"Bitcoin Up or Down - February 10, 11:15PM-11:30PM ET - Yes 🟢",0,0.56047,0.005,-5441.990265,5441.990265,0,-5441.990265,-1
"Ethereum Up or Down - February 4, 2:30AM-2:45AM ET - Yes 🟢",0,0.298398,0.015,-910.253807,910.253807,0,-910.253807,-1
"Ethereum Up or Down - February 4, 2:15AM-2:30AM ET - Yes 🟢",0,0.082622,0.075,-141.5919,141.5919,0,-141.5919,-1
"Bitcoin Up or Down - February 10, 11:00PM-11:15PM ET - No 🔴",0,0.477616,0.815,6764.125703,6184.444129,0,6764.125703,1.0937322032358197
"Ethereum Up or Down - February 10, 10:45PM-11:00PM ET - Yes 🟢",0,0.470314,0.015,-98.479048,98.479048,0,-98.479048,-1
"Bitcoin Up or Down - February 10, 10:45PM-11:00PM ET - No 🔴",0,0.805005,0.985,1560.010606,6440.248921,0,1560.010606,0.2422283090507892
"Bitcoin Up or Down - February 7, 7:00PM-7:15PM ET - No 🔴",0,0.558994,0.295,-4869.421835,4869.421835,0,-4869.421835,-1
"Bitcoin Up or Down - February 10, 11:15PM-11:30PM ET - No 🔴",0,0.620046,0.995,4146.889611,6767.298978,0,4146.889611,0.6127835676362516
"Bitcoin Up or Down - February 10, 11:45PM-12:00AM ET - No 🔴",0,0.440078,0.075,-9041.584681,9041.584682,0,-9041.584681,-0.9999999998893999
"Ethereum Up or Down - February 11, 12:00AM-12:15AM ET - Yes 🟢",0,0.670825,0.985,474.010902,965.985763,0,474.010902,0.49070174753703893
"Ethereum Up or Down - February 7, 8:30PM-8:45PM ET - Yes 🟢",0,0.480483,0.0015,-73.139645,73.139646,0,-73.139645,-0.9999999863275248
"Ethereum Up or Down - February 7, 8:30PM-8:45PM ET - Yes 🟢",0,0.806582,0.9985,87.974066,366.865021,0,87.974066,0.2397995474199215
"Bitcoin Up or Down - February 7, 8:15PM-8:30PM ET - No 🔴",0,0.731878,0.9995,3228.231592,8811.927709,0,3228.231592,0.36634794322051334
"Bitcoin Up or Down - February 4, 4:15AM-4:30AM ET - No 🔴",0,0.747762,0.985,1816.664274,5385.51888,0,1816.664274,0.33732390777543797
"Bitcoin Up or Down - February 4, 4:00AM-4:15AM ET - No 🔴",0,0.746874,0.755,2558.559897,7549.291123,0,2558.559897,0.3389139265281451
"Ethereum Up or Down - February 4, 4:00AM-4:15AM ET - Yes 🟢",0,0.164868,0.205,-82.935684,82.935685,0,-82.935684,-0.9999999879424639
"Bitcoin Up or Down - February 10, 11:30PM-11:45PM ET - Yes 🟢",0,0.472329,0.075,-5584.382646,5584.382646,0,-5584.382646,-1
"Ethereum Up or Down - February 7, 8:00PM-8:15PM ET - Yes 🟢",0,0.49,0.015,-2.45,2.45,0,-2.45,-1
"Bitcoin Up or Down - February 10, 11:30PM-11:45PM ET - No 🔴",0,0.560299,0.925,7698.145429,9809.536903,0,7698.145429,0.7847613506245863
"Ethereum Up or Down - February 10, 11:30PM-11:45PM ET - Yes 🟢",0,0.249946,0.015,-289.418401,289.418401,0,-289.418401,-1
"Bitcoin Up or Down - February 4, 4:00AM-4:15AM ET - Yes 🟢",0,0.47734,0.245,-838.519671,838.519671,0,-838.519671,-1
"Ethereum Up or Down - February 4, 3:45AM-4:00AM ET - Yes 🟢",0,0.644495,0.515,767.520545,1391.437966,0,767.520545,0.5516024168913615
"Ethereum Up or Down - February 4, 3:45AM-4:00AM ET - No 🔴",0,0.337831,0.485,-998.495792,998.495792,0,-998.495792,-1
"Ethereum Up or Down - February 7, 8:15PM-8:30PM ET - No 🔴",0,0.722397,0.9995,149.37497,388.713489,0,149.37497,0.38428038703848527
"Bitcoin Up or Down - February 7, 8:15PM-8:30PM ET - Yes 🟢",0,0.315635,0.0005,-56.505852,56.505852,0,-56.505852,-1
"Bitcoin Up or Down - February 4, 3:30AM-3:45AM ET - Yes 🟢",0,0.690351,0.985,2730.638697,6087.858043,0,2730.638697,0.44853849707283655
"Bitcoin Up or Down - February 4, 3:30AM-3:45AM ET - No 🔴",0,0.384031,0.015,-466.728544,466.728545,0,-466.728544,-0.999999997857427
"Ethereum Up or Down - February 7, 8:00PM-8:15PM ET - Yes 🟢",0,0.60146,0.985,434.849697,656.257086,0,434.849697,0.6626209549225348
"Ethereum Up or Down - February 10, 11:30PM-11:45PM ET - Yes 🟢",0,0.718004,0.985,463.951602,1181.290182,0,463.951602,0.3927499009722575
"Bitcoin Up or Down - February 11, 12:00AM-12:15AM ET - Yes 🟢",0,0.764198,0.965,2271.476037,7361.504334,0,2271.476037,0.30856139369624663
"Bitcoin Up or Down - February 11, 12:00AM-12:15AM ET - No 🔴",0,0.388936,0.035,-1018.814987,1018.814988,0,-1018.814987,-0.9999999990184675
"Ethereum Up or Down - February 10, 11:45PM-12:00AM ET - Yes 🟢",0,0.142299,0.145,-278.067406,278.067406,0,-278.067406,-1
"Bitcoin Up or Down - February 7, 8:30PM-8:45PM ET - Yes 🟢",0,0.459578,0.0015,-1651.528678,1651.528679,0,-1651.528678,-0.9999999993945003
"Ethereum Up or Down - February 7, 8:15PM-8:30PM ET - Yes 🟢",0,0.258571,0.0005,-36.19994,36.19994,0,-36.19994,-1
"Bitcoin Up or Down - February 7, 8:30PM-8:45PM ET - Yes 🟢",0,0.746104,0.9985,3332.307921,9792.388495,0,3332.307921,0.34029572281588694
"Bitcoin Up or Down - February 4, 4:15AM-4:30AM ET - Yes 🟢",0,0.273225,0.015,-1379.116447,1379.116447,0,-1379.116447,-1
"Ethereum Up or Down - February 4, 4:15AM-4:30AM ET - No 🔴",0,0.959258,0.994,22.111769,520.61489,0,22.111769,0.04247240988439651
"Ethereum Up or Down - February 4, 4:15AM-4:30AM ET - Yes 🟢",0,0.304279,0.006,-570.612285,570.612285,0,-570.612285,-1
"Bitcoin Up or Down - February 7, 7:00PM-7:15PM ET - Yes 🟢",0,0.663579,0.705,6287.141109,12401.172371,0,6287.141109,0.5069795758748107
"Ethereum Up or Down - February 4, 3:30AM-3:45AM ET - Yes 🟢",0,0.296913,0.025,-125.124097,125.124098,0,-125.124097,-0.9999999920079344
"Ethereum Up or Down - February 4, 3:30AM-3:45AM ET - Yes 🟢",0,0.98,0.975,2,98,0,2,0.020408163265306124
"Bitcoin Up or Down - February 7, 8:00PM-8:15PM ET - Yes 🟢",0,0.730716,0.9995,4250.495628,11533.938755,0,4250.495628,0.3685207385167878
"Bitcoin Up or Down - February 7, 8:00PM-8:15PM ET - No 🔴",0,0.496625,0.0005,-913.819814,913.819815,0,-913.819814,-0.9999999989056925
"Ethereum Up or Down - February 4, 3:15AM-3:30AM ET - Yes 🟢",0,0.286918,0.005,-185.439007,185.439007,0,-185.439007,-1
"Bitcoin Up or Down - February 4, 3:15AM-3:30AM ET - Yes 🟢",0,0.633321,0.005,-3090.283772,3090.283773,0,-3090.283772,-0.9999999996764052
"Bitcoin Up or Down - February 4, 3:15AM-3:30AM ET - No 🔴",0,0.649126,0.995,2829.940096,5235.462574,0,2829.940096,0.5405329626562239
"Ethereum Up or Down - February 7, 7:45PM-8:00PM ET - Yes 🟢",0,0.52661,0.745,605.902066,674.019492,0,605.902066,0.8989384924197413
"Ethereum Up or Down - February 4, 3:00AM-3:15AM ET - No 🔴",0,0.690957,0.985,386.88921,865.005221,0,386.88921,0.44726806336814007
"Bitcoin Up or Down - February 4, 3:45AM-4:00AM ET - Yes 🟢",0,0.743875,0.995,2980.216655,8655.573118,0,2980.216655,0.34431188026156073
"Ethereum Up or Down - February 7, 7:15PM-7:30PM ET - Yes 🟢",0,0.476973,0.025,-28.999958,28.999958,0,-28.999958,-1
"Ethereum Up or Down - February 4, 2:15AM-2:30AM ET - No 🔴",0,0.665315,0.925,299.701604,595.772063,0,299.701604,0.5030474280563907
"Bitcoin Up or Down - February 4, 1:45AM-2:00AM ET - No 🔴",0,0.599666,0.865,1984.176092,2972.125627,0,1984.176092,0.66759496098514
"Ethereum Up or Down - February 4, 1:45AM-2:00AM ET - Yes 🟢",0,0.291835,0.185,-567.440559,567.440559,0,-567.440559,-1
"Bitcoin Up or Down - February 7, 6:30PM-6:45PM ET - Yes 🟢",0,0.696383,0.895,5455.20158,12512.176993,0,5455.20158,0.4359914012607031
"Ethereum Up or Down - February 7, 6:45PM-7:00PM ET - Yes 🟢",0,0.691734,0.965,-316.071681,316.071681,0,-316.071681,-1
"Bitcoin Up or Down - February 7, 6:45PM-7:00PM ET - Yes 🟢",0,0.359604,0.075,-3114.960113,3114.960114,0,-3114.960113,-0.9999999996789687
"Bitcoin Up or Down - February 7, 6:45PM-7:00PM ET - Yes 🟢",0,0.75104,0.925,4082.992868,12317.203421,0,4082.992868,0.3314870046750038
"Bitcoin Up or Down - February 7, 6:30PM-6:45PM ET - No 🔴",0,0.36,0.105,-144,144,0,-144,-1
"Bitcoin Up or Down - February 4, 4:30AM-4:45AM ET - Yes 🟢",0,0.46043,0.605,-1924.287184,1924.287184,0,-1924.287184,-1
"Bitcoin Up or Down - February 10, 10:15PM-10:30PM ET - No 🔴",0,0.664526,0.9995,3223.095764,6384.491603,0,3223.095764,0.504832015517963
"Ethereum Up or Down - February 4, 1:30AM-1:45AM ET - Yes 🟢",0,0.352305,0.9925,266.073106,144.726894,0,266.073106,1.8384496388072835
"Ethereum Up or Down - February 4, 1:30AM-1:45AM ET - No 🔴",0,0.491182,0.0075,-158.523668,158.523669,0,-158.523668,-0.9999999936917936
"Bitcoin Up or Down - February 10, 10:30PM-10:45PM ET - No 🔴",0,0.38851,0.0015,-2654.06677,2654.066771,0,-2654.06677,-0.9999999996232198
"Ethereum Up or Down - February 10, 10:30PM-10:45PM ET - Yes 🟢",0,0.739005,0.995,310.732353,879.835869,0,310.732353,0.3531708173629825
"Ethereum Up or Down - February 10, 10:30PM-10:45PM ET - No 🔴",0,0.339447,0.005,-252.195275,252.195275,0,-252.195275,-1
"Bitcoin Up or Down - February 4, 1:15AM-1:30AM ET - No 🔴",0,0.839443,0.53,874.628872,4572.837587,0,874.628872,0.19126611329614232
"Ethereum Up or Down - February 7, 8:45PM-9:00PM ET - Yes 🟢",0,0.802858,0.965,166.149308,676.640705,0,166.149308,0.24555027028709422
"Bitcoin Up or Down - February 7, 8:45PM-9:00PM ET - Yes 🟢",0,0.672073,0.855,5324.583142,10912.515793,0,5324.583142,0.48793360238851025
"Ethereum Up or Down - February 4, 4:30AM-4:45AM ET - Yes 🟢",0,0.345298,0.055,-515.399378,515.399379,0,-515.399378,-0.999999998059757
"Ethereum Up or Down - February 10, 10:15PM-10:30PM ET - Yes 🟢",0,0.527081,0.005,-828.398871,828.398872,0,-828.398871,-0.9999999987928522
"Ethereum Up or Down - February 7, 11:30PM-11:45PM ET - No 🔴",0,0.6905,0.665,363.620066,811.24283,0,363.620066,0.4482259226870455
"Bitcoin Up or Down - February 11, 1:15AM-1:30AM ET - No 🔴",0,0.42047,0.014,-2272.283918,2272.283919,0,-2272.283918,-0.9999999995599143
"Bitcoin Up or Down - February 11, 1:30AM-1:45AM ET - Yes 🟢",0,0.364045,0.005,-710.623296,710.623296,0,-710.623296,-1
"Ethereum Up or Down - February 11, 1:15AM-1:30AM ET - Yes 🟢",0,0.530001,0.025,-264.163755,264.163756,0,-264.163755,-0.9999999962144693
"Ethereum Up or Down - February 11, 1:30AM-1:45AM ET - Yes 🟢",0,0.763179,0.985,397.160111,1279.88758,0,397.160111,0.31030859054042853
"Ethereum Up or Down - February 4, 7:30AM-7:45AM ET - No 🔴",0,0.271204,0.105,-152.775237,152.775237,0,-152.775237,-1
"Ethereum Up or Down - February 7, 11:15PM-11:30PM ET - No 🔴",0,0.489827,0.035,-446.314473,446.314474,0,-446.314473,-0.9999999977594274
"Ethereum Up or Down - February 4, 7:15AM-7:30AM ET - Yes 🟢",0,0.500693,0.975,589.010453,590.645457,0,589.010453,0.9972318351379448
"Ethereum Up or Down - February 4, 7:15AM-7:30AM ET - Yes 🟢",0,0.201724,0.025,-269.109971,269.109972,0,-269.109971,-0.9999999962840468
"Ethereum Up or Down - February 10, 11:45PM-12:00AM ET - Yes 🟢",0,0.395313,0.855,2138.970774,1398.34816,0,2138.970774,1.5296410687879045
"Ethereum Up or Down - February 11, 1:15AM-1:30AM ET - Yes 🟢",0,0.385353,0.975,1109.036431,695.310505,0,1109.036431,1.595023263743153
"Ethereum Up or Down - February 7, 11:00PM-11:15PM ET - Yes 🟢",0,0.305029,0.935,-420.95857,420.958571,0,-420.95857,-0.9999999976244693
"Bitcoin Up or Down - February 11, 1:00AM-1:15AM ET - Yes 🟢",0,0.486739,0.015,-6093.508307,6093.508307,0,-6093.508307,-1
"Bitcoin Up or Down - February 7, 10:45PM-11:00PM ET - Yes 🟢",0,0.724036,0.995,2328.592627,6109.437795,0,2328.592627,0.38114679372064875
"Bitcoin Up or Down - February 4, 6:45AM-7:00AM ET - No 🔴",0,0.453057,0.445,475.290797,393.704322,0,475.290797,1.2072277860338043
"Bitcoin Up or Down - February 4, 7:00AM-7:15AM ET - No 🔴",0,0.348345,0.145,-1454.749847,1454.749847,0,-1454.749847,-1
"Ethereum Up or Down - February 4, 7:00AM-7:15AM ET - Yes 🟢",0,0.491523,0.595,-800.583777,800.583778,0,-800.583777,-0.9999999987509115
"Ethereum Up or Down - February 4, 6:45AM-7:00AM ET - No 🔴",0,0.283355,0.655,-533.345255,533.345255,0,-533.345255,-1
"Bitcoin Up or Down - February 7, 10:45PM-11:00PM ET - Yes 🟢",0,0.466687,0.005,-1908.734246,1908.734246,0,-1908.734246,-1
"Bitcoin Up or Down - February 7, 11:15PM-11:30PM ET - No 🔴",0,0.497095,0.045,-2726.17308,2726.17308,0,-2726.17308,-1
"Ethereum Up or Down - February 4, 5:15AM-5:30AM ET - Yes 🟢",0,0.748055,0.605,252.172729,748.731157,0,252.172729,0.3368001006000609
"Ethereum Up or Down - February 7, 9:15PM-9:30PM ET - Yes 🟢",0,0.643171,0.125,-936.381773,936.381773,0,-936.381773,-1
"Bitcoin Up or Down - February 7, 9:15PM-9:30PM ET - Yes 🟢",0,0.410839,0.275,-2767.895466,2767.895467,0,-2767.895466,-0.9999999996387148
"Ethereum Up or Down - February 11, 12:15AM-12:30AM ET - Yes 🟢",0,0.559203,0.295,476.970045,605.092776,0,476.970045,0.7882593610735821
"Ethereum Up or Down - February 7, 9:15PM-9:30PM ET - No 🔴",0,0.399576,0.875,718.614721,478.23071,0,718.614721,1.502652811652351
"Bitcoin Up or Down - February 4, 5:00AM-5:15AM ET - Yes 🟢",0,0.686802,0.835,3141.944376,6889.870566,0,3141.944376,0.4560237156710616
"Ethereum Up or Down - February 11, 12:15AM-12:30AM ET - No 🔴",0,0.634226,0.705,-1154.473247,1154.473248,0,-1154.473247,-0.9999999991338041
"Bitcoin Up or Down - February 11, 12:15AM-12:30AM ET - Yes 🟢",0,0.617339,0.105,-7688.311258,7688.311258,0,-7688.311258,-1
"Ethereum Up or Down - February 4, 4:45AM-5:00AM ET - Yes 🟢",0,0.814952,0.975,101.575219,447.3376,0,101.575219,0.2270661330502958
"Bitcoin Up or Down - February 7, 11:30PM-11:45PM ET - Yes 🟢",0,0.575672,0.725,6067.39103,8231.432122,0,6067.39103,0.7371002931292836
"Ethereum Up or Down - February 7, 9:00PM-9:15PM ET - Yes 🟢",0,0.516626,0.215,-941.048817,941.048817,0,-941.048817,-1
"Bitcoin Up or Down - February 7, 9:00PM-9:15PM ET - Yes 🟢",0,0.607469,0.715,2945.48152,4558.337339,0,2945.48152,0.6461745371057103
"Ethereum Up or Down - February 4, 8:00AM-8:15AM ET - No 🔴",0,0.655815,0.795,598.051097,1139.535077,0,598.051097,0.5248202614126287
"Ethereum Up or Down - February 4, 7:45AM-8:00AM ET - Yes 🟢",0,0.169184,0.275,-340.82772,340.827721,0,-340.82772,-0.9999999970659662
"Bitcoin Up or Down - February 4, 7:45AM-8:00AM ET - No 🔴",0,0.564552,0.495,5944.500663,7706.958669,0,5944.500663,0.7713160169018158
"Ethereum Up or Down - February 11, 1:45AM-2:00AM ET - Yes 🟢",0,0.851113,0.935,152.886678,873.977177,0,152.886678,0.17493211724909835
"Bitcoin Up or Down - February 11, 1:45AM-2:00AM ET - Yes 🟢",0,0.261253,0.16,-4033.362115,4033.362115,0,-4033.362115,-1
"Bitcoin Up or Down - February 7, 11:45PM-12:00AM ET - Yes 🟢",0,0.669023,0.895,3737.442263,7554.708743,0,3737.442263,0.49471692293405994
"Ethereum Up or Down - February 7, 11:45PM-12:00AM ET - Yes 🟢",0,0.22656,0.015,-56.638803,56.638804,0,-56.638803,-0.99999998234426
"Bitcoin Up or Down - February 7, 11:30PM-11:45PM ET - No 🔴",0,0.46428,0.275,-5170.247781,5170.247781,0,-5170.247781,-1
"Bitcoin Up or Down - February 4, 4:45AM-5:00AM ET - Yes 🟢",0,0.597646,0.265,13701.806639,20352.301533,0,13701.806639,0.6732313108069554
"Ethereum Up or Down - February 7, 9:30PM-9:45PM ET - Yes 🟢",0,0.762064,0.9995,223.562789,716.029325,0,223.562789,0.31222574438553896
"Ethereum Up or Down - February 7, 9:30PM-9:45PM ET - Yes 🟢",0,0.521644,0.0005,-71.653019,71.65302,0,-71.653019,-0.9999999860438542
"Ethereum Up or Down - February 4, 5:30AM-5:45AM ET - Yes 🟢",0,0.936862,0.885,28.318024,420.191976,0,28.318024,0.06739306226066535
"Bitcoin Up or Down - February 4, 5:15AM-5:30AM ET - No 🔴",0,0.583585,0.685,5513.550145,7726.967477,0,5513.550145,0.7135464412671035
"Ethereum Up or Down - February 4, 5:15AM-5:30AM ET - Yes 🟢",0,0.405998,0.395,-355.166898,355.166899,0,-355.166898,-0.9999999971844225
"Bitcoin Up or Down - February 7, 9:15PM-9:30PM ET - Yes 🟢",0,0.56813,0.725,6046.844206,7954.693772,0,6046.844206,0.7601605265163688
"Bitcoin Up or Down - February 4, 5:00AM-5:15AM ET - No 🔴",0,0.390232,0.165,-3554.29328,3554.29328,0,-3554.29328,-1
"Ethereum Up or Down - February 4, 5:00AM-5:15AM ET - Yes 🟢",0,0.895961,0.998,110.967105,955.624322,0,110.967105,0.11612000913471937
"Ethereum Up or Down - February 4, 5:00AM-5:15AM ET - Yes 🟢",0,0.342593,0.002,-223.546132,223.546132,0,-223.546132,-1
"Ethereum Up or Down - February 7, 10:30PM-10:45PM ET - Yes 🟢",0,0.482632,0.005,-281.168903,281.168904,0,-281.168903,-0.999999996443419
"Bitcoin Up or Down - February 4, 4:45AM-5:00AM ET - No 🔴",0,0.458032,0.735,-411.725521,411.725522,0,-411.725521,-0.9999999975711974
"Bitcoin Up or Down - February 7, 9:00PM-9:15PM ET - No 🔴",0,0.428848,0.285,-5152.125907,5152.125908,0,-5152.125907,-0.9999999998059053
"Ethereum Up or Down - February 7, 8:45PM-9:00PM ET - No 🔴",0,0.272338,0.035,-323.037191,323.037191,0,-323.037191,-1
"Bitcoin Up or Down - February 7, 8:45PM-9:00PM ET - No 🔴",0,0.438917,0.145,-6534.463806,6534.463806,0,-6534.463806,-1
"Ethereum Up or Down - February 7, 9:00PM-9:15PM ET - Yes 🟢",0,0.351718,0.785,444.652593,241.24119,0,444.652593,1.8431868662229698
"Ethereum Up or Down - February 4, 4:30AM-4:45AM ET - Yes 🟢",0,0.807848,0.945,264.239356,1110.918625,0,264.239356,0.23785662608726177
"Bitcoin Up or Down - February 4, 4:30AM-4:45AM ET - No 🔴",0,0.59919,0.395,14971.790877,22382.044799,0,14971.790877,0.6689197082506475
"Ethereum Up or Down - February 11, 12:00AM-12:15AM ET - Yes 🟢",0,0.304399,0.015,-38.049875,38.049875,0,-38.049875,-1
"Bitcoin Up or Down - February 10, 11:45PM-12:00AM ET - Yes 🟢",0,0.635121,0.925,5461.814603,9507.023294,0,5461.814603,0.5745031261727336
"Bitcoin Up or Down - February 11, 12:15AM-12:30AM ET - No 🔴",0,0.643339,0.895,7671.408367,13837.554954,0,7671.408367,0.5543904535520878
"Bitcoin Up or Down - February 7, 10:30PM-10:45PM ET - No 🔴",0,0.72111,0.995,2735.996809,7074.311232,0,2735.996809,0.38675098101762456
"Ethereum Up or Down - February 11, 1:00AM-1:15AM ET - Yes 🟢",0,0.427703,0.985,31.370049,23.444233,0,31.370049,1.3380710300908545
"Bitcoin Up or Down - February 7, 10:15PM-10:30PM ET - Yes 🟢",0,0.696195,0.855,3769.748112,8638.698466,0,3769.748112,0.4363791752700818
"Bitcoin Up or Down - February 11, 12:45AM-1:00AM ET - Yes 🟢",0,0.366095,0.275,4312.705592,2490.688595,0,4312.705592,1.7315314329770721
"Bitcoin Up or Down - February 11, 12:45AM-1:00AM ET - Yes 🟢",0,0.675577,0.725,-12369.738632,12369.738632,0,-12369.738632,-1
"Ethereum Up or Down - February 11, 12:45AM-1:00AM ET - No 🔴",0,0.314563,0.155,-155.435886,155.435887,0,-155.435886,-0.9999999935664793
"Ethereum Up or Down - February 4, 6:30AM-6:45AM ET - No 🔴",0,0.35,0.023,-34.996767,34.996768,0,-34.996767,-0.9999999714259328
"Bitcoin Up or Down - February 7, 10:15PM-10:30PM ET - Yes 🟢",0,0.51291,0.145,-2493.514833,2493.514833,0,-2493.514833,-1
"Bitcoin Up or Down - February 4, 6:15AM-6:30AM ET - Yes 🟢",0,0.704386,0.605,2233.973339,5323.088705,0,2233.973339,0.4196761434581429
"Ethereum Up or Down - February 11, 12:30AM-12:45AM ET - Yes 🟢",0,0.390322,0.185,-72.893703,72.893704,0,-72.893703,-0.9999999862813941
"Ethereum Up or Down - February 7, 10:00PM-10:15PM ET - Yes 🟢",0,0.707847,0.935,447.049904,1083.141141,0,447.049904,0.41273467240591133
"Ethereum Up or Down - February 7, 9:45PM-10:00PM ET - Yes 🟢",0,0.653094,0.935,531.653616,1000.90453,0,531.653616,0.5311731539470603
"Bitcoin Up or Down - February 7, 9:45PM-10:00PM ET - No 🔴",0,0.660314,0.815,-13098.262384,13098.262384,0,-13098.262384,-1
"Ethereum Up or Down - February 11, 1:00AM-1:15AM ET - Yes 🟢",0,0.28546,0.015,-412.531959,412.531959,0,-412.531959,-1
"Ethereum Up or Down - February 4, 6:15AM-6:30AM ET - No 🔴",0,0.477402,0.0035,-92.816445,92.816446,0,-92.816445,-0.9999999892260473
"Ethereum Up or Down - February 4, 6:00AM-6:15AM ET - Yes 🟢",0,0.183265,0.0025,-199.147066,199.147067,0,-199.147066,-0.9999999949785854
"Ethereum Up or Down - February 4, 5:45AM-6:00AM ET - No 🔴",0,0.256596,0.075,-613.890478,613.890479,0,-613.890478,-0.9999999983710449
"Ethereum Up or Down - February 4, 5:45AM-6:00AM ET - Yes 🟢",0,0.845619,0.925,103.22096,565.390856,0,103.22096,0.18256566922617512
"Bitcoin Up or Down - February 4, 5:45AM-6:00AM ET - No 🔴",0,0.387755,0.135,-1662.358334,1662.358335,0,-1662.358334,-0.9999999993984452
"Bitcoin Up or Down - February 11, 12:30AM-12:45AM ET - No 🔴",0,0.695518,0.805,4655.244673,10633.818961,0,4655.244673,0.4377773112438076
"Bitcoin Up or Down - February 7, 10:00PM-10:15PM ET - Yes 🟢",0,0.366009,0.015,-1933.714874,1933.714874,0,-1933.714874,-1
"Bitcoin Up or Down - February 4, 1:00AM-1:15AM ET - No 🔴",0,0.461258,0.0005,-451.260261,451.260261,0,-451.260261,-1
"Bitcoin Up or Down - February 7, 6:15PM-6:30PM ET - No 🔴",0,0.616305,0.655,8218.969542,13201.610716,0,8218.969542,0.6225732388881025
"Ethereum Up or Down - February 4, 1:00AM-1:15AM ET - Yes 🟢",0,0.274524,0.0015,-247.9231,247.923101,0,-247.9231,-0.9999999959664911
"Bitcoin Up or Down - February 4, 12:45AM-1:00AM ET - Yes 🟢",0,0.534827,0.095,4316.740068,4963.1194,0,4316.740068,0.8697634934996727
"Bitcoin Up or Down - February 4, 12:30AM-12:45AM ET - Yes 🟢",0,0.766917,0.945,1682.411077,5535.666077,0,1682.411077,0.3039220671185727
"Bitcoin Up or Down - February 4, 12:30AM-12:45AM ET - Yes 🟢",0,0.375627,0.055,-619.377947,619.377947,0,-619.377947,-1
"Ethereum Up or Down - February 4, 12:30AM-12:45AM ET - No 🔴",0,0.893078,0.955,60.777277,507.649029,0,60.777277,0.11972302423137304
"Ethereum Up or Down - February 7, 6:00PM-6:15PM ET - Yes 🟢",0,0.872664,0.935,242.346391,1660.857661,0,242.346391,0.145916412159055
"Ethereum Up or Down - February 10, 10:00PM-10:15PM ET - No 🔴",0,0.669152,0.745,370.056931,748.453476,0,370.056931,0.49442876927730384
"Bitcoin Up or Down - February 4, 3:00AM-3:15AM ET - No 🔴",0,0.836997,0.975,913.942874,4692.965431,0,913.942874,0.19474741236379672
"Ethereum Up or Down - February 10, 10:00PM-10:15PM ET - Yes 🟢",0,0.300275,0.255,-353.079216,353.079217,0,-353.079216,-0.9999999971677742
"Ethereum Up or Down - February 7, 6:00PM-6:15PM ET - Yes 🟢",0,0.36395,0.065,-354.87654,354.876541,0,-354.87654,-0.9999999971821186
"Bitcoin Up or Down - February 7, 6:00PM-6:15PM ET - Yes 🟢",0,0.770615,0.9935,3624.202887,12175.447862,0,3624.202887,0.2976648520923213
"Ethereum Up or Down - February 4, 12:15AM-12:30AM ET - No 🔴",0,0.805241,0.9985,264.703194,1094.428833,0,264.703194,0.2418642364112496
"Bitcoin Up or Down - February 7, 6:00PM-6:15PM ET - Yes 🟢",0,0.522426,0.0065,-1385.192317,1385.192317,0,-1385.192317,-1
"Bitcoin Up or Down - February 4, 12:00AM-12:15AM ET - Yes 🟢",0,0.568262,0.54,6914.637446,9101.181051,0,6914.637446,0.7597516637953542
"Ethereum Up or Down - February 7, 5:45PM-6:00PM ET - Yes 🟢",0,0.568402,0.785,-735.176348,735.176348,0,-735.176348,-1
"Bitcoin Up or Down - February 3, 11:45PM-12:00AM ET - No 🔴",0,0.776332,0.9925,1403.430904,4871.185511,0,1403.430904,0.2881086956821506
"Ethereum Up or Down - February 3, 11:45PM-12:00AM ET - No 🔴",0,0.608719,0.525,361.067549,561.715692,0,361.067549,0.6427941290271093
"Bitcoin Up or Down - February 10, 10:00PM-10:15PM ET - Yes 🟢",0,0.521682,0.425,-9191.772409,9191.772409,0,-9191.772409,-1
"Ethereum Up or Down - February 10, 9:00PM-9:15PM ET - Yes 🟢",0,0.723875,0.865,131.534742,344.824668,0,131.534742,0.38145397996874164
"Bitcoin Up or Down - February 3, 9:45PM-10:00PM ET - No 🔴",0,0.729321,0.66,4015.124565,10818.403583,0,4015.124565,0.37113836012823115
"Ethereum Up or Down - February 3, 9:30PM-9:45PM ET - Yes 🟢",0,0.269398,0.015,-514.368639,514.36864,0,-514.368639,-0.9999999980558691
"Ethereum Up or Down - February 3, 9:30PM-9:45PM ET - No 🔴",0,0.818993,0.985,337.457686,1526.877321,0,337.457686,0.22101165650884666
"Bitcoin Up or Down - February 7, 4:15PM-4:30PM ET - Yes 🟢",0,0.636497,0.625,-10737.534284,10737.534285,0,-10737.534284,-0.9999999999068687
"Bitcoin Up or Down - February 3, 9:45PM-10:00PM ET - Yes 🟢",0,0.579892,0.34,-2890.114149,2890.11415,0,-2890.114149,-0.999999999653993
"Bitcoin Up or Down - February 3, 9:15PM-9:30PM ET - No 🔴",0,0.860765,0.275,1654.581434,10228.791526,0,1654.581434,0.16175727404300994
"Ethereum Up or Down - February 3, 9:15PM-9:30PM ET - Yes 🟢",0,0.722407,0.805,-1304.826604,1304.826604,0,-1304.826604,-1
"Ethereum Up or Down - February 7, 4:00PM-4:15PM ET - Yes 🟢",0,0.550746,0.695,-844.719732,844.719733,0,-844.719732,-0.9999999988161754
"Ethereum Up or Down - February 4, 12:45AM-1:00AM ET - Yes 🟢",0,0.39816,0.085,1502.816467,994.220066,0,1502.816467,1.511553144412195
"Ethereum Up or Down - February 3, 9:00PM-9:15PM ET - No 🔴",0,0.487993,0.685,813.842677,775.67207,0,813.842677,1.0492097220929975
"Ethereum Up or Down - February 7, 3:45PM-4:00PM ET - Yes 🟢",0,0.836573,0.9895,200.444665,1026.064205,0,200.444665,0.19535294577399276
"Ethereum Up or Down - February 7, 4:00PM-4:15PM ET - Yes 🟢",0,0.447913,0.305,406.844885,330.076805,0,406.844885,1.2325764150558838
"Bitcoin Up or Down - February 7, 4:00PM-4:15PM ET - Yes 🟢",0,0.42157,0.085,-2572.654295,2572.654296,0,-2572.654295,-0.9999999996112963
"Bitcoin Up or Down - February 3, 8:45PM-9:00PM ET - No 🔴",0,0.831665,0.994,1291.811861,6382.24203,0,1291.811861,0.20240721911324944
"Ethereum Up or Down - February 3, 8:45PM-9:00PM ET - Yes 🟢",0,0.375402,0.0145,-121.442547,121.442547,0,-121.442547,-1
"Bitcoin Up or Down - February 7, 3:45PM-4:00PM ET - Yes 🟢",0,0.326127,0.085,-733.176638,733.176638,0,-733.176638,-1
"Ethereum Up or Down - February 4, 1:15AM-1:30AM ET - Yes 🟢",0,0.130489,0.006,-54.576573,54.576574,0,-54.576573,-0.9999999816771203
"Ethereum Up or Down - February 4, 1:15AM-1:30AM ET - Yes 🟢",0,0.592498,0.994,163.0008,236.9992,0,163.0008,0.687769410192102
"Ethereum Up or Down - February 4, 12:45AM-1:00AM ET - No 🔴",0,0.494817,0.915,-1377.09043,1377.090431,0,-1377.09043,-0.9999999992738311
"Bitcoin Up or Down - February 3, 9:00PM-9:15PM ET - No 🔴",0,0.644945,0.5,2558.930101,4648.207106,0,2558.930101,0.5505198117564256
"Ethereum Up or Down - February 7, 4:45PM-5:00PM ET - Yes 🟢",0,0.175758,0.135,-121.228046,121.228046,0,-121.228046,-1
"Ethereum Up or Down - February 3, 10:30PM-10:45PM ET - Yes 🟢",0,0.274521,0.0015,-362.030566,362.030567,0,-362.030566,-0.9999999972378023
"Ethereum Up or Down - February 3, 10:30PM-10:45PM ET - Yes 🟢",0,0.944432,0.9985,31.125938,529.015488,0,31.125938,0.05883747963159824
"Bitcoin Up or Down - February 3, 10:30PM-10:45PM ET - Yes 🟢",0,0.818181,0.9985,630.330487,2836.471593,0,630.330487,0.22222344428040952
"Ethereum Up or Down - February 7, 4:45PM-5:00PM ET - Yes 🟢",0,0.715951,0.865,500.865469,1262.441106,0,500.865469,0.3967436315401473
"Bitcoin Up or Down - February 3, 10:15PM-10:30PM ET - No 🔴",0,0.763875,0.9755,1334.647516,4317.644772,0,1334.647516,0.3091147110237535
"Ethereum Up or Down - February 10, 9:15PM-9:30PM ET - Yes 🟢",0,0.737908,0.965,189.294284,532.949371,0,189.294284,0.3551824888071779
"Ethereum Up or Down - February 3, 10:15PM-10:30PM ET - Yes 🟢",0,0.290197,0.045,-76.792908,76.792909,0,-76.792908,-0.9999999869779643
"Ethereum Up or Down - February 3, 10:00PM-10:15PM ET - No 🔴",0,0.303344,0.003,-340.815258,340.815259,0,-340.815258,-0.999999997065859
"Bitcoin Up or Down - February 7, 5:45PM-6:00PM ET - Yes 🟢",0,0.630718,0.775,8115.792531,13861.429568,0,8115.792531,0.5854946267400751
"Ethereum Up or Down - February 10, 9:00PM-9:15PM ET - Yes 🟢",0,0.220085,0.135,-136.320517,136.320518,0,-136.320517,-0.9999999926643471
"Bitcoin Up or Down - February 10, 8:45PM-9:00PM ET - No 🔴",0,0.676013,0.845,4975.653823,10381.91862,0,4975.653823,0.47926149347913105
"Ethereum Up or Down - February 10, 8:45PM-9:00PM ET - No 🔴",0,0.678757,0.885,247.773311,523.522286,0,247.773311,0.4732813055450327
"Ethereum Up or Down - February 3, 9:45PM-10:00PM ET - No 🔴",0,0.844752,0.905,273.523557,1488.325595,0,273.523557,0.18377938128518173
"Ethereum Up or Down - February 3, 9:45PM-10:00PM ET - Yes 🟢",0,0.333624,0.095,-187.791334,187.791334,0,-187.791334,-1
"Bitcoin Up or Down - February 3, 9:30PM-9:45PM ET - No 🔴",0,0.715923,0.995,2925.343323,7372.36935,0,2925.343323,0.39679825902916815
"Bitcoin Up or Down - February 3, 9:30PM-9:45PM ET - Yes 🟢",0,0.377835,0.005,-290.890446,290.890447,0,-290.890446,-0.9999999965622797
"Ethereum Up or Down - February 7, 4:15PM-4:30PM ET - No 🔴",0,0.558438,0.715,-1060.78569,1060.78569,0,-1060.78569,-1
"Bitcoin Up or Down - February 7, 4:15PM-4:30PM ET - No 🔴",0,0.49172,0.375,8573.843496,8294.503667,0,8573.843496,1.0336777027553032
"Bitcoin Up or Down - February 10, 9:00PM-9:15PM ET - No 🔴",0,0.385368,0.795,914.230096,573.212953,0,914.230096,1.5949222557083425
"Ethereum Up or Down - February 10, 9:45PM-10:00PM ET - No 🔴",0,0.909164,0.9875,119.792698,1198.987287,0,119.792698,0.09991156645183014
"Bitcoin Up or Down - February 10, 9:45PM-10:00PM ET - No 🔴",0,0.794012,0.9965,1897.609621,7314.624206,0,1897.609621,0.25942680957463804
"Bitcoin Up or Down - February 7, 5:45PM-6:00PM ET - No 🔴",0,0.567073,0.225,-937.336715,937.336716,0,-937.336715,-0.9999999989331475
"Bitcoin Up or Down - February 3, 11:30PM-11:45PM ET - Yes 🟢",0,0.784539,0.485,-8625.566772,8625.566773,0,-8625.566772,-0.9999999998840656
"Ethereum Up or Down - February 3, 11:30PM-11:45PM ET - Yes 🟢",0,0.537996,0.305,-820.423992,820.423993,0,-820.423992,-0.9999999987811179
"Ethereum Up or Down - February 7, 5:30PM-5:45PM ET - Yes 🟢",0,0.70674,0.985,488.81637,1178.019784,0,488.81637,0.41494750482051324
"Bitcoin Up or Down - February 7, 5:30PM-5:45PM ET - Yes 🟢",0,0.4,0.005,-15.908,15.908,0,-15.908,-1
"Ethereum Up or Down - February 10, 9:30PM-9:45PM ET - No 🔴",0,0.85158,0.9985,91.514287,525.075712,0,91.514287,0.17428779299546043
"Bitcoin Up or Down - February 3, 11:15PM-11:30PM ET - Yes 🟢",0,0.441599,0.265,-144.003633,144.003634,0,-144.003633,-0.9999999930557308
"Ethereum Up or Down - February 3, 10:45PM-11:00PM ET - Yes 🟢",0,0.429315,0.595,1276.991612,960.655448,0,1276.991612,1.3292920106356385
"Ethereum Up or Down - February 3, 11:15PM-11:30PM ET - Yes 🟢",0,0.45,0.175,-2.266362,2.266363,0,-2.266362,-0.9999995587644167
"Ethereum Up or Down - February 3, 11:00PM-11:15PM ET - No 🔴",0,0.401185,0.045,-676.874984,676.874984,0,-676.874984,-1
"Bitcoin Up or Down - February 3, 11:00PM-11:15PM ET - Yes 🟢",0,0.650078,0.825,4954.726343,9204.790187,0,4954.726343,0.5382769451929063
"Ethereum Up or Down - February 3, 11:00PM-11:15PM ET - Yes 🟢",0,0.724269,0.955,381.562147,1002.258126,0,381.562147,0.380702472847798
"Ethereum Up or Down - February 7, 5:15PM-5:30PM ET - Yes 🟢",0,0.717689,0.615,471.329605,1198.210744,0,471.329605,0.39336119072556075
"Ethereum Up or Down - February 7, 5:00PM-5:15PM ET - Yes 🟢",0,0.549213,0.725,-875.301379,875.30138,0,-875.301379,-0.9999999988575364
"Ethereum Up or Down - February 7, 5:00PM-5:15PM ET - Yes 🟢",0,0.36489,0.275,994.184766,571.189368,0,994.184766,1.7405519459879024
"Bitcoin Up or Down - February 7, 5:00PM-5:15PM ET - No 🔴",0,0.471972,0.095,-8743.836046,8743.836046,0,-8743.836046,-1
"Ethereum Up or Down - February 7, 4:30PM-4:45PM ET - Yes 🟢",0,0.359267,0.265,-435.848652,435.848653,0,-435.848652,-0.9999999977056255
"Ethereum Up or Down - February 3, 10:45PM-11:00PM ET - No 🔴",0,0.43366,0.405,-1063.711272,1063.711273,0,-1063.711272,-0.9999999990598955
"Ethereum Up or Down - February 3, 11:15PM-11:30PM ET - No 🔴",0,0.770513,0.825,35.875468,120.453511,0,35.875468,0.29783663176077946
"Bitcoin Up or Down - February 4, 2:00AM-2:15AM ET - No 🔴",0,0.8082,0.9845,1297.352637,5466.738278,0,1297.352637,0.23731749555689993
"Bitcoin Up or Down - February 4, 1:45AM-2:00AM ET - Yes 🟢",0,0.367963,0.135,-1284.835794,1284.835795,0,-1284.835794,-0.9999999992216906
"Ethereum Up or Down - February 4, 1:45AM-2:00AM ET - Yes 🟢",0,0.538983,0.815,1104.045611,1290.758943,0,1104.045611,0.8553460868796785
"Ethereum Up or Down - February 7, 6:30PM-6:45PM ET - Yes 🟢",0,0.753127,0.945,148.049972,451.650978,0,148.049972,0.3277973019245848
"Ethereum Up or Down - February 7, 6:45PM-7:00PM ET - No 🔴",0,0.301207,0.035,706.545457,304.548611,0,706.545457,2.319975962720776
"Ethereum Up or Down - February 7, 6:30PM-6:45PM ET - Yes 🟢",0,0.370185,0.055,-115.114545,115.114546,0,-115.114545,-0.9999999913130005
"Bitcoin Up or Down - February 4, 2:00AM-2:15AM ET - Yes 🟢",0,0.057783,0.0155,-27.107901,27.107901,0,-27.107901,-1
"Bitcoin Up or Down - February 10, 10:15PM-10:30PM ET - Yes 🟢",0,0.225732,0.0005,-551.043591,551.043591,0,-551.043591,-1
"Ethereum Up or Down - February 10, 10:15PM-10:30PM ET - Yes 🟢",0,0.38295,0.995,1119.500378,694.777846,0,1119.500378,1.6113069586850357
"Ethereum Up or Down - February 10, 8:45PM-9:00PM ET - Yes 🟢",0,0.170312,0.115,-112.470224,112.470224,0,-112.470224,-1
"Bitcoin Up or Down - February 4, 1:30AM-1:45AM ET - Yes 🟢",0,0.73794,0.9995,1241.185779,3495.079883,0,1241.185779,0.3551237226471141
"Bitcoin Up or Down - February 10, 10:30PM-10:45PM ET - Yes 🟢",0,0.737282,0.9985,2394.866737,6720.864721,0,2394.866737,0.3563331262295764
"Bitcoin Up or Down - February 4, 1:15AM-1:30AM ET - Yes 🟢",0,0.212228,0.47,-812.973328,812.973328,0,-812.973328,-1
"Bitcoin Up or Down - February 4, 1:00AM-1:15AM ET - Yes 🟢",0,0.687332,0.9995,2699.973746,5935.29992,0,2699.973746,0.4549009792920456
"Ethereum Up or Down - February 4, 1:00AM-1:15AM ET - Yes 🟢",0,0.330729,0.9985,623.892408,308.304577,0,623.892408,2.0236235675476206
"Bitcoin Up or Down - February 7, 6:15PM-6:30PM ET - Yes 🟢",0,0.481974,0.345,-1979.530822,1979.530822,0,-1979.530822,-1
"Ethereum Up or Down - February 7, 6:15PM-6:30PM ET - Yes 🟢",0,0.695858,0.955,424.745026,971.790232,0,424.745026,0.43707480484327405
"Bitcoin Up or Down - February 4, 12:45AM-1:00AM ET - No 🔴",0,0.597483,0.905,-6203.061726,6203.061726,0,-6203.061726,-1
"Ethereum Up or Down - February 4, 12:30AM-12:45AM ET - Yes 🟢",0,0.285148,0.045,-76.147194,76.147195,0,-76.147194,-0.9999999868675399
"Bitcoin Up or Down - February 4, 1:30AM-1:45AM ET - Yes 🟢",0,0.509692,0.0005,-650.507439,650.50744,0,-650.507439,-0.9999999984627386
"Bitcoin Up or Down - February 4, 3:00AM-3:15AM ET - Yes 🟢",0,0.336955,0.025,-656.366388,656.366388,0,-656.366388,-1
"Ethereum Up or Down - February 7, 7:30PM-7:45PM ET - No 🔴",0,0.598002,0.535,455.223014,677.178178,0,455.223014,0.672235208973317
"Bitcoin Up or Down - February 7, 7:30PM-7:45PM ET - No 🔴",0,0.677856,0.795,6691.364169,14079.980849,0,6691.364169,0.4752395788574698
"Ethereum Up or Down - February 10, 11:15PM-11:30PM ET - Yes 🟢",0,0.730033,0.9985,525.469985,1420.953043,0,525.469985,0.36980109060507493
"Bitcoin Up or Down - February 4, 2:45AM-3:00AM ET - Yes 🟢",0,0.597,0.755,2575.249967,3814.948463,0,2575.249967,0.6750418759195699
"Bitcoin Up or Down - February 4, 2:45AM-3:00AM ET - Yes 🟢",0,0.241516,0.245,-442.72108,442.72108,0,-442.72108,-1
"Ethereum Up or Down - February 4, 2:45AM-3:00AM ET - No 🔴",0,0.807999,0.965,39.504212,166.245822,0,39.504212,0.23762529202087257
"Ethereum Up or Down - February 4, 2:30AM-2:45AM ET - Yes 🟢",0,0.948032,0.985,114.655188,2091.60999,0,114.655188,0.05481671465912247
"Bitcoin Up or Down - February 4, 2:30AM-2:45AM ET - Yes 🟢",0,0.824244,0.925,1783.434022,8363.781563,0,1783.434022,0.2132329746498426
"Ethereum Up or Down - February 4, 2:00AM-2:15AM ET - No 🔴",0,0.445172,0.997,-1655.556658,1655.556659,0,-1655.556658,-0.9999999993959734
"Ethereum Up or Down - February 7, 7:15PM-7:30PM ET - Yes 🟢",0,0.869556,0.975,165.875304,1105.7455,0,165.875304,0.15001218996595508
"Ethereum Up or Down - February 10, 11:00PM-11:15PM ET - No 🔴",0,0.617256,0.965,524.243143,845.453426,0,524.243143,0.6200733557616455
"Bitcoin Up or Down - February 10, 10:45PM-11:00PM ET - Yes 🟢",0,0.434267,0.015,-2015.609093,2015.609093,0,-2015.609093,-1
"Ethereum Up or Down - February 10, 10:45PM-11:00PM ET - No 🔴",0,0.639821,0.985,123.062358,218.607641,0,123.062358,0.56293712990572
"Bitcoin Up or Down - February 7, 7:15PM-7:30PM ET - Yes 🟢",0,0.739418,0.9945,5285.967848,14999.269998,0,5285.967848,0.3524150074440177
"Ethereum Up or Down - February 7, 7:00PM-7:15PM ET - Yes 🟢",0,0.756048,0.735,307.761076,953.802988,0,307.761076,0.32266734312222556
"Ethereum Up or Down - February 7, 7:00PM-7:15PM ET - No 🔴",0,0.34128,0.265,-393.388455,393.388456,0,-393.388455,-0.9999999974579833
"Bitcoin Up or Down - February 7, 7:15PM-7:30PM ET - Yes 🟢",0,0.283388,0.0055,-140.162031,140.162031,0,-140.162031,-1
"Bitcoin Up or Down - February 4, 2:15AM-2:30AM ET - No 🔴",0,0.633026,0.9805,2301.279051,3969.68034,0,2301.279051,0.5797139451787697
"Ethereum Up or Down - February 4, 2:00AM-2:15AM ET - Yes 🟢",0,0.418369,0.003,1612.452638,1159.842233,0,1612.452638,1.3902344578618218
"Bitcoin Up or Down - February 4, 2:30AM-2:45AM ET - No 🔴",0,0.491592,0.075,-3929.201864,3929.201865,0,-3929.201864,-0.9999999997454956
"Bitcoin Up or Down - February 3, 11:00PM-11:15PM ET - No 🔴",0,0.545142,0.175,-4130.747697,4130.747698,0,-4130.747697,-0.999999999757913
"Bitcoin Up or Down - February 7, 5:15PM-5:30PM ET - Yes 🟢",0,0.461601,0.435,1858.613317,1593.498067,0,1858.613317,1.1663731230619685
"Bitcoin Up or Down - February 7, 5:00PM-5:15PM ET - Yes 🟢",0,0.870584,0.905,2496.99298,16797.32133,0,2496.99298,0.14865423664548066
"Bitcoin Up or Down - February 7, 4:30PM-4:45PM ET - Yes 🟢",0,0.597431,0.495,-12446.357059,12446.35706,0,-12446.357059,-0.999999999919655
"Ethereum Up or Down - February 7, 4:30PM-4:45PM ET - Yes 🟢",0,0.520499,0.735,639.370205,694.037244,0,639.370205,0.9212332775040529
"Bitcoin Up or Down - February 3, 10:45PM-11:00PM ET - Yes 🟢",0,0.666132,0.815,3797.470064,7576.695966,0,3797.470064,0.5012039655597815
"Bitcoin Up or Down - February 3, 10:45PM-11:00PM ET - No 🔴",0,0.414017,0.185,-2171.623814,2171.623815,0,-2171.623814,-0.9999999995395151
"Bitcoin Up or Down - February 10, 9:15PM-9:30PM ET - No 🔴",0,0.188072,0.095,-452.093933,452.093933,0,-452.093933,-1
"Bitcoin Up or Down - February 7, 4:45PM-5:00PM ET - Yes 🟢",0,0.592022,0.665,-13413.87821,13413.87821,0,-13413.87821,-1
"Ethereum Up or Down - February 7, 6:15PM-6:30PM ET - Yes 🟢",0,0.456235,0.045,-183.846313,183.846314,0,-183.846313,-0.9999999945606742
"Bitcoin Up or Down - February 3, 10:30PM-10:45PM ET - No 🔴",0,0.336843,0.0015,-586.432797,586.432797,0,-586.432797,-1
"Bitcoin Up or Down - February 10, 9:15PM-9:30PM ET - Yes 🟢",0,0.718802,0.905,2507.216279,6408.978997,0,2507.216279,0.39120369721504955
"Ethereum Up or Down - February 3, 10:15PM-10:30PM ET - No 🔴",0,0.806962,0.955,186.002132,777.549772,0,186.002132,0.2392157244436823
"Bitcoin Up or Down - February 3, 10:15PM-10:30PM ET - Yes 🟢",0,0.303929,0.0245,-470.681086,470.681086,0,-470.681086,-1
"Bitcoin Up or Down - February 3, 10:00PM-10:15PM ET - Yes 🟢",0,0.735909,0.9975,3235.993683,9017.334462,0,3235.993683,0.35886366382846496
"Bitcoin Up or Down - February 3, 10:00PM-10:15PM ET - No 🔴",0,0.453313,0.0025,-922.934969,922.93497,0,-922.934969,-0.9999999989165
"Ethereum Up or Down - February 3, 10:00PM-10:15PM ET - Yes 🟢",0,0.844009,0.997,87.101318,471.272681,0,87.101318,0.18482148766862216
"Bitcoin Up or Down - February 10, 9:00PM-9:15PM ET - Yes 🟢",0,0.679543,0.205,-10679.227582,10679.227583,0,-10679.227582,-0.9999999999063602
"Bitcoin Up or Down - February 10, 8:45PM-9:00PM ET - Yes 🟢",0,0.501236,0.155,-3941.173908,3941.173908,0,-3941.173908,-1
"Bitcoin Up or Down - February 7, 4:45PM-5:00PM ET - Yes 🟢",0,0.526157,0.335,5861.386975,6508.505532,0,5861.386975,0.9005734029389161
"Bitcoin Up or Down - February 10, 10:00PM-10:15PM ET - No 🔴",0,0.461818,0.575,14601.888674,12529.989899,0,14601.888674,1.165355183180583
"Ethereum Up or Down - February 4, 12:15AM-12:30AM ET - Yes 🟢",0,0.197916,0.0015,-131.764369,131.76437,0,-131.764369,-0.9999999924106947
"Bitcoin Up or Down - February 4, 12:15AM-12:30AM ET - No 🔴",0,0.705182,0.82,3832.951474,9168.125375,0,3832.951474,0.4180736319828087
"Bitcoin Up or Down - February 4, 12:15AM-12:30AM ET - Yes 🟢",0,0.47619,0.18,-3728.646717,3728.646718,0,-3728.646717,-0.9999999997318062
"Ethereum Up or Down - February 4, 12:00AM-12:15AM ET - No 🔴",0,0.34873,0.065,-641.722719,641.722719,0,-641.722719,-1
"Bitcoin Up or Down - February 4, 12:00AM-12:15AM ET - No 🔴",0,0.493173,0.46,-8759.612702,8759.612702,0,-8759.612702,-1
"Ethereum Up or Down - February 4, 12:00AM-12:15AM ET - Yes 🟢",0,0.533976,0.935,329.566686,377.621541,0,329.566686,0.8727433427850982
"Ethereum Up or Down - February 7, 5:45PM-6:00PM ET - No 🔴",0,0.396076,0.215,923.927287,605.946153,0,923.927287,1.524767972245877
"Bitcoin Up or Down - February 3, 11:45PM-12:00AM ET - Yes 🟢",0,0.413073,0.0075,-137.139164,137.139164,0,-137.139164,-1
"Bitcoin Up or Down - February 7, 5:15PM-5:30PM ET - Yes 🟢",0,0.7341,0.565,-17295.193631,17295.193631,0,-17295.193631,-1
"Bitcoin Up or Down - February 10, 9:45PM-10:00PM ET - Yes 🟢",0,0.239466,0.0035,-496.43723,496.437231,0,-496.43723,-0.9999999979856465
"Ethereum Up or Down - February 10, 9:45PM-10:00PM ET - Yes 🟢",0,0.272365,0.0125,-149.587983,149.587983,0,-149.587983,-1
"Bitcoin Up or Down - February 3, 11:30PM-11:45PM ET - No 🔴",0,0.348967,0.515,5717.752239,3064.832114,0,5717.752239,1.8656004721699417
"Ethereum Up or Down - February 3, 11:30PM-11:45PM ET - No 🔴",0,0.515004,0.695,726.733112,771.698034,0,726.733112,0.9417324911832029
"Ethereum Up or Down - February 7, 5:15PM-5:30PM ET - Yes 🟢",0,0.02,0.385,-3,3,0,-3,-1
"Bitcoin Up or Down - February 7, 5:30PM-5:45PM ET - No 🔴",0,0.729339,0.995,5867.699654,15811.447524,0,5867.699654,0.37110452063882776
"Bitcoin Up or Down - February 10, 9:30PM-9:45PM ET - Yes 🟢",0,0.580044,0.005,-4151.867539,4151.867539,0,-4151.867539,-1
"Ethereum Up or Down - February 10, 9:30PM-9:45PM ET - Yes 🟢",0,0.205059,0.0015,-319.061541,319.061542,0,-319.061541,-0.9999999968658085
"Bitcoin Up or Down - February 10, 9:30PM-9:45PM ET - No 🔴",0,0.713539,0.995,4801.230516,11959.272715,0,4801.230516,0.4014650916002629
"Bitcoin Up or Down - February 3, 11:15PM-11:30PM ET - No 🔴",0,0.762723,0.735,1721.667455,5534.271619,0,1721.667455,0.31109196901164965
"Ethereum Up or Down - February 3, 11:45PM-12:00AM ET - Yes 🟢",0,0.332502,0.475,-1315.423522,1315.423523,0,-1315.423522,-0.9999999992397887
"Bitcoin Up or Down - February 11, 4:30AM-4:45AM ET - No 🔴",0,0.666552,0.915,4437.802283,8871.02633,0,4437.802283,0.5002580443248442
"Ethereum Up or Down - February 11, 4:30AM-4:45AM ET - Yes 🟢",0,0.385956,0.065,-231.709835,231.709835,0,-231.709835,-1
"Ethereum Up or Down - February 11, 4:30AM-4:45AM ET - Yes 🟢",0,0.699244,0.935,390.642945,908.227054,0,390.642945,0.4301159531413827
"Bitcoin Up or Down - February 11, 4:45AM-5:00AM ET - Yes 🟢",0,0.437695,0.515,2881.221259,2242.72617,0,2881.221259,1.2846959640195397
"Ethereum Up or Down - February 4, 2:15PM-2:30PM ET - No 🔴",0,0.367812,0.895,832.693933,484.467945,0,832.693933,1.718780244583571
"Bitcoin Up or Down - February 4, 2:00PM-2:15PM ET - No 🔴",0,0.338296,0.065,-1818.859043,1818.859043,0,-1818.859043,-1
"Ethereum Up or Down - February 4, 2:00PM-2:15PM ET - No 🔴",0,0.289724,0.145,-166.15005,166.150051,0,-166.15005,-0.9999999939813439
"Bitcoin Up or Down - February 4, 1:45PM-2:00PM ET - No 🔴",0,0.77881,0.985,3465.498842,12202.02158,0,3465.498842,0.2840102207063954
"Ethereum Up or Down - February 4, 1:45PM-2:00PM ET - No 🔴",0,0.836084,0.985,494.357207,2521.560745,0,494.357207,0.19605207131347535
"Bitcoin Up or Down - February 4, 5:15AM-5:30AM ET - Yes 🟢",0,0.604464,0.315,-7351.423574,7351.423574,0,-7351.423574,-1
"Bitcoin Up or Down - February 8, 4:15AM-4:30AM ET - Yes 🟢",0,0.626378,0.635,4992.568112,8370.050022,0,4992.568112,0.5964800806300367
"Ethereum Up or Down - February 8, 4:30AM-4:45AM ET - Yes 🟢",0,0.344603,0.035,-422.023804,422.023805,0,-422.023804,-0.9999999976304654
"Ethereum Up or Down - February 8, 4:30AM-4:45AM ET - Yes 🟢",0,0.749928,0.965,134.696119,403.933233,0,134.696119,0.3334613445881043
"Ethereum Up or Down - February 4, 1:30PM-1:45PM ET - Yes 🟢",0,0.396768,0.0105,-468.083349,468.08335,0,-468.083349,-0.9999999978636284
"Bitcoin Up or Down - February 4, 1:30PM-1:45PM ET - Yes 🟢",0,0.662857,0.995,2734.761545,5376.815873,0,2734.761545,0.5086210146664623
"Ethereum Up or Down - February 4, 1:15PM-1:30PM ET - No 🔴",0,0.684341,0.025,-878.755375,878.755375,0,-878.755375,-1
"Bitcoin Up or Down - February 4, 1:00PM-1:15PM ET - Yes 🟢",0,0.862497,0.995,2415.684629,15152.547551,0,2415.684629,0.1594243226011573
"Bitcoin Up or Down - February 4, 1:00PM-1:15PM ET - No 🔴",0,0.406763,0.005,-5638.805694,5638.805695,0,-5638.805694,-0.9999999998226573
"Bitcoin Up or Down - February 4, 12:45PM-1:00PM ET - No 🔴",0,0.786128,0.775,1804.735654,6633.655786,0,1804.735654,0.27205747663434765
"Ethereum Up or Down - February 11, 4:45AM-5:00AM ET - No 🔴",0,0.558434,0.775,552.186819,698.332513,0,552.186819,0.7907219107239248
"Bitcoin Up or Down - February 8, 3:30AM-3:45AM ET - Yes 🟢",0,0.777836,0.985,3021.215225,10577.816234,0,3021.215225,0.28561804801344404
"Ethereum Up or Down - February 4, 11:45AM-12:00PM ET - Yes 🟢",0,0.774323,0.855,361.955004,1241.908059,0,361.955004,0.29145072485595325
"Bitcoin Up or Down - February 4, 11:45AM-12:00PM ET - Yes 🟢",0,0.567893,0.915,2851.323697,3747.328251,0,2851.323697,0.7608950980579575
"Bitcoin Up or Down - February 4, 11:30AM-11:45AM ET - No 🔴",0,0.799046,0.9995,2220.886977,8830.831216,0,2220.886977,0.2514924045854394
"Bitcoin Up or Down - February 8, 3:15AM-3:30AM ET - Yes 🟢",0,0.791249,0.9975,3722.523087,14109.837418,0,3722.523087,0.2638246619518915
"Ethereum Up or Down - February 4, 11:15AM-11:30AM ET - Yes 🟢",0,0.78401,0.975,512.611481,1860.699696,0,512.611481,0.2754939349439223
"Ethereum Up or Down - February 4, 11:15AM-11:30AM ET - Yes 🟢",0,0.100424,0.025,-249.058185,249.058185,0,-249.058185,-1
"Bitcoin Up or Down - February 11, 3:45AM-4:00AM ET - No 🔴",0,0.675409,0.955,3829.839511,7969.130612,0,3829.839511,0.4805843569978622
"Bitcoin Up or Down - February 11, 3:30AM-3:45AM ET - No 🔴",0,0.482885,0.105,-6742.22465,6742.224651,0,-6742.22465,-0.999999999851681
"Bitcoin Up or Down - February 8, 4:45AM-5:00AM ET - No 🔴",0,0.281263,0.505,9461.828064,3702.692566,0,9461.828064,2.555391217430067
"Bitcoin Up or Down - February 11, 5:15AM-5:30AM ET - No 🔴",0,0.482103,0.035,-3009.991066,3009.991066,0,-3009.991066,-1
"Ethereum Up or Down - February 11, 5:15AM-5:30AM ET - Yes 🟢",0,0.576402,0.985,335.155088,456.055183,0,335.155088,0.734900293853255
"Bitcoin Up or Down - February 4, 3:00PM-3:15PM ET - No 🔴",0,0.736798,0.995,2119.340588,5932.804108,0,2119.340588,0.35722409663622756
"Ethereum Up or Down - February 4, 3:00PM-3:15PM ET - No 🔴",0,0.720076,0.9985,208.478725,536.290302,0,208.478725,0.3887422991288774
"Ethereum Up or Down - February 4, 2:45PM-3:00PM ET - Yes 🟢",0,0.957194,0.965,79.983315,1788.523809,0,79.983315,0.04472029647998944
"Ethereum Up or Down - February 4, 2:45PM-3:00PM ET - Yes 🟢",0,0.268894,0.035,-536.597713,536.597714,0,-536.597713,-0.9999999981364066
"Bitcoin Up or Down - February 8, 5:00AM-5:15AM ET - Yes 🟢",0,0.730947,0.955,3597.072728,9772.310733,0,3597.072728,0.3680882471177556
"Bitcoin Up or Down - February 4, 2:30PM-2:45PM ET - No 🔴",0,0.364701,0.005,-444.788481,444.788481,0,-444.788481,-1
"Ethereum Up or Down - February 11, 5:00AM-5:15AM ET - Yes 🟢",0,0.212435,0.065,-266.999592,266.999593,0,-266.999592,-0.999999996254676
"Ethereum Up or Down - February 8, 4:45AM-5:00AM ET - Yes 🟢",0,0.7294,0.885,379.508311,1022.961428,0,379.508311,0.37098985417463853
"Ethereum Up or Down - February 4, 3:15PM-3:30PM ET - Yes 🟢",0,0.833581,0.585,229.306877,1148.581932,0,229.306877,0.1996434652256048
"Ethereum Up or Down - February 11, 3:30AM-3:45AM ET - Yes 🟢",0,0.709906,0.935,214.713977,525.439136,0,214.713977,0.4086371994186592
"Bitcoin Up or Down - February 11, 3:30AM-3:45AM ET - Yes 🟢",0,0.700082,0.895,5280.32162,12325.562722,0,5280.32162,0.42840410122412576
"Bitcoin Up or Down - February 8, 3:15AM-3:30AM ET - Yes 🟢",0,0.627852,0.0025,-4434.513521,4434.513522,0,-4434.513521,-0.999999999774496
"Ethereum Up or Down - February 4, 11:00AM-11:15AM ET - Yes 🟢",0,0.593244,0.525,1404.105892,2047.855216,0,1404.105892,0.6856470521107387
"Ethereum Up or Down - February 4, 11:00AM-11:15AM ET - Yes 🟢",0,0.324695,0.475,-759.948461,759.948461,0,-759.948461,-1
"Bitcoin Up or Down - February 4, 11:00AM-11:15AM ET - No 🔴",0,0.679208,0.625,4859.373992,10288.678305,0,4859.373992,0.47230303523422296
"Ethereum Up or Down - February 8, 3:00AM-3:15AM ET - Yes 🟢",0,0.546528,0.845,543.653483,655.215429,0,543.653483,0.8297324191979614
"Ethereum Up or Down - February 11, 3:45AM-4:00AM ET - No 🔴",0,0.682419,0.9995,382.493675,821.90355,0,382.493675,0.46537537768269766
"Ethereum Up or Down - February 11, 3:45AM-4:00AM ET - Yes 🟢",0,0.185652,0.0005,-197.531643,197.531643,0,-197.531643,-1
"Bitcoin Up or Down - February 4, 12:45PM-1:00PM ET - Yes 🟢",0,0.343942,0.225,-1713.542437,1713.542437,0,-1713.542437,-1
"Bitcoin Up or Down - February 4, 10:45AM-11:00AM ET - No 🔴",0,0.715814,0.985,2847.615584,7172.637295,0,2847.615584,0.3970109552291254
"Bitcoin Up or Down - February 8, 2:45AM-3:00AM ET - Yes 🟢",0,0.541535,0.9995,9141.571456,10797.947278,0,9141.571456,0.8466027125938335
"Ethereum Up or Down - February 4, 10:30AM-10:45AM ET - Yes 🟢",0,0.424217,0.0035,-189.333536,189.333536,0,-189.333536,-1
"Bitcoin Up or Down - February 4, 10:30AM-10:45AM ET - Yes 🟢",0,0.367157,0.0055,-1745.296951,1745.296951,0,-1745.296951,-1
"Bitcoin Up or Down - February 4, 10:45AM-11:00AM ET - Yes 🟢",0,0.239149,0.015,-1285.367302,1285.367302,0,-1285.367302,-1
"Ethereum Up or Down - February 11, 3:15AM-3:30AM ET - Yes 🟢",0,0.882068,0.975,129.020684,965.005404,0,129.020684,0.13369944195670017
"Ethereum Up or Down - February 4, 10:15AM-10:30AM ET - Yes 🟢",0,0.641464,0.375,559.991658,1001.892388,0,559.991658,0.5589339381227039
"Ethereum Up or Down - February 4, 10:15AM-10:30AM ET - No 🔴",0,0.456552,0.625,-1105.722005,1105.722006,0,-1105.722005,-0.9999999990956137
"Bitcoin Up or Down - February 8, 2:30AM-2:45AM ET - Yes 🟢",0,0.668766,0.935,5223.078708,10545.467723,0,5223.078708,0.4952913275347948
"Ethereum Up or Down - February 4, 10:45AM-11:00AM ET - Yes 🟢",0,0.305985,0.235,-601.525837,601.525838,0,-601.525837,-0.999999998337561
"Ethereum Up or Down - February 8, 4:00AM-4:15AM ET - Yes 🟢",0,0.315775,0.015,-1056.378069,1056.37807,0,-1056.378069,-0.9999999990533693
"Bitcoin Up or Down - February 8, 4:00AM-4:15AM ET - Yes 🟢",0,0.3876,0.005,-4140.949223,4140.949224,0,-4140.949223,-0.9999999997585094
"Bitcoin Up or Down - February 4, 12:30PM-12:45PM ET - Yes 🟢",0,0.561476,0.385,4530.532743,5800.789472,0,4530.532743,0.7810200257858969
"Bitcoin Up or Down - February 4, 12:30PM-12:45PM ET - No 🔴",0,0.355533,0.615,-2691.80501,2691.80501,0,-2691.80501,-1
"Bitcoin Up or Down - February 11, 4:00AM-4:15AM ET - No 🔴",0,0.715871,0.965,4627.789879,11659.84665,0,4627.789879,0.396899720718025
"Ethereum Up or Down - February 11, 4:00AM-4:15AM ET - Yes 🟢",0,0.434426,0.625,1260.606721,968.291215,0,1260.606721,1.3018880079377775
"Ethereum Up or Down - February 11, 4:15AM-4:30AM ET - Yes 🟢",0,0.685936,0.875,844.543513,1844.537418,0,844.543513,0.45786195756100406
"Bitcoin Up or Down - February 11, 4:15AM-4:30AM ET - Yes 🟢",0,0.612704,0.41,3966.880737,6275.623025,0,3966.880737,0.6321094688443304
"Ethereum Up or Down - February 8, 3:45AM-4:00AM ET - Yes 🟢",0,0.278649,0.005,-246.677345,246.677346,0,-246.677345,-0.9999999959461214
"Bitcoin Up or Down - February 4, 11:15AM-11:30AM ET - Yes 🟢",0,0.801864,0.275,4070.928613,16475.204414,0,4070.928613,0.24709427031695463
"Ethereum Up or Down - February 4, 12:15PM-12:30PM ET - Yes 🟢",0,0.656164,0.995,313.419552,598.118368,0,313.419552,0.5240092409267056
"Bitcoin Up or Down - February 4, 12:15PM-12:30PM ET - Yes 🟢",0,0.567312,0.0045,-503.68054,503.68054,0,-503.68054,-1
"Ethereum Up or Down - February 4, 12:00PM-12:15PM ET - No 🔴",0,0.292166,0.955,-943.834067,943.834068,0,-943.834067,-0.9999999989404916
"Ethereum Up or Down - February 4, 12:00PM-12:15PM ET - Yes 🟢",0,0.352787,0.045,2068.706116,1127.623556,0,2068.706116,1.834571568669855
"Ethereum Up or Down - February 8, 3:30AM-3:45AM ET - Yes 🟢",0,0.180483,0.0105,-137.746111,137.746112,0,-137.746111,-0.999999992740267
"Ethereum Up or Down - February 4, 11:45AM-12:00PM ET - No 🔴",0,0.354822,0.145,-529.833022,529.833023,0,-529.833022,-0.9999999981126131
"Ethereum Up or Down - February 4, 11:30AM-11:45AM ET - Yes 🟢",0,0.692188,0.9995,389.715708,876.367838,0,389.715708,0.44469421526169695
"Bitcoin Up or Down - February 4, 11:30AM-11:45AM ET - Yes 🟢",0,0.34,0.0005,-102,102,0,-102,-1
"Bitcoin Up or Down - February 4, 11:45AM-12:00PM ET - No 🔴",0,0.32,0.085,-4.2304,4.2304,0,-4.2304,-1
"Bitcoin Up or Down - February 4, 11:15AM-11:30AM ET - No 🔴",0,0.712303,0.725,-10590.027571,10590.027572,0,-10590.027571,-0.9999999999055715
"Ethereum Up or Down - February 4, 12:15PM-12:30PM ET - Yes 🟢",0,0.05,0.005,-1.5225,1.5225,0,-1.5225,-1
"Bitcoin Up or Down - February 11, 5:30AM-5:45AM ET - No 🔴",0,0.727504,0.965,1108.416742,2959.227343,0,1108.416742,0.3745628887290259
"Bitcoin Up or Down - February 4, 3:30PM-3:45PM ET - Yes 🟢",0,0.652809,0.715,5677.816933,10675.76635,0,5677.816933,0.5318416258707274
"Ethereum Up or Down - February 4, 3:30PM-3:45PM ET - Yes 🟢",0,0.746889,0.715,625.1045,1844.580738,0,625.1045,0.3388870365619095
"Bitcoin Up or Down - February 4, 3:15PM-3:30PM ET - Yes 🟢",0,0.770661,0.78,2731.523112,9178.893836,0,2731.523112,0.2975873956932429
"Ethereum Up or Down - February 4, 3:15PM-3:30PM ET - No 🔴",0,0.398935,0.415,-247.861544,247.861544,0,-247.861544,-1
"Ethereum Up or Down - February 11, 5:15AM-5:30AM ET - Yes 🟢",0,0.383607,0.015,-199.794637,199.794638,0,-199.794637,-0.9999999949948607
"Bitcoin Up or Down - February 11, 5:15AM-5:30AM ET - Yes 🟢",0,0.620219,0.965,3051.529685,4983.442273,0,3051.529685,0.6123337078735737
"Ethereum Up or Down - February 11, 5:00AM-5:15AM ET - Yes 🟢",0,0.723721,0.935,365.309646,956.939407,0,365.309646,0.38174793861321255
"Bitcoin Up or Down - February 4, 3:00PM-3:15PM ET - Yes 🟢",0,0.486383,0.005,-2302.358753,2302.358753,0,-2302.358753,-1
"Ethereum Up or Down - February 8, 3:30AM-3:45AM ET - Yes 🟢",0,0.747341,0.9895,336.02906,993.941614,0,336.02906,0.33807726255437776
"Ethereum Up or Down - February 8, 5:15AM-5:30AM ET - Yes 🟢",0,0.400965,0.015,-214.92939,214.929391,0,-214.92939,-0.9999999953473092
"Bitcoin Up or Down - February 4, 2:45PM-3:00PM ET - Yes 🟢",0,0.756541,0.845,1449.870636,4505.4263,0,1449.870636,0.3218054273798686
"Ethereum Up or Down - February 8, 5:00AM-5:15AM ET - Yes 🟢",0,0.713314,0.975,291.349271,724.916857,0,291.349271,0.401907154160715
"Ethereum Up or Down - February 8, 5:00AM-5:15AM ET - No 🔴",0,0.304,0.025,-45.6,45.6,0,-45.6,-1
"Ethereum Up or Down - February 4, 2:30PM-2:45PM ET - Yes 🟢",0,0.882653,0.995,80.779698,607.603458,0,80.779698,0.13294805507838303
"Bitcoin Up or Down - February 4, 2:30PM-2:45PM ET - Yes 🟢",0,0.730292,0.995,1280.057914,3466.030131,0,1280.057914,0.3693152874094273
"Ethereum Up or Down - February 4, 2:30PM-2:45PM ET - No 🔴",0,0.259965,0.005,-97.887013,97.887013,0,-97.887013,-1
"Ethereum Up or Down - February 4, 2:15PM-2:30PM ET - Yes 🟢",0,0.62435,0.105,-415.341319,415.341319,0,-415.341319,-1
"Bitcoin Up or Down - February 8, 4:45AM-5:00AM ET - Yes 🟢",0,0.696591,0.495,-8668.081135,8668.081136,0,-8668.081135,-0.9999999998846342
"Bitcoin Up or Down - February 4, 2:45PM-3:00PM ET - No 🔴",0,0.286248,0.155,-1599.406018,1599.406019,0,-1599.406018,-0.9999999993747679
"Ethereum Up or Down - February 8, 6:00AM-6:15AM ET - Yes 🟢",0,0.866431,0.955,145.174007,941.709981,0,145.174007,0.1541599961018147
"Ethereum Up or Down - February 8, 6:00AM-6:15AM ET - No 🔴",0,0.349985,0.045,-75.578192,75.578193,0,-75.578192,-0.9999999867686702
"Bitcoin Up or Down - February 4, 4:30PM-4:45PM ET - Yes 🟢",0,0.647545,0.955,-6554.323982,6554.323982,0,-6554.323982,-1
"Ethereum Up or Down - February 4, 4:30PM-4:45PM ET - Yes 🟢",0,0.323552,0.635,-658.745576,658.745576,0,-658.745576,-1
"Bitcoin Up or Down - February 11, 6:15AM-6:30AM ET - Yes 🟢",0,0.682311,0.9895,990.181448,2126.644908,0,990.181448,0.4656073255460474
"Bitcoin Up or Down - February 11, 6:00AM-6:15AM ET - Yes 🟢",0,0.76536,0.935,648.121115,2114.072524,0,648.121115,0.3065746835277445
"Ethereum Up or Down - February 4, 4:15PM-4:30PM ET - No 🔴",0,0.787802,0.985,256.231849,951.281179,0,256.231849,0.2693544817835611
"Bitcoin Up or Down - February 4, 4:15PM-4:30PM ET - No 🔴",0,0.813193,0.985,1789.960906,7791.911863,0,1789.960906,0.22972037382759086
"Bitcoin Up or Down - February 4, 4:00PM-4:15PM ET - Yes 🟢",0,0.607507,0.21,5232.38505,8098.770029,0,5232.38505,0.6460715678138684
"Ethereum Up or Down - February 11, 5:30AM-5:45AM ET - Yes 🟢",0,0.359,0.015,-17.95,17.95,0,-17.95,-1
"Ethereum Up or Down - February 8, 5:45AM-6:00AM ET - Yes 🟢",0,0.314136,0.335,-585.262517,585.262518,0,-585.262517,-0.999999998291365
"Bitcoin Up or Down - February 8, 5:45AM-6:00AM ET - Yes 🟢",0,0.603557,0.535,4383.767519,6673.98232,0,4383.767519,0.6568443410260637
"Bitcoin Up or Down - February 4, 4:15PM-4:30PM ET - Yes 🟢",0,0.495276,0.015,-217.790741,217.790742,0,-217.790741,-0.9999999954084366
"Ethereum Up or Down - February 11, 5:45AM-6:00AM ET - Yes 🟢",0,0.264393,0.325,-413.208522,413.208523,0,-413.208522,-0.9999999975799144
"Ethereum Up or Down - February 11, 5:45AM-6:00AM ET - Yes 🟢",0,0.252449,0.675,2411.371202,814.323369,0,2411.371202,2.9611961215864357
"Bitcoin Up or Down - February 4, 3:45PM-4:00PM ET - No 🔴",0,0.714575,0.735,3187.826663,7980.874969,0,3187.826663,0.3994332294870462
"Bitcoin Up or Down - February 11, 5:45AM-6:00AM ET - No 🔴",0,0.679861,0.9855,1025.472167,2177.736963,0,1025.472167,0.47088890183841736
"Bitcoin Up or Down - February 8, 5:30AM-5:45AM ET - No 🔴",0,0.448231,0.025,-705.189505,705.189505,0,-705.189505,-1
"Ethereum Up or Down - February 8, 5:30AM-5:45AM ET - Yes 🟢",0,0.580602,0.945,433.035244,599.480992,0,433.035244,0.7223502492636164
"Ethereum Up or Down - February 8, 5:30AM-5:45AM ET - No 🔴",0,0.142924,0.055,-26.538128,26.538128,0,-26.538128,-1
"Ethereum Up or Down - February 4, 4:15PM-4:30PM ET - Yes 🟢",0,0.128474,0.015,-15.757191,15.757191,0,-15.757191,-1
"Ethereum Up or Down - February 4, 1:00PM-1:15PM ET - Yes 🟢",0,0.193153,0.035,-153.958712,153.958712,0,-153.958712,-1
"Ethereum Up or Down - February 4, 1:00PM-1:15PM ET - No 🔴",0,0.796043,0.965,251.139662,980.196659,0,251.139662,0.25621354622470716
"Ethereum Up or Down - February 4, 12:45PM-1:00PM ET - Yes 🟢",0,0.607109,0.925,816.875484,1262.264747,0,816.875484,0.6471506757528103
"Ethereum Up or Down - February 4, 12:45PM-1:00PM ET - No 🔴",0,0.464171,0.075,-549.612815,549.612815,0,-549.612815,-1
"Bitcoin Up or Down - February 8, 4:00AM-4:15AM ET - No 🔴",0,0.726831,0.995,2828.776929,7526.632833,0,2828.776929,0.3758356481264004
"Ethereum Up or Down - February 8, 4:00AM-4:15AM ET - No 🔴",0,0.303807,0.985,1641.470906,716.310494,0,1641.470906,2.291563392899281
"Ethereum Up or Down - February 4, 12:30PM-12:45PM ET - No 🔴",0,0.444276,0.655,-1522.434511,1522.434512,0,-1522.434511,-0.9999999993431572
"Ethereum Up or Down - February 4, 12:30PM-12:45PM ET - Yes 🟢",0,0.525174,0.345,1798.435514,1989.131962,0,1798.435514,0.9041308210601264
"Ethereum Up or Down - February 11, 4:15AM-4:30AM ET - Yes 🟢",0,0.377156,0.125,-66.940966,66.940967,0,-66.940966,-0.9999999850614647
"Ethereum Up or Down - February 8, 4:45AM-5:00AM ET - Yes 🟢",0,0.408787,0.115,-365.320397,365.320398,0,-365.320397,-0.9999999972626769
"Ethereum Up or Down - February 11, 4:00AM-4:15AM ET - Yes 🟢",0,0.460993,0.375,-1292.83148,1292.83148,0,-1292.83148,-1
"Bitcoin Up or Down - February 11, 4:15AM-4:30AM ET - No 🔴",0,0.58208,0.59,-17812.707432,17812.707432,0,-17812.707432,-1
"Ethereum Up or Down - February 8, 3:45AM-4:00AM ET - Yes 🟢",0,0.740888,0.995,326.851178,934.577001,0,326.851178,0.3497316728854534
"Bitcoin Up or Down - February 8, 3:45AM-4:00AM ET - Yes 🟢",0,0.605775,0.9995,5163.394591,7934.18824,0,5163.394591,0.6507779289844529
"Bitcoin Up or Down - February 8, 3:45AM-4:00AM ET - No 🔴",0,0.233419,0.0005,-198.034933,198.034933,0,-198.034933,-1
"Bitcoin Up or Down - February 4, 12:15PM-12:30PM ET - No 🔴",0,0.777582,0.9955,1313.883891,4593.389313,0,1313.883891,0.2860379997143952
"Bitcoin Up or Down - February 4, 12:00PM-12:15PM ET - No 🔴",0,0.648529,0.995,6901.569686,12734.672525,0,6901.569686,0.5419510923780115
"Bitcoin Up or Down - February 4, 12:00PM-12:15PM ET - Yes 🟢",0,0.398395,0.005,-5149.235507,5149.235507,0,-5149.235507,-1
"Bitcoin Up or Down - February 8, 3:30AM-3:45AM ET - Yes 🟢",0,0.278661,0.015,-2469.182356,2469.182357,0,-2469.182356,-0.9999999995950075
"Bitcoin Up or Down - February 11, 4:00AM-4:15AM ET - Yes 🟢",0,0.587156,0.035,-6556.047546,6556.047547,0,-6556.047546,-0.9999999998474691
"Bitcoin Up or Down - February 11, 5:00AM-5:15AM ET - No 🔴",0,0.607009,0.807,1647.824474,2545.209144,0,1647.824474,0.6474220312639267
"Bitcoin Up or Down - February 4, 2:15PM-2:30PM ET - No 🔴",0,0.911219,0.975,1375.703548,14119.769006,0,1375.703548,0.09743102365310748
"Bitcoin Up or Down - February 11, 4:30AM-4:45AM ET - Yes 🟢",0,0.445524,0.085,-800.744252,800.744253,0,-800.744252,-0.9999999987511619
"Bitcoin Up or Down - February 11, 4:45AM-5:00AM ET - No 🔴",0,0.569331,0.485,-5877.798699,5877.798699,0,-5877.798699,-1
"Bitcoin Up or Down - February 4, 2:15PM-2:30PM ET - Yes 🟢",0,0.563351,0.025,-4444.273516,4444.273517,0,-4444.273516,-0.9999999997749914
"Bitcoin Up or Down - February 11, 5:00AM-5:15AM ET - Yes 🟢",0,0.427445,0.193,-377.279821,377.279821,0,-377.279821,-1
"Ethereum Up or Down - February 4, 2:00PM-2:15PM ET - Yes 🟢",0,0.827053,0.855,99.273931,474.739679,0,99.273931,0.20911235228770506
"Bitcoin Up or Down - February 4, 2:00PM-2:15PM ET - Yes 🟢",0,0.80141,0.935,1642.790316,6629.480779,0,1642.790316,0.2478007510337485
"Bitcoin Up or Down - February 4, 1:45PM-2:00PM ET - Yes 🟢",0,0.433587,0.015,-1137.476555,1137.476555,0,-1137.476555,-1
"Ethereum Up or Down - February 8, 4:15AM-4:30AM ET - Yes 🟢",0,0.422378,0.435,640.467345,468.332779,0,640.467345,1.3675475510545032
"Ethereum Up or Down - February 11, 4:45AM-5:00AM ET - Yes 🟢",0,0.365908,0.225,-255.640403,255.640404,0,-255.640403,-0.9999999960882553
"Ethereum Up or Down - February 8, 4:15AM-4:30AM ET - Yes 🟢",0,0.36,0.565,-0.196875,0.196875,0,-0.196875,-1
"Bitcoin Up or Down - February 8, 4:30AM-4:45AM ET - No 🔴",0,0.782971,0.985,4648.290278,16769.539959,0,4648.290278,0.2771865113392882
"Bitcoin Up or Down - February 8, 4:30AM-4:45AM ET - Yes 🟢",0,0.504344,0.015,-8702.928586,8702.928586,0,-8702.928586,-1
"Bitcoin Up or Down - February 8, 4:15AM-4:30AM ET - No 🔴",0,0.484403,0.365,-2495.215929,2495.21593,0,-2495.215929,-0.9999999995992331
"Bitcoin Up or Down - February 4, 1:30PM-1:45PM ET - No 🔴",0,0.434285,0.005,-2279.870311,2279.870312,0,-2279.870311,-0.9999999995613787
"Ethereum Up or Down - February 4, 1:30PM-1:45PM ET - Yes 🟢",0,0.89618,0.9895,162.440713,1402.197247,0,162.440713,0.11584726282093462
"Ethereum Up or Down - February 4, 1:15PM-1:30PM ET - Yes 🟢",0,0.569772,0.975,713.262798,944.608838,0,713.262798,0.7550879997165558
"Bitcoin Up or Down - February 4, 1:15PM-1:30PM ET - Yes 🟢",0,0.748334,0.975,3471.082559,10321.335009,0,3471.082559,0.33630170476719184
"Bitcoin Up or Down - February 4, 1:15PM-1:30PM ET - No 🔴",0,0.530554,0.025,-5647.539143,5647.539143,0,-5647.539143,-1
"Ethereum Up or Down - February 4, 1:45PM-2:00PM ET - Yes 🟢",0,0.409252,0.015,-253.79913,253.799131,0,-253.79913,-0.9999999960598762
"Ethereum Up or Down - February 8, 12:15AM-12:30AM ET - Yes 🟢",0,0.199711,0.205,-8.307977,8.307978,0,-8.307977,-0.9999998796337688
"Ethereum Up or Down - February 8, 12:00AM-12:15AM ET - No 🔴",0,0.726385,0.815,410.674472,1090.246429,0,410.674472,0.3766804101130424
"Bitcoin Up or Down - February 8, 12:00AM-12:15AM ET - Yes 🟢",0,0.642358,0.065,-8996.133319,8996.13332,0,-8996.133319,-0.9999999998888411
"Bitcoin Up or Down - February 8, 12:15AM-12:30AM ET - Yes 🟢",0,0.4856,0.085,-2825.370526,2825.370526,0,-2825.370526,-1
"Bitcoin Up or Down - February 4, 8:15AM-8:30AM ET - No 🔴",0,0.575582,0.9935,3135.555494,4252.33921,0,3135.555494,0.7373719120587278
"Ethereum Up or Down - February 4, 7:45AM-8:00AM ET - Yes 🟢",0,0.411653,0.725,1139.455702,797.251211,0,1139.455702,1.429230443652471
"Ethereum Up or Down - February 4, 8:00AM-8:15AM ET - Yes 🟢",0,0.377852,0.205,-600.829897,600.829898,0,-600.829897,-0.9999999983356355
"Bitcoin Up or Down - February 4, 8:00AM-8:15AM ET - No 🔴",0,0.714853,0.875,3010.723155,7547.771781,0,3010.723155,0.3988890022587714
"Bitcoin Up or Down - February 4, 7:45AM-8:00AM ET - Yes 🟢",0,0.534386,0.505,-960.374901,960.374901,0,-960.374901,-1
"Ethereum Up or Down - February 8, 2:30AM-2:45AM ET - Yes 🟢",0,0.464993,0.06,-390.587128,390.587129,0,-390.587128,-0.9999999974397518
"Ethereum Up or Down - February 4, 8:15AM-8:30AM ET - Yes 🟢",0,0.244397,0.0035,-331.40766,331.407661,0,-331.40766,-0.9999999969825683
"Bitcoin Up or Down - February 11, 1:45AM-2:00AM ET - Yes 🟢",0,0.722312,0.84,3726.768113,9693.934666,0,3726.768113,0.38444328762304036
"Ethereum Up or Down - February 11, 1:45AM-2:00AM ET - Yes 🟢",0,0.375253,0.065,-368.399097,368.399098,0,-368.399097,-0.9999999972855526
"Bitcoin Up or Down - February 7, 11:45PM-12:00AM ET - Yes 🟢",0,0.30233,0.105,-3626.408424,3626.408425,0,-3626.408424,-0.9999999997242451
"Ethereum Up or Down - February 7, 11:45PM-12:00AM ET - Yes 🟢",0,0.508408,0.985,627.760713,649.234668,0,627.760713,0.9669242015893089
"Ethereum Up or Down - February 7, 11:30PM-11:45PM ET - Yes 🟢",0,0.522562,0.335,-437.487811,437.487811,0,-437.487811,-1
"Bitcoin Up or Down - February 11, 1:30AM-1:45AM ET - Yes 🟢",0,0.669761,0.995,3266.286619,6624.388375,0,3266.286619,0.4930699159075195
"Ethereum Up or Down - February 11, 1:30AM-1:45AM ET - Yes 🟢",0,0.227018,0.015,-480.423336,480.423336,0,-480.423336,-1
"Bitcoin Up or Down - February 11, 1:15AM-1:30AM ET - Yes 🟢",0,0.615186,0.986,4564.826582,7297.596776,0,4564.826582,0.6255246380579139
"Bitcoin Up or Down - February 4, 8:00AM-8:15AM ET - Yes 🟢",0,0.382979,0.125,-3117.893304,3117.893305,0,-3117.893304,-0.9999999996792707
"Ethereum Up or Down - February 8, 1:15AM-1:30AM ET - Yes 🟢",0,0.45919,0.445,-877.377334,877.377334,0,-877.377334,-1
"Bitcoin Up or Down - February 11, 2:45AM-3:00AM ET - Yes 🟢",0,0.52718,0.835,4171.869218,4651.508004,0,4171.869218,0.8968853142706533
"Bitcoin Up or Down - February 4, 9:15AM-9:30AM ET - Yes 🟢",0,0.424823,0.635,-3490.038483,3490.038484,0,-3490.038483,-0.9999999997134701
"Ethereum Up or Down - February 4, 9:15AM-9:30AM ET - Yes 🟢",0,0.617712,0.315,683.037361,1103.671511,0,683.037361,0.6188774052717213
"Ethereum Up or Down - February 8, 1:00AM-1:15AM ET - Yes 🟢",0,0.825393,0.945,-828.437918,828.437919,0,-828.437918,-0.999999998792909
"Ethereum Up or Down - February 11, 2:30AM-2:45AM ET - Yes 🟢",0,0.524254,0.92,631.703866,696.113638,0,631.703866,0.9074723314069015
"Bitcoin Up or Down - February 11, 2:15AM-2:30AM ET - Yes 🟢",0,0.697676,0.945,3703.325936,8546.200851,0,3703.325936,0.4333300843926071
"Bitcoin Up or Down - February 11, 2:30AM-2:45AM ET - No 🔴",0,0.304747,0.015,-4479.068134,4479.068134,0,-4479.068134,-1
"Bitcoin Up or Down - February 11, 2:15AM-2:30AM ET - No 🔴",0,0.466167,0.055,-2257.55217,2257.55217,0,-2257.55217,-1
"Ethereum Up or Down - February 4, 8:30AM-8:45AM ET - No 🔴",0,0.893915,0.9985,143.957014,1213.039866,0,143.957014,0.11867459432697654
"Ethereum Up or Down - February 4, 9:00AM-9:15AM ET - Yes 🟢",0,0.588327,0.995,861.801247,1231.610872,0,861.801247,0.6997350109458922
"Ethereum Up or Down - February 8, 1:00AM-1:15AM ET - Yes 🟢",0,0.260912,0.055,250.680034,88.494779,0,250.680034,2.832709870940522
"Ethereum Up or Down - February 8, 12:45AM-1:00AM ET - Yes 🟢",0,0.381333,0.115,-525.922036,525.922036,0,-525.922036,-1
"Bitcoin Up or Down - February 4, 8:45AM-9:00AM ET - Yes 🟢",0,0.643433,0.825,3043.297424,5491.697189,0,3043.297424,0.5541633704960639
"Ethereum Up or Down - February 4, 8:45AM-9:00AM ET - Yes 🟢",0,0.328617,0.405,-829.363629,829.363629,0,-829.363629,-1
"Bitcoin Up or Down - February 4, 8:45AM-9:00AM ET - Yes 🟢",0,0.34526,0.175,-1224.049436,1224.049436,0,-1224.049436,-1
"Bitcoin Up or Down - February 8, 12:30AM-12:45AM ET - No 🔴",0,0.611441,0.925,3337.831041,5252.450078,0,3337.831041,0.635480774006892
"Bitcoin Up or Down - February 8, 12:30AM-12:45AM ET - Yes 🟢",0,0.35,0.075,-12.991729,12.991729,0,-12.991729,-1
"Ethereum Up or Down - February 11, 2:00AM-2:15AM ET - No 🔴",0,0.561228,0.685,-2367.676958,2367.676958,0,-2367.676958,-1
"Bitcoin Up or Down - February 4, 8:30AM-8:45AM ET - Yes 🟢",0,0.765458,0.995,2311.789639,7544.822991,0,2311.789639,0.3064074056817061
"Bitcoin Up or Down - February 4, 9:00AM-9:15AM ET - Yes 🟢",0,0.788997,0.9995,1177.252288,4402.063116,0,1177.252288,0.2674319420185251
"Ethereum Up or Down - February 7, 10:15PM-10:30PM ET - Yes 🟢",0,0.479828,0.275,-417.740766,417.740767,0,-417.740766,-0.9999999976061709
"Ethereum Up or Down - February 7, 10:15PM-10:30PM ET - Yes 🟢",0,0.671109,0.725,284.991851,581.531865,0,284.991851,0.4900709112474859
"Ethereum Up or Down - February 4, 6:15AM-6:30AM ET - Yes 🟢",0,0.63006,0.9965,372.221252,633.945295,0,372.221252,0.5871504291233836
"Bitcoin Up or Down - February 7, 10:00PM-10:15PM ET - No 🔴",0,0.68397,0.985,3471.907403,7514.098367,0,3471.907403,0.46205242910416644
"Bitcoin Up or Down - February 7, 9:45PM-10:00PM ET - Yes 🟢",0,0.539551,0.185,8512.450399,9974.831361,0,8512.450399,0.8533929137170502
"Ethereum Up or Down - February 7, 9:45PM-10:00PM ET - Yes 🟢",0,0.227973,0.065,-30.94225,30.942251,0,-30.94225,-0.9999999676817307
"Bitcoin Up or Down - February 4, 6:15AM-6:30AM ET - No 🔴",0,0.5059,0.395,-1783.368102,1783.368102,0,-1783.368102,-1
"Ethereum Up or Down - February 4, 6:00AM-6:15AM ET - No 🔴",0,0.917894,0.9975,78.679901,879.592349,0,78.679901,0.0894504153991908
"Ethereum Up or Down - February 7, 10:00PM-10:15PM ET - Yes 🟢",0,0.444945,0.065,-70.906435,70.906435,0,-70.906435,-1
"Bitcoin Up or Down - February 4, 7:30AM-7:45AM ET - No 🔴",0,0.453957,0.405,-2634.238937,2634.238937,0,-2634.238937,-1
"Bitcoin Up or Down - February 4, 6:00AM-6:15AM ET - Yes 🟢",0,0.428435,0.045,-66.878,66.878,0,-66.878,-1
"Bitcoin Up or Down - February 4, 5:45AM-6:00AM ET - Yes 🟢",0,0.825064,0.865,955.907875,4508.421227,0,955.907875,0.21202718798218453
"Bitcoin Up or Down - February 11, 12:30AM-12:45AM ET - Yes 🟢",0,0.439025,0.195,-2035.385184,2035.385184,0,-2035.385184,-1
"Ethereum Up or Down - February 11, 12:30AM-12:45AM ET - No 🔴",0,0.675199,0.815,484.214641,1006.589394,0,484.214641,0.4810448469716342
"Bitcoin Up or Down - February 7, 9:30PM-9:45PM ET - Yes 🟢",0,0.572669,0.005,-6999.418599,6999.4186,0,-6999.418599,-0.9999999998571308
"Bitcoin Up or Down - February 7, 9:30PM-9:45PM ET - Yes 🟢",0,0.733292,0.995,5384.976976,14805.557153,0,5384.976976,0.363713227428855
"Ethereum Up or Down - February 4, 5:30AM-5:45AM ET - No 🔴",0,0.245129,0.115,-60.604326,60.604326,0,-60.604326,-1
"Bitcoin Up or Down - February 4, 5:30AM-5:45AM ET - No 🔴",0,0.414999,0.055,-82.996428,82.996428,0,-82.996428,-1
"Bitcoin Up or Down - February 4, 5:30AM-5:45AM ET - Yes 🟢",0,0.627331,0.945,1971.279693,3318.346472,0,1971.279693,0.5940548130321938
"Bitcoin Up or Down - February 4, 6:00AM-6:15AM ET - No 🔴",0,0.589399,0.955,2135.091777,3064.826823,0,2135.091777,0.6966435300608828
"Bitcoin Up or Down - February 4, 7:30AM-7:45AM ET - Yes 🟢",0,0.765152,0.595,10709.586296,34892.617242,0,10709.586296,0.3069298648972925
"Ethereum Up or Down - February 4, 7:30AM-7:45AM ET - Yes 🟢",0,0.829993,0.895,67.600977,330.035458,0,67.600977,0.2048294368419044
"Bitcoin Up or Down - February 7, 11:15PM-11:30PM ET - Yes 🟢",0,0.818667,0.955,2001.499527,9036.201982,0,2001.499527,0.22149787388406783
"Bitcoin Up or Down - February 4, 7:15AM-7:30AM ET - No 🔴",0,0.565826,0.675,15039.348021,19599.640083,0,15039.348021,0.767327765066695
"Bitcoin Up or Down - February 4, 7:15AM-7:30AM ET - Yes 🟢",0,0.739701,0.325,-3239.944314,3239.944315,0,-3239.944314,-0.9999999996913528
"Ethereum Up or Down - February 7, 11:15PM-11:30PM ET - Yes 🟢",0,0.502765,0.965,460.898338,466.02422,0,460.898338,0.9890008248927492
"Bitcoin Up or Down - February 7, 11:00PM-11:15PM ET - Yes 🟢",0,0.71455,0.915,-7782.516327,7782.516327,0,-7782.516327,-1
"Bitcoin Up or Down - February 11, 1:00AM-1:15AM ET - Yes 🟢",0,0.801391,0.985,2662.443845,10743.010317,0,2662.443845,0.24783033492827275
"Ethereum Up or Down - February 7, 11:00PM-11:15PM ET - Yes 🟢",0,0.65092,0.065,176.381978,328.894687,0,176.381978,0.5362871003142717
"Bitcoin Up or Down - February 4, 6:30AM-6:45AM ET - Yes 🟢",0,0.706455,0.765,3022.600676,7274.289669,0,3022.600676,0.4155183273606863
"Ethereum Up or Down - February 7, 10:45PM-11:00PM ET - No 🔴",0,0.675796,0.815,465.714097,970.770638,0,465.714097,0.47973648848658323
"Bitcoin Up or Down - February 4, 7:00AM-7:15AM ET - Yes 🟢",0,0.756208,0.855,2277.179278,7063.485215,0,2277.179278,0.3223874912577417
"Ethereum Up or Down - February 4, 7:00AM-7:15AM ET - No 🔴",0,0.40674,0.405,1730.117418,1186.171255,0,1730.117418,1.4585730439067166
"Ethereum Up or Down - February 4, 6:45AM-7:00AM ET - Yes 🟢",0,0.62547,0.345,667.847985,1115.314874,0,667.847985,0.5987977032932496
"Ethereum Up or Down - February 7, 10:30PM-10:45PM ET - Yes 🟢",0,0.564098,0.995,463.836298,600.247598,0,463.836298,0.7727416145362068
"Bitcoin Up or Down - February 7, 10:30PM-10:45PM ET - Yes 🟢",0,0.61038,0.005,-5354.282909,5354.282909,0,-5354.282909,-1
"Ethereum Up or Down - February 7, 10:45PM-11:00PM ET - Yes 🟢",0,0.412171,0.185,-142.194242,142.194243,0,-142.194242,-0.9999999929673664
"Bitcoin Up or Down - February 4, 6:45AM-7:00AM ET - Yes 🟢",0,0.655603,0.555,-6775.928077,6775.928078,0,-6775.928077,-0.9999999998524187
"Ethereum Up or Down - February 11, 12:45AM-1:00AM ET - Yes 🟢",0,0.599412,0.845,548.983231,821.460295,0,548.983231,0.6683016018443108
"Ethereum Up or Down - February 4, 6:30AM-6:45AM ET - Yes 🟢",0,0.685001,0.977,437.377358,951.1266,0,437.377358,0.4598518830195686
"Bitcoin Up or Down - February 7, 11:00PM-11:15PM ET - Yes 🟢",0,0.528711,0.085,2560.795837,2872.804008,0,2560.795837,0.8913924618139143
"Bitcoin Up or Down - February 4, 9:15AM-9:30AM ET - No 🔴",0,0.484212,0.365,4906.788554,4606.400109,0,4906.788554,1.0652111058292786
"Ethereum Up or Down - February 4, 9:15AM-9:30AM ET - Yes 🟢",0,0.359501,0.685,-735.588101,735.588101,0,-735.588101,-1
"Ethereum Up or Down - February 11, 2:15AM-2:30AM ET - No 🔴",0,0.239841,0.135,-192.082765,192.082765,0,-192.082765,-1
"Ethereum Up or Down - February 11, 2:15AM-2:30AM ET - Yes 🟢",0,0.518365,0.865,460.474133,495.590383,0,460.474133,0.9291425919376648
"Ethereum Up or Down - February 11, 2:30AM-2:45AM ET - No 🔴",0,0.230338,0.08,-748.770291,748.770292,0,-748.770291,-0.999999998664477
"Bitcoin Up or Down - February 11, 2:30AM-2:45AM ET - Yes 🟢",0,0.736638,0.985,3826.480789,10702.87724,0,3826.480789,0.3575188898457365
"Ethereum Up or Down - February 4, 9:00AM-9:15AM ET - No 🔴",0,0.321535,0.005,-747.241616,747.241616,0,-747.241616,-1
"Bitcoin Up or Down - February 4, 9:00AM-9:15AM ET - No 🔴",0,0.258233,0.0005,-1291.57327,1291.573271,0,-1291.57327,-0.9999999992257506
"Bitcoin Up or Down - February 8, 1:00AM-1:15AM ET - Yes 🟢",0,0.49,0.265,815.905477,783.909184,0,815.905477,1.04081632624424
"Ethereum Up or Down - February 11, 2:45AM-3:00AM ET - Yes 🟢",0,0.517646,0.735,438.691164,470.788522,0,438.691164,0.9318221313815294
"Bitcoin Up or Down - February 8, 12:45AM-1:00AM ET - Yes 🟢",0,0.66687,0.935,4310.2623,8628.417195,0,4310.2623,0.4995426394655225
"Ethereum Up or Down - February 4, 8:45AM-9:00AM ET - No 🔴",0,0.627051,0.595,1151.990709,1936.878571,0,1151.990709,0.5947666137920218
"Ethereum Up or Down - February 8, 12:45AM-1:00AM ET - Yes 🟢",0,0.31,0.885,22.824699,10.254575,0,22.824699,2.225806432738558
"Ethereum Up or Down - February 8, 12:30AM-12:45AM ET - Yes 🟢",0,0.755165,0.865,318.049514,980.98663,0,318.049514,0.32421391308870334
"Bitcoin Up or Down - February 4, 8:30AM-8:45AM ET - Yes 🟢",0,0.490381,0.005,-2447.701051,2447.701051,0,-2447.701051,-1
"Ethereum Up or Down - February 4, 8:30AM-8:45AM ET - Yes 🟢",0,0.250363,0.0015,-484.931838,484.931838,0,-484.931838,-1
"Bitcoin Up or Down - February 8, 12:15AM-12:30AM ET - Yes 🟢",0,0.855102,0.915,1824.539234,10767.347711,0,1824.539234,0.1694511297462826
"Ethereum Up or Down - February 8, 12:15AM-12:30AM ET - No 🔴",0,0.628083,0.795,334.359542,564.657019,0,334.359542,0.592146260029046
"Ethereum Up or Down - February 8, 12:00AM-12:15AM ET - Yes 🟢",0,0.220864,0.185,-53.446823,53.446824,0,-53.446823,-0.9999999812898143
"Bitcoin Up or Down - February 8, 12:45AM-1:00AM ET - Yes 🟢",0,0.38165,0.065,-3599.01076,3599.010761,0,-3599.01076,-0.9999999997221459
"Ethereum Up or Down - February 4, 10:00AM-10:15AM ET - Yes 🟢",0,0.43486,0.945,1058.407523,814.416066,0,1058.407523,1.2995906726132784
"Bitcoin Up or Down - February 4, 10:00AM-10:15AM ET - Yes 🟢",0,0.644904,0.998,5454.725681,9906.54474,0,5454.725681,0.5506183865475582
"Bitcoin Up or Down - February 4, 10:00AM-10:15AM ET - No 🔴",0,0.581065,0.002,-2842.260369,2842.26037,0,-2842.260369,-0.9999999996481673
"Bitcoin Up or Down - February 8, 2:15AM-2:30AM ET - No 🔴",0,0.46422,0.035,-4335.068402,4335.068402,0,-4335.068402,-1
"Bitcoin Up or Down - February 4, 9:45AM-10:00AM ET - No 🔴",0,0.801645,0.975,3030.430405,12247.381627,0,3030.430405,0.24743496179781446
"Ethereum Up or Down - February 4, 9:45AM-10:00AM ET - Yes 🟢",0,0.570006,0.115,-1185.80192,1185.80192,0,-1185.80192,-1
"Bitcoin Up or Down - February 8, 2:00AM-2:15AM ET - No 🔴",0,0.61917,0.865,-10487.364581,10487.364581,0,-10487.364581,-1
"Bitcoin Up or Down - February 11, 3:15AM-3:30AM ET - Yes 🟢",0,0.675103,0.345,2913.727178,6054.429433,0,2913.727178,0.4812554527629921
"Bitcoin Up or Down - February 8, 1:45AM-2:00AM ET - Yes 🟢",0,0.520191,0.195,6189.671349,6710.610532,0,6189.671349,0.9223708214750556
"Ethereum Up or Down - February 8, 1:15AM-1:30AM ET - Yes 🟢",0,0.469352,0.555,790.545375,699.228214,0,790.545375,1.1305970771368217
"Bitcoin Up or Down - February 8, 1:45AM-2:00AM ET - Yes 🟢",0,0.555261,0.805,-4333.113617,4333.113617,0,-4333.113617,-1
"Bitcoin Up or Down - February 11, 3:00AM-3:15AM ET - Yes 🟢",0,0.325508,0.065,-7152.953486,7152.953486,0,-7152.953486,-1
"Bitcoin Up or Down - February 11, 3:00AM-3:15AM ET - Yes 🟢",0,0.653145,0.935,2948.31228,5551.816824,0,2948.31228,0.5310535944296133
"Bitcoin Up or Down - February 4, 9:30AM-9:45AM ET - No 🔴",0,0.717643,0.665,6352.439358,16145.459961,0,6352.439358,0.39345050394009023
"Ethereum Up or Down - February 4, 9:30AM-9:45AM ET - No 🔴",0,0.607443,0.435,1314.806032,2034.531853,0,1314.806032,0.6462449973743419
"Ethereum Up or Down - February 8, 1:30AM-1:45AM ET - Yes 🟢",0,0.42,0.095,-20.152757,20.152758,0,-20.152757,-0.9999999503790004
"Ethereum Up or Down - February 8, 1:30AM-1:45AM ET - No 🔴",0,0.711534,0.905,228.223134,562.938162,0,228.223134,0.4054142167039654
"Bitcoin Up or Down - February 11, 2:45AM-3:00AM ET - Yes 🟢",0,0.378653,0.165,-1075.165736,1075.165737,0,-1075.165736,-0.9999999990699108
"Bitcoin Up or Down - February 8, 1:15AM-1:30AM ET - Yes 🟢",0,0.561621,0.615,8829.876721,11312.230272,0,8829.876721,0.78056019977384
"Bitcoin Up or Down - February 8, 1:15AM-1:30AM ET - Yes 🟢",0,0.468383,0.385,-4656.983965,4656.983965,0,-4656.983965,-1
"Ethereum Up or Down - February 8, 1:45AM-2:00AM ET - Yes 🟢",0,0.322412,0.135,-113.695214,113.695215,0,-113.695214,-0.9999999912045552
"Bitcoin Up or Down - February 8, 2:30AM-2:45AM ET - Yes 🟢",0,0.598571,0.065,-1662.512486,1662.512487,0,-1662.512486,-0.9999999993985008
"Ethereum Up or Down - February 8, 2:30AM-2:45AM ET - Yes 🟢",0,0.839607,0.94,199.11946,1042.327864,0,199.11946,0.1910334232415761
"Ethereum Up or Down - February 4, 10:00AM-10:15AM ET - Yes 🟢",0,0.306024,0.055,-508.25269,508.252691,0,-508.25269,-0.9999999980324746
"Bitcoin Up or Down - February 8, 2:15AM-2:30AM ET - Yes 🟢",0,0.683819,0.965,5245.814595,11345.361331,0,5245.814595,0.46237527760939323
"Ethereum Up or Down - February 8, 2:15AM-2:30AM ET - Yes 🟢",0,0.761448,0.965,302.018609,964.030761,0,302.018609,0.3132873153204289
"Ethereum Up or Down - February 8, 2:15AM-2:30AM ET - Yes 🟢",0,0.465295,0.035,-354.619935,354.619935,0,-354.619935,-1
"Ethereum Up or Down - February 4, 9:45AM-10:00AM ET - No 🔴",0,0.838999,0.885,384.864,2005.58078,0,384.864,0.19189653383096342
"Bitcoin Up or Down - February 4, 9:45AM-10:00AM ET - Yes 🟢",0,0.589178,0.025,-6968.043109,6968.043109,0,-6968.043109,-1
"Bitcoin Up or Down - February 8, 2:00AM-2:15AM ET - Yes 🟢",0,0.492126,0.135,5791.850988,5612.259063,0,5791.850988,1.0319999349609497
"Bitcoin Up or Down - February 8, 12:00AM-12:15AM ET - Yes 🟢",0,0.482833,0.935,7689.370292,7178.883661,0,7689.370292,1.071109472601328
"Ethereum Up or Down - February 8, 2:00AM-2:15AM ET - Yes 🟢",0,0.403854,0.045,-585.396039,585.396039,0,-585.396039,-1
"Ethereum Up or Down - February 8, 1:45AM-2:00AM ET - Yes 🟢",0,0.760431,0.865,437.128378,1387.516622,0,437.128378,0.3150437054728127
"Ethereum Up or Down - February 11, 3:15AM-3:30AM ET - No 🔴",0,0.139483,0.025,-210.986094,210.986095,0,-210.986094,-0.9999999952603512
"Ethereum Up or Down - February 11, 3:00AM-3:15AM ET - No 🔴",0,0.684707,0.955,263.346986,571.898283,0,263.346986,0.4604787141842145
"Ethereum Up or Down - February 11, 3:00AM-3:15AM ET - Yes 🟢",0,0.169537,0.045,-408.18117,408.181171,0,-408.18117,-0.9999999975501075
"Bitcoin Up or Down - February 4, 9:30AM-9:45AM ET - Yes 🟢",0,0.606604,0.335,-13673.941331,13673.941331,0,-13673.941331,-1
"Ethereum Up or Down - February 4, 9:30AM-9:45AM ET - Yes 🟢",0,0.539774,0.565,-1938.6553,1938.6553,0,-1938.6553,-1
"Bitcoin Up or Down - February 8, 1:30AM-1:45AM ET - No 🔴",0,0.745897,0.735,1846.603939,5420.543397,0,1846.603939,0.3406676791891387
"Bitcoin Up or Down - February 8, 1:30AM-1:45AM ET - Yes 🟢",0,0.264102,0.265,-592.903347,592.903347,0,-592.903347,-1
"Ethereum Up or Down - February 11, 2:45AM-3:00AM ET - Yes 🟢",0,0.32065,0.265,-400.461393,400.461394,0,-400.461393,-0.9999999975028804
"Ethereum Up or Down - February 8, 2:00AM-2:15AM ET - Yes 🟢",0,0.867053,0.955,265.765371,1733.267109,0,265.765371,0.1533320338336842
"Bitcoin Up or Down - February 4, 8:15AM-8:30AM ET - Yes 🟢",0,0.335722,0.0065,-1476.384958,1476.384958,0,-1476.384958,-1
"Ethereum Up or Down - February 4, 8:15AM-8:30AM ET - No 🔴",0,0.965985,0.9965,32.371816,919.320561,0,32.371816,0.03521276187360287
"Bitcoin Up or Down - February 11, 2:00AM-2:15AM ET - No 🔴",0,0.655352,0.965,5326.383228,10128.176869,0,5326.383228,0.5258975328820356
"Bitcoin Up or Down - February 11, 2:00AM-2:15AM ET - Yes 🟢",0,0.589934,0.035,-5751.138906,5751.138906,0,-5751.138906,-1
"Ethereum Up or Down - February 11, 2:00AM-2:15AM ET - Yes 🟢",0,0.420802,0.315,575.06812,417.801538,0,575.06812,1.3764145597759865
"Ethereum Up or Down - February 11, 3:30AM-3:45AM ET - No 🔴",0,0.286381,0.065,-469.691648,469.691649,0,-469.691648,-0.9999999978709436
"Bitcoin Up or Down - February 11, 3:45AM-4:00AM ET - Yes 🟢",0,0.126609,0.045,-762.325452,762.325453,0,-762.325452,-0.9999999986882243
"Ethereum Up or Down - February 8, 3:15AM-3:30AM ET - Yes 🟢",0,0.597942,0.007,-281.818382,281.818383,0,-281.818382,-0.9999999964516154
"Bitcoin Up or Down - February 4, 11:00AM-11:15AM ET - Yes 🟢",0,0.453095,0.375,-2006.156519,2006.156519,0,-2006.156519,-1
"Bitcoin Up or Down - February 4, 10:15AM-10:30AM ET - Yes 🟢",0,0.645614,0.305,7523.296951,13705.806205,0,7523.296951,0.5489131276535513
"Bitcoin Up or Down - February 8, 3:00AM-3:15AM ET - Yes 🟢",0,0.710379,0.755,6174.87701,15145.66608,0,6174.87701,0.4076992703644764
"Bitcoin Up or Down - February 8, 3:00AM-3:15AM ET - Yes 🟢",0,0.574652,0.245,-11632.687824,11632.687825,0,-11632.687824,-0.9999999999140353
"Ethereum Up or Down - February 8, 3:00AM-3:15AM ET - Yes 🟢",0,0.380302,0.155,-432.615233,432.615233,0,-432.615233,-1
"Ethereum Up or Down - February 4, 10:45AM-11:00AM ET - Yes 🟢",0,0.662082,0.765,659.916538,1292.973034,0,659.916538,0.510386930467105
"Ethereum Up or Down - February 8, 2:45AM-3:00AM ET - No 🔴",0,0.317778,0.0005,-140.679754,140.679755,0,-140.679754,-0.9999999928916565
"Ethereum Up or Down - February 8, 2:45AM-3:00AM ET - Yes 🟢",0,0.721525,0.9995,155.868027,403.851973,0,155.868027,0.3859533626693462
"Bitcoin Up or Down - February 4, 10:30AM-10:45AM ET - No 🔴",0,0.794084,0.9945,2756.176986,10628.780893,0,2756.176986,0.2593126167287152
"Ethereum Up or Down - February 4, 10:30AM-10:45AM ET - No 🔴",0,0.890223,0.9965,154.431327,1252.341748,0,154.431327,0.12331404526490321
"Bitcoin Up or Down - February 11, 3:15AM-3:30AM ET - No 🔴",0,0.378451,0.655,-9203.79453,9203.79453,0,-9203.79453,-1
"Bitcoin Up or Down - February 4, 10:15AM-10:30AM ET - No 🔴",0,0.635957,0.695,-7685.037009,7685.037009,0,-7685.037009,-1
"Ethereum Up or Down - February 8, 3:15AM-3:30AM ET - Yes 🟢",0,0.814358,0.993,127.337829,558.594392,0,127.337829,0.22796116614074421
"Bitcoin Up or Down - February 13, 5:00AM-5:15AM ET - Yes 🟢",0,0.326252,0.115,-122.640198,122.640199,0,-122.640198,-0.9999999918460667
"Ethereum Up or Down - February 13, 4:45AM-5:00AM ET - No 🔴",0,0.282296,0.235,-280.72636,280.72636,0,-280.72636,-1
"Bitcoin Up or Down - February 13, 4:45AM-5:00AM ET - Yes 🟢",0,0.297825,0.165,-90.316024,90.316025,0,-90.316024,-0.9999999889277679
"Bitcoin Up or Down - February 13, 4:50AM-4:55AM ET - Yes 🟢",0,0.50847,0.365,-393.268846,393.268846,0,-393.268846,-1
"Bitcoin Up or Down - February 13, 4:45AM-5:00AM ET - Yes 🟢",0,0.727126,0.835,988.14051,2633.093138,0,988.14051,0.37527746198547113
"Ethereum Up or Down - February 13, 4:30AM-4:45AM ET - Yes 🟢",0,0.578805,0.795,-544.123939,544.12394,0,-544.123939,-0.9999999981621834
"Bitcoin Up or Down - February 13, 4:30AM-4:35AM ET - Yes 🟢",0,0.639267,0.595,663.970804,1176.644843,0,663.970804,0.5642916024746475
"Bitcoin Up or Down - February 13, 4:35AM-4:40AM ET - Yes 🟢",0,0.537228,0.28,-321.52029,321.52029,0,-321.52029,-1
"Bitcoin Up or Down - February 13, 4:40AM-4:45AM ET - Yes 🟢",0,0.648596,0.565,606.865846,1120.108936,0,606.865846,0.5417918083638965
"Ethereum Up or Down - February 7, 4:15PM-4:30PM ET - Yes 🟢",0,0.297661,0.285,481.307302,203.984704,0,481.307302,2.3595264378254557
"Bitcoin Up or Down - February 13, 4:15AM-4:30AM ET - No 🔴",0,0.378892,0.095,-797.470802,797.470803,0,-797.470802,-0.9999999987460356
"Bitcoin Up or Down - February 13, 4:25AM-4:30AM ET - Yes 🟢",0,0.429201,0.36,31.719707,23.851006,0,31.719707,1.3299106545023718
"Bitcoin Up or Down - February 13, 4:20AM-4:25AM ET - Yes 🟢",0,0.576387,0.515,-711.061189,711.061189,0,-711.061189,-1
"Ethereum Up or Down - February 13, 4:15AM-4:30AM ET - Yes 🟢",0,0.894228,0.985,73.677374,622.890475,0,73.677374,0.11828303202099855
"Bitcoin Up or Down - February 13, 4:15AM-4:20AM ET - Yes 🟢",0,0.618214,0.005,-1254.092179,1254.09218,0,-1254.092179,-0.9999999992026105
"Bitcoin Up or Down - February 13, 4:15AM-4:20AM ET - Yes 🟢",0,0.613622,0.995,450.895606,716.084932,0,450.895606,0.6296677752185965
"Bitcoin Up or Down - February 13, 4:10AM-4:15AM ET - Yes 🟢",0,0.428832,0.905,1254.392898,941.796136,0,1254.392898,1.3319155282667245
"Bitcoin Up or Down - February 13, 4:10AM-4:15AM ET - Yes 🟢",0,0.606671,0.095,-676.537824,676.537825,0,-676.537824,-0.999999998521886
"Ethereum Up or Down - February 13, 4:00AM-4:15AM ET - Yes 🟢",0,0.395754,0.015,-529.815667,529.815667,0,-529.815667,-1
"Ethereum Up or Down - February 13, 4:30AM-4:45AM ET - No 🔴",0,0.4105,0.205,607.350659,422.930357,0,607.350659,1.4360535935707255
"Ethereum Up or Down - February 13, 6:00AM-6:15AM ET - Yes 🟢",0,0.658266,0.9995,66.236781,127.588771,0,66.236781,0.519142715153201
"Ethereum Up or Down - February 13, 5:30AM-5:45AM ET - Yes 🟢",0,0.724679,0.999,73.62203,193.782309,0,73.62203,0.37992131675962226
"Bitcoin Up or Down - February 13, 5:50AM-5:55AM ET - Yes 🟢",0,0.645966,0.555,525.668008,959.127261,0,525.668008,0.5480690929918215
"Bitcoin Up or Down - February 13, 5:45AM-5:50AM ET - Yes 🟢",0,0.509719,0.115,-514.14547,514.145471,0,-514.14547,-0.9999999980550252
"Bitcoin Up or Down - February 13, 5:40AM-5:45AM ET - Yes 🟢",0,0.514998,0.005,-82.397533,82.397533,0,-82.397533,-1
"Bitcoin Up or Down - February 13, 5:30AM-5:45AM ET - Yes 🟢",0,0.700517,0.9985,762.63118,1783.861209,0,762.63118,0.42751710511577135
"Bitcoin Up or Down - February 13, 5:50AM-5:55AM ET - No 🔴",0,0.572429,0.445,-746.814936,746.814937,0,-746.814936,-0.9999999986609802
"Bitcoin Up or Down - February 13, 5:40AM-5:45AM ET - Yes 🟢",0,0.59551,0.995,470.504489,692.699766,0,470.504489,0.6792329261448026
"Bitcoin Up or Down - February 13, 5:55AM-6:00AM ET - Yes 🟢",0,0.631744,0.79,436.255487,748.397274,0,436.255487,0.5829196633337818
"Bitcoin Up or Down - February 13, 5:05AM-5:10AM ET - Yes 🟢",0,0.546818,0.995,937.738041,1131.492514,0,937.738041,0.828762037218392
"Bitcoin Up or Down - February 13, 5:35AM-5:40AM ET - Yes 🟢",0,0.611474,0.885,-875.367804,875.367804,0,-875.367804,-1
"Bitcoin Up or Down - February 13, 5:30AM-5:35AM ET - No 🔴",0,0.600257,0.82,-662.64456,662.644561,0,-662.64456,-0.9999999984908954
"Bitcoin Up or Down - February 13, 5:25AM-5:30AM ET - Yes 🟢",0,0.387494,0.13,-92.995306,92.995307,0,-92.995306,-0.9999999892467692
"Bitcoin Up or Down - February 13, 5:10AM-5:15AM ET - Yes 🟢",0,0.389995,0.36,-132.59607,132.596071,0,-132.59607,-0.9999999924582984
"Bitcoin Up or Down - February 13, 5:20AM-5:25AM ET - Yes 🟢",0,0.632624,0.87,363.357679,625.704424,0,363.357679,0.5807177719427472
"Bitcoin Up or Down - February 13, 5:15AM-5:30AM ET - Yes 🟢",0,0.576421,0.325,835.818191,1137.410395,0,835.818191,0.7348431091136634
"Bitcoin Up or Down - February 13, 5:15AM-5:20AM ET - Yes 🟢",0,0.614465,0.835,472.085967,752.409779,0,472.085967,0.6274319927466014
"Bitcoin Up or Down - February 13, 5:15AM-5:20AM ET - Yes 🟢",0,0.48268,0.165,-99.962365,99.962365,0,-99.962365,-1
"Ethereum Up or Down - February 13, 5:00AM-5:15AM ET - No 🔴",0,0.660099,0.905,178.27549,346.216907,0,178.27549,0.5149242754918378
"Bitcoin Up or Down - February 13, 5:05AM-5:10AM ET - Yes 🟢",0,0.632855,0.005,-744.810845,744.810846,0,-744.810845,-0.9999999986573772
"Bitcoin Up or Down - February 13, 6:00AM-6:05AM ET - Yes 🟢",0,0.46,0.005,-27.6,27.6,0,-27.6,-1
"Bitcoin Up or Down - February 13, 2:50AM-2:55AM ET - Yes 🟢",0,0.633164,0.015,-671.060406,671.060407,0,-671.060406,-0.999999998509821
"Bitcoin Up or Down - February 13, 2:45AM-3:00AM ET - Yes 🟢",0,0.639019,0.8085,1112.848209,1969.996067,0,1112.848209,0.5648986958104419
"Bitcoin Up or Down - February 13, 2:45AM-2:50AM ET - Yes 🟢",0,0.635246,0.175,486.993632,848.135338,0,486.993632,0.5741933040408227
"Bitcoin Up or Down - February 13, 2:50AM-2:55AM ET - Yes 🟢",0,0.777892,0.985,119.365262,418.054651,0,119.365262,0.2855254970001518
"Bitcoin Up or Down - February 13, 3:00AM-3:15AM ET - Yes 🟢",0,0.312134,0.0065,-625.961301,625.961302,0,-625.961301,-0.999999998402457
"Ethereum Up or Down - February 13, 2:45AM-3:00AM ET - Yes 🟢",0,0.062837,0.355,-6.60354,6.60354,0,-6.60354,-1
"Ethereum Up or Down - February 13, 2:45AM-3:00AM ET - Yes 🟢",0,0.583321,0.645,157.098436,219.926651,0,157.098436,0.7143219581877777
"Bitcoin Up or Down - February 13, 2:35AM-2:40AM ET - Yes 🟢",0,0.546954,0.05,-104.996639,104.996639,0,-104.996639,-1
"Bitcoin Up or Down - February 13, 2:15AM-2:30AM ET - Yes 🟢",0,0.201072,0.125,-244.509474,244.509475,0,-244.509474,-0.999999995910179
"Bitcoin Up or Down - February 13, 4:05AM-4:10AM ET - Yes 🟢",0,0.527459,0.185,-449.538038,449.538039,0,-449.538038,-0.9999999977754939
"Bitcoin Up or Down - February 13, 2:40AM-2:45AM ET - Yes 🟢",0,0.583101,0.98,366.147053,512.116156,0,366.147053,0.7149687599389073
"Bitcoin Up or Down - February 13, 2:30AM-2:35AM ET - Yes 🟢",0,0.678388,0.995,311.502907,657.06452,0,311.502907,0.47408267760371536
"Ethereum Up or Down - February 13, 2:30AM-2:45AM ET - No 🔴",0,0.755429,0.9985,167.18885,516.411619,0,167.18885,0.3237511393019219
"Ethereum Up or Down - February 13, 2:30AM-2:45AM ET - Yes 🟢",0,0.237673,0.0015,-8.068692,8.068692,0,-8.068692,-1
"Bitcoin Up or Down - February 13, 2:30AM-2:45AM ET - Yes 🟢",0,0.712774,0.9995,909.067393,2255.922522,0,909.067393,0.40296924390562033
"Bitcoin Up or Down - February 13, 2:20AM-2:25AM ET - Yes 🟢",0,0.563748,0.755,69.80032,90.19968,0,69.80032,0.7738422131874525
"Bitcoin Up or Down - February 13, 2:25AM-2:30AM ET - Yes 🟢",0,0.489945,0.355,20.513822,19.705022,0,20.513822,1.0410453741183339
"Bitcoin Up or Down - February 13, 2:15AM-2:20AM ET - Yes 🟢",0,0.499909,0.005,-441.396895,441.396895,0,-441.396895,-1
"Ethereum Up or Down - February 13, 2:15AM-2:30AM ET - Yes 🟢",0,0.665961,0.885,189.125251,377.051906,0,189.125251,0.5015894310318113
"Ethereum Up or Down - February 13, 2:15AM-2:30AM ET - Yes 🟢",0,0.19055,0.115,-83.512537,83.512538,0,-83.512537,-0.99999998802575
"Ethereum Up or Down - February 13, 3:30AM-3:45AM ET - Yes 🟢",0,0.541801,0.985,353.651734,418.178266,0,353.651734,0.8456961127673718
"Bitcoin Up or Down - February 13, 3:50AM-3:55AM ET - Yes 🟢",0,0.47,0.42,6.36,5.64,0,6.36,1.1276595744680853
"Bitcoin Up or Down - February 13, 3:30AM-3:45AM ET - Yes 🟢",0,0.637524,0.965,1317.32051,2316.907716,0,1317.32051,0.5685683986905933
"Bitcoin Up or Down - February 13, 3:45AM-4:00AM ET - Yes 🟢",0,0.605879,0.985,1326.742635,2039.590636,0,1326.742635,0.650494570617356
"Bitcoin Up or Down - February 13, 3:45AM-4:00AM ET - No 🔴",0,0.086565,0.015,-303.379071,303.379072,0,-303.379071,-0.9999999967037937
"Bitcoin Up or Down - February 13, 3:45AM-3:50AM ET - Yes 🟢",0,0.684761,0.665,349.098143,758.309708,0,349.098143,0.460363541857755
"Ethereum Up or Down - February 13, 3:45AM-4:00AM ET - No 🔴",0,0.287672,0.003,-182.200619,182.20062,0,-182.200619,-0.9999999945115445
"Bitcoin Up or Down - February 13, 3:55AM-4:00AM ET - Yes 🟢",0,0.487995,0.285,51.198472,48.797568,0,51.198472,1.0492013044584518
"Ethereum Up or Down - February 13, 3:15AM-3:30AM ET - Yes 🟢",0,0.520152,0.0015,-425.264663,425.264663,0,-425.264663,-1
"Bitcoin Up or Down - February 13, 2:55AM-3:00AM ET - Yes 🟢",0,0.576681,0.975,498.378376,678.933241,0,498.378376,0.7340609442924595
"Bitcoin Up or Down - February 13, 3:35AM-3:40AM ET - Yes 🟢",0,0.497807,0.345,950.825206,942.52099,0,950.825206,1.0088106430393662
"Bitcoin Up or Down - February 13, 3:35AM-3:40AM ET - Yes 🟢",0,0.646834,0.655,-1024.839295,1024.839295,0,-1024.839295,-1
"Bitcoin Up or Down - February 13, 3:25AM-3:30AM ET - Yes 🟢",0,0.669386,0.91,353.032752,714.776694,0,353.032752,0.49390635559810236
"Bitcoin Up or Down - February 13, 3:20AM-3:25AM ET - Yes 🟢",0,0.540172,0.25,296.847132,348.714105,0,296.847132,0.8512621879748741
"Bitcoin Up or Down - February 13, 3:20AM-3:25AM ET - Yes 🟢",0,0.678434,0.75,-1128.869322,1128.869322,0,-1128.869322,-1
"Bitcoin Up or Down - February 13, 3:15AM-3:20AM ET - Yes 🟢",0,0.503936,0.515,-943.280803,943.280803,0,-943.280803,-1
"Bitcoin Up or Down - February 13, 3:10AM-3:15AM ET - Yes 🟢",0,0.606317,0.595,-679.506962,679.506962,0,-679.506962,-1
"Bitcoin Up or Down - February 13, 3:05AM-3:10AM ET - Yes 🟢",0,0.265167,0.19,866.414238,312.64854,0,866.414238,2.7712083286875413
"Bitcoin Up or Down - February 13, 3:00AM-3:15AM ET - Yes 🟢",0,0.661803,0.9935,1329.837137,2602.300455,0,1329.837137,0.5110236730908153
"Bitcoin Up or Down - February 13, 2:45AM-3:00AM ET - No 🔴",0,0.5152,0.1915,-1252.172603,1252.172603,0,-1252.172603,-1
"Bitcoin Up or Down - February 13, 3:15AM-3:30AM ET - Yes 🟢",0,0.600895,0.985,1088.816486,1639.328955,0,1088.816486,0.6641842582473022
"Bitcoin Up or Down - February 13, 5:30AM-5:35AM ET - Yes 🟢",0,0.501646,0.18,647.094725,651.369269,0,647.094725,0.993437602595894
"Bitcoin Up or Down - February 13, 5:25AM-5:30AM ET - Yes 🟢",0,0.604652,0.87,466.856972,714.019047,0,466.856972,0.6538438630755462
"Bitcoin Up or Down - February 13, 5:15AM-5:30AM ET - No 🔴",0,0.522445,0.675,-1706.440829,1706.44083,0,-1706.440829,-0.9999999994139849
"Ethereum Up or Down - February 13, 5:15AM-5:30AM ET - Yes 🟢",0,0.687062,0.215,-649.808045,649.808046,0,-649.808045,-0.9999999984610839
"Ethereum Up or Down - February 13, 5:15AM-5:30AM ET - Yes 🟢",0,0.376513,0.785,829.69559,501.038796,0,829.69559,1.6559507898865382
"Bitcoin Up or Down - February 13, 5:10AM-5:15AM ET - Yes 🟢",0,0.714484,0.64,381.013003,953.458631,0,381.013003,0.39961146777851136
"Ethereum Up or Down - February 13, 5:00AM-5:15AM ET - Yes 🟢",0,0.251865,0.095,-203.786808,203.786809,0,-203.786808,-0.999999995092911
"Bitcoin Up or Down - February 13, 5:00AM-5:15AM ET - Yes 🟢",0,0.705016,0.885,685.362867,1638.027104,0,685.362867,0.41840752532505104
"Bitcoin Up or Down - February 13, 5:00AM-5:05AM ET - Yes 🟢",0,0.609523,0.5,424.56348,662.730984,0,424.56348,0.6406271779199024
"Ethereum Up or Down - February 13, 6:00AM-6:15AM ET - Yes 🟢",0,0.413197,0.0005,-63.530071,63.530072,0,-63.530071,-0.9999999842594229
"Bitcoin Up or Down - February 13, 5:00AM-5:05AM ET - Yes 🟢",0,0.502975,0.5,-51.267782,51.267783,0,-51.267782,-0.999999980494573
"Bitcoin Up or Down - February 13, 8:30AM-8:45AM ET - Yes 🟢",0,0.452749,0.345,-1594.153635,1594.153636,0,-1594.153635,-0.9999999993727077
"Bitcoin Up or Down - February 13, 8:20AM-8:25AM ET - Yes 🟢",0,0.665994,0.31,167.384033,333.756765,0,167.384033,0.5015150269688167
"Bitcoin Up or Down - February 13, 8:15AM-8:20AM ET - Yes 🟢",0,0.718014,0.795,346.271502,881.702589,0,346.271502,0.3927305038229847
"Bitcoin Up or Down - February 13, 8:15AM-8:20AM ET - Yes 🟢",0,0.353317,0.205,-230.995139,230.99514,0,-230.995139,-0.9999999956709046
"Bitcoin Up or Down - February 13, 8:10AM-8:15AM ET - Yes 🟢",0,0.523155,0.45,715.705092,785.21259,0,715.705092,0.9114793892950699
"Bitcoin Up or Down - February 13, 8:00AM-8:15AM ET - No 🔴",0,0.620202,0.955,1177.561539,1922.932775,0,1177.561539,0.612377902290422
"Bitcoin Up or Down - February 13, 8:05AM-8:10AM ET - Yes 🟢",0,0.598558,0.97,375.623267,560.061757,0,375.623267,0.6706818708923202
"Bitcoin Up or Down - February 13, 8:05AM-8:10AM ET - Yes 🟢",0,0.53319,0.03,-63.415067,63.415067,0,-63.415067,-1
"Bitcoin Up or Down - February 13, 4:55AM-5:00AM ET - Yes 🟢",0,0.528323,0.505,675.711101,756.860556,0,675.711101,0.8927814980491598
"Ethereum Up or Down - February 13, 6:30AM-6:45AM ET - No 🔴",0,0.682831,0.425,-835.060396,835.060396,0,-835.060396,-1
"Bitcoin Up or Down - February 13, 6:35AM-6:40AM ET - Yes 🟢",0,0.644167,0.675,516.843487,935.645426,0,516.843487,0.552392469024906
"Bitcoin Up or Down - February 13, 6:15AM-6:30AM ET - Yes 🟢",0,0.372545,0.095,-844.394058,844.394059,0,-844.394058,-0.9999999988157188
"Bitcoin Up or Down - February 13, 6:20AM-6:25AM ET - Yes 🟢",0,0.530855,0.495,-370.622224,370.622225,0,-370.622224,-0.9999999973018348
"Bitcoin Up or Down - February 13, 6:25AM-6:30AM ET - Yes 🟢",0,0.34263,0.155,-66.522729,66.522729,0,-66.522729,-1
"Bitcoin Up or Down - February 13, 6:25AM-6:30AM ET - Yes 🟢",0,0.72524,0.845,327.873078,865.434093,0,327.873078,0.37885389615682724
"Ethereum Up or Down - February 13, 6:15AM-6:30AM ET - Yes 🟢",0,0.275609,0.505,700.27144,266.432233,0,700.27144,2.6283285326066386
"Bitcoin Up or Down - February 13, 6:15AM-6:20AM ET - Yes 🟢",0,0.662006,0.445,323.955335,634.509417,0,323.955335,0.5105603263253066
"Bitcoin Up or Down - February 13, 6:15AM-6:20AM ET - Yes 🟢",0,0.455721,0.555,-502.813516,502.813517,0,-502.813516,-0.9999999980111912
"Bitcoin Up or Down - February 13, 5:35AM-5:40AM ET - Yes 🟢",0,0.508754,0.115,391.817646,405.782021,0,391.817646,0.9655865112860681
"Bitcoin Up or Down - February 13, 6:05AM-6:10AM ET - Yes 🟢",0,0.700834,0.695,-735.022824,735.022825,0,-735.022824,-0.9999999986394981
"Ethereum Up or Down - February 13, 5:45AM-6:00AM ET - Yes 🟢",0,0.685542,0.965,212.063922,462.315239,0,212.063922,0.45869983100427286
"Ethereum Up or Down - February 13, 5:45AM-6:00AM ET - Yes 🟢",0,0.267122,0.035,-296.358573,296.358573,0,-296.358573,-1
"Ethereum Up or Down - February 13, 5:30AM-5:45AM ET - Yes 🟢",0,0.241556,0.001,-31.713419,31.71342,0,-31.713419,-0.9999999684676076
"Bitcoin Up or Down - February 13, 5:45AM-6:00AM ET - Yes 🟢",0,0.506797,0.225,-571.955007,571.955007,0,-571.955007,-1
"Bitcoin Up or Down - February 13, 5:55AM-6:00AM ET - Yes 🟢",0,0.494157,0.21,-228.896922,228.896922,0,-228.896922,-1
"Bitcoin Up or Down - February 13, 5:30AM-5:45AM ET - Yes 🟢",0,0.420586,0.0015,-740.090026,740.090027,0,-740.090026,-0.9999999986488131
"Bitcoin Up or Down - February 13, 5:45AM-6:00AM ET - No 🔴",0,0.515817,0.775,1540.373399,1641.013389,0,1540.373399,0.9386720482144707
"Bitcoin Up or Down - February 13, 5:45AM-5:50AM ET - Yes 🟢",0,0.6519,0.885,518.131088,970.323633,0,518.131088,0.5339776033260853
"Bitcoin Up or Down - February 13, 6:00AM-6:05AM ET - Yes 🟢",0,0.678788,0.995,339.620236,717.688446,0,339.620236,0.47321402189606926
"Bitcoin Up or Down - February 13, 6:10AM-6:15AM ET - Yes 🟢",0,0.53211,0.105,-65.447087,65.447087,0,-65.447087,-1
"Bitcoin Up or Down - February 13, 6:45AM-6:50AM ET - Yes 🟢",0,0.398627,0.495,-555.440848,555.440848,0,-555.440848,-1
"Bitcoin Up or Down - February 13, 6:45AM-7:00AM ET - Yes 🟢",0,0.400486,0.035,-1605.978328,1605.978329,0,-1605.978328,-0.9999999993773265
"Ethereum Up or Down - February 13, 6:45AM-7:00AM ET - Yes 🟢",0,0.603558,0.785,188.334529,286.72747,0,188.334529,0.656841595958699
"Bitcoin Up or Down - February 13, 6:45AM-7:00AM ET - Yes 🟢",0,0.697174,0.965,1608.512813,3703.160601,0,1608.512813,0.43436215339017104
"Bitcoin Up or Down - February 13, 6:50AM-6:55AM ET - Yes 🟢",0,0.511263,0.455,-155.483535,155.483535,0,-155.483535,-1
"Bitcoin Up or Down - February 13, 7:00AM-7:05AM ET - Yes 🟢",0,0.705714,0.995,349.032465,836.999033,0,349.032465,0.41700462155731066
"Ethereum Up or Down - February 13, 7:00AM-7:15AM ET - Yes 🟢",0,0.847387,0.985,79.321388,440.433736,0,79.321388,0.1800983474163296
"Ethereum Up or Down - February 13, 6:30AM-6:45AM ET - Yes 🟢",0,0.362477,0.575,854.392739,485.782814,0,854.392739,1.7587957300605535
"Bitcoin Up or Down - February 13, 6:35AM-6:40AM ET - Yes 🟢",0,0.420631,0.325,-228.998006,228.998007,0,-228.998006,-0.9999999956331497
"Ethereum Up or Down - February 13, 8:00AM-8:15AM ET - Yes 🟢",0,0.590712,0.785,564.793281,815.147693,0,564.793281,0.6928723295791748
"Bitcoin Up or Down - February 13, 6:40AM-6:45AM ET - Yes 🟢",0,0.626184,0.52,475.397,796.343643,0,475.397,0.596974690736622
"Bitcoin Up or Down - February 13, 6:30AM-6:35AM ET - Yes 🟢",0,0.76048,0.665,228.8777,726.690522,0,228.8777,0.31495897231476483
"Ethereum Up or Down - February 13, 6:15AM-6:30AM ET - Yes 🟢",0,0.587394,0.495,-665.010221,665.010221,0,-665.010221,-1
"Bitcoin Up or Down - February 13, 6:20AM-6:25AM ET - Yes 🟢",0,0.592529,0.495,587.649515,854.53782,0,587.649515,0.6876811081339852
"Bitcoin Up or Down - February 13, 6:15AM-6:30AM ET - Yes 🟢",0,0.648853,0.905,1560.398489,2883.320209,0,1560.398489,0.5411811300490905
"Bitcoin Up or Down - February 13, 6:10AM-6:15AM ET - Yes 🟢",0,0.685752,0.895,350.476229,764.809244,0,350.476229,0.4582531288024024
"Bitcoin Up or Down - February 13, 6:00AM-6:15AM ET - Yes 🟢",0,0.715316,0.995,1113.782978,2798.565375,0,1113.782978,0.3979835482671188
"Bitcoin Up or Down - February 13, 6:05AM-6:10AM ET - Yes 🟢",0,0.654111,0.305,190.913943,361.03753,0,190.913943,0.5287925136203984
"Bitcoin Up or Down - February 13, 6:00AM-6:15AM ET - Yes 🟢",0,0.485077,0.005,-989.942548,989.942549,0,-989.942548,-0.9999999989898405
"Bitcoin Up or Down - February 13, 6:30AM-6:45AM ET - Yes 🟢",0,0.504828,0.375,369.703636,376.912966,0,369.703636,0.9808726930343916
"Bitcoin Up or Down - February 13, 7:45AM-8:00AM ET - Yes 🟢",0,0.416514,0.085,2257.357532,1611.385732,0,2257.357532,1.4008796821095348
"Ethereum Up or Down - February 13, 7:45AM-8:00AM ET - Yes 🟢",0,0.239848,0.075,-190.720959,190.72096,0,-190.720959,-0.9999999947567378
"Bitcoin Up or Down - February 13, 7:45AM-7:50AM ET - Yes 🟢",0,0.638177,0.495,-892.738526,892.738526,0,-892.738526,-1
"Bitcoin Up or Down - February 13, 7:50AM-7:55AM ET - Yes 🟢",0,0.764497,0.995,325.324335,1056.077751,0,325.324335,0.3080496059044425
"Bitcoin Up or Down - February 13, 7:55AM-8:00AM ET - Yes 🟢",0,0.306186,0.185,-58.617262,58.617263,0,-58.617262,-0.9999999829401791
"Bitcoin Up or Down - February 13, 8:00AM-8:05AM ET - Yes 🟢",0,0.664703,0.61,360.300574,714.270849,0,360.300574,0.5044313015215884
"Ethereum Up or Down - February 13, 8:00AM-8:15AM ET - Yes 🟢",0,0.310942,0.215,-442.137971,442.137971,0,-442.137971,-1
"Ethereum Up or Down - February 13, 7:30AM-7:45AM ET - Yes 🟢",0,0.58658,0.665,437.361943,620.549971,0,437.361943,0.7047972982662504
"Bitcoin Up or Down - February 13, 7:40AM-7:45AM ET - Yes 🟢",0,0.499244,0.215,-185.777217,185.777218,0,-185.777217,-0.9999999946172086
"Bitcoin Up or Down - February 13, 7:00AM-7:15AM ET - Yes 🟢",0,0.214491,0.0015,-117.269348,117.269349,0,-117.269348,-0.9999999914726224
"Bitcoin Up or Down - February 13, 7:35AM-7:40AM ET - Yes 🟢",0,0.644279,0.52,411.64457,745.567319,0,411.64457,0.552122604504879
"Bitcoin Up or Down - February 13, 7:30AM-7:35AM ET - Yes 🟢",0,0.60782,0.555,401.319936,621.985527,0,401.319936,0.6452239137069181
"Bitcoin Up or Down - February 13, 7:25AM-7:30AM ET - Yes 🟢",0,0.486306,0.065,-46.600109,46.60011,0,-46.600109,-0.9999999785408232
"Bitcoin Up or Down - February 13, 7:15AM-7:30AM ET - Yes 🟢",0,0.370248,0.015,-1300.117665,1300.117665,0,-1300.117665,-1
"Ethereum Up or Down - February 13, 7:15AM-7:30AM ET - Yes 🟢",0,0.356468,0.015,-134.763481,134.763482,0,-134.763481,-0.9999999925795922
"Bitcoin Up or Down - February 13, 7:20AM-7:25AM ET - Yes 🟢",0,0.50491,0.33,-222.526273,222.526274,0,-222.526273,-0.9999999955061486
"Ethereum Up or Down - February 13, 7:15AM-7:30AM ET - Yes 🟢",0,0.783716,0.985,151.942856,550.572618,0,151.942856,0.2759724167757286
"Bitcoin Up or Down - February 13, 7:15AM-7:20AM ET - Yes 🟢",0,0.572417,0.5,-633.049465,633.049466,0,-633.049465,-0.9999999984203446
"Bitcoin Up or Down - February 13, 7:10AM-7:15AM ET - Yes 🟢",0,0.565895,0.935,534.954516,697.361436,0,534.954516,0.7671122726092355
"Bitcoin Up or Down - February 13, 7:10AM-7:15AM ET - Yes 🟢",0,0.650568,0.065,-574.779834,574.779835,0,-574.779834,-0.9999999982602035
"Bitcoin Up or Down - February 13, 7:30AM-7:45AM ET - Yes 🟢",0,0.53989,0.665,-1055.445568,1055.445569,0,-1055.445568,-0.999999999052533
"Bitcoin Up or Down - February 12, 11:15PM-11:30PM ET - No 🔴",0,0.590053,0.905,1385.445528,1994.126778,0,1385.445528,0.6947630127055041
"Bitcoin Up or Down - February 12, 11:20PM-11:25PM ET - Yes 🟢",0,0.424191,0.07,-43.645509,43.64551,0,-43.645509,-0.9999999770881357
"Bitcoin Up or Down - February 12, 11:10PM-11:15PM ET - Yes 🟢",0,0.400236,0.445,185.607114,123.8598,0,185.607114,1.4985258655350646
"Ethereum Up or Down - February 12, 11:00PM-11:15PM ET - Yes 🟢",0,0.227242,0.035,-176.168886,176.168886,0,-176.168886,-1
"Bitcoin Up or Down - February 12, 11:00PM-11:15PM ET - Yes 🟢",0,0.429176,0.165,-588.312145,588.312145,0,-588.312145,-1
"Bitcoin Up or Down - February 12, 11:00PM-11:15PM ET - Yes 🟢",0,0.714855,0.835,908.636946,2277.941625,0,908.636946,0.39888508819886903
"Bitcoin Up or Down - February 12, 11:05PM-11:10PM ET - Yes 🟢",0,0.590181,0.515,-868.297791,868.297791,0,-868.297791,-1
"Bitcoin Up or Down - February 12, 10:50PM-10:55PM ET - Yes 🟢",0,0.63335,0.185,-977.433603,977.433604,0,-977.433603,-0.9999999989769125
"Bitcoin Up or Down - February 12, 10:45PM-11:00PM ET - No 🔴",0,0.758638,0.9955,790.49781,2484.656565,0,790.49781,0.3181517402184716
"Bitcoin Up or Down - February 13, 2:10AM-2:15AM ET - Yes 🟢",0,0.654326,0.995,421.333623,797.542032,0,421.333623,0.5282901791939663
"Bitcoin Up or Down - February 12, 10:45PM-10:50PM ET - Yes 🟢",0,0.475099,0.195,-220.232804,220.232804,0,-220.232804,-1
"Ethereum Up or Down - February 12, 10:45PM-11:00PM ET - Yes 🟢",0,0.32959,0.095,-201.113841,201.113842,0,-201.113841,-0.9999999950276919
"Bitcoin Up or Down - February 12, 10:30PM-10:35PM ET - Yes 🟢",0,0.666256,0.785,-565.637805,565.637806,0,-565.637805,-0.9999999982320841
"Bitcoin Up or Down - February 12, 10:30PM-10:35PM ET - Yes 🟢",0,0.176031,0.215,350.836412,74.951952,0,350.836412,4.6808175456190915
"Bitcoin Up or Down - February 12, 10:35PM-10:40PM ET - Yes 🟢",0,0.544517,0.49,401.80773,480.349739,0,401.80773,0.8364899517515922
"Bitcoin Up or Down - February 12, 10:40PM-10:45PM ET - Yes 🟢",0,0.611479,0.495,397.053147,624.907435,0,397.053147,0.6353791373917643
"Bitcoin Up or Down - February 12, 10:15PM-10:20PM ET - Yes 🟢",0,0.63867,0.905,415.783982,734.920311,0,415.783982,0.5657538317783681
"Bitcoin Up or Down - February 12, 10:25PM-10:30PM ET - Yes 🟢",0,0.5,0.005,-10,10,0,-10,-1
"Bitcoin Up or Down - February 12, 10:15PM-10:20PM ET - Yes 🟢",0,0.521629,0.095,-416.646036,416.646037,0,-416.646036,-0.9999999975998811
"Ethereum Up or Down - February 12, 10:45PM-11:00PM ET - Yes 🟢",0,0.88,0.905,0.192,1.408,0,0.192,0.13636363636363638
"Ethereum Up or Down - February 13, 12:30AM-12:45AM ET - Yes 🟢",0,0.610161,0.915,156.97183,245.686268,0,156.97183,0.6389116953007727
"Bitcoin Up or Down - February 13, 12:30AM-12:45AM ET - Yes 🟢",0,0.295402,0.045,-176.477953,176.477953,0,-176.477953,-1
"Bitcoin Up or Down - February 13, 12:20AM-12:25AM ET - Yes 🟢",0,0.669696,0.905,-979.822313,979.822313,0,-979.822313,-1
"Bitcoin Up or Down - February 13, 12:15AM-12:20AM ET - Yes 🟢",0,0.485191,0.105,-192.997199,192.9972,0,-192.997199,-0.9999999948185777
"Bitcoin Up or Down - February 13, 12:15AM-12:30AM ET - Yes 🟢",0,0.72979,0.915,660.057875,1782.700999,0,660.057875,0.37025719701186977
"Bitcoin Up or Down - February 13, 12:10AM-12:15AM ET - Yes 🟢",0,0.627531,0.155,-909.527511,909.527512,0,-909.527511,-0.999999998900528
"Bitcoin Up or Down - February 13, 12:00AM-12:15AM ET - Yes 🟢",0,0.591787,0.905,2303.925366,3340.004069,0,2303.925366,0.6897971734177548
"Ethereum Up or Down - February 13, 12:00AM-12:15AM ET - Yes 🟢",0,0.611463,0.995,625.038496,983.658993,0,625.038496,0.6354219302095071
"Bitcoin Up or Down - February 13, 12:05AM-12:10AM ET - Yes 🟢",0,0.788877,0.995,183.456518,685.499108,0,183.456518,0.26762473628193256
"Bitcoin Up or Down - February 12, 11:15PM-11:20PM ET - Yes 🟢",0,0.472533,0.175,-316.478382,316.478382,0,-316.478382,-1
"Bitcoin Up or Down - February 12, 11:55PM-12:00AM ET - Yes 🟢",0,0.652431,0.515,455.765941,855.530352,0,455.765941,0.532729131040812
"Bitcoin Up or Down - February 12, 11:50PM-11:55PM ET - Yes 🟢",0,0.43,0.02,-8.6,8.6,0,-8.6,-1
"Bitcoin Up or Down - February 12, 11:55PM-12:00AM ET - Yes 🟢",0,0.575173,0.485,-579.773389,579.77339,0,-579.773389,-0.9999999982751882
"Bitcoin Up or Down - February 12, 11:50PM-11:55PM ET - Yes 🟢",0,0.66873,0.98,339.43911,685.220866,0,339.43911,0.4953718236595557
"Bitcoin Up or Down - February 12, 11:30PM-11:45PM ET - Yes 🟢",0,0.597515,0.835,1484.763173,2204.226909,0,1484.763173,0.6735981522308873
"Bitcoin Up or Down - February 12, 11:30PM-11:35PM ET - Yes 🟢",0,0.420256,0.155,-61.838327,61.838327,0,-61.838327,-1
"Bitcoin Up or Down - February 12, 11:40PM-11:45PM ET - Yes 🟢",0,0.476895,0.665,-26.815992,26.815992,0,-26.815992,-1
"Bitcoin Up or Down - February 12, 11:35PM-11:40PM ET - Yes 🟢",0,0.641336,0.745,465.778714,832.870479,0,465.778714,0.5592450756079685
"Bitcoin Up or Down - February 12, 11:35PM-11:40PM ET - Yes 🟢",0,0.425525,0.255,-201.373948,201.373948,0,-201.373948,-1
"Bitcoin Up or Down - February 12, 11:20PM-11:25PM ET - Yes 🟢",0,0.694522,0.93,343.813832,781.680745,0,343.813832,0.4398391980347424
"Bitcoin Up or Down - February 12, 11:45PM-11:50PM ET - Yes 🟢",0,0.474195,0.435,-411.863866,411.863866,0,-411.863866,-1
"Ethereum Up or Down - February 13, 12:45AM-1:00AM ET - Yes 🟢",0,0.747693,0.995,124.91932,370.189102,0,124.91932,0.337447319019132
"Bitcoin Up or Down - February 13, 12:45AM-12:50AM ET - Yes 🟢",0,0.537875,0.345,294.212527,342.438871,0,294.212527,0.8591680206771853
"Bitcoin Up or Down - February 13, 12:45AM-1:00AM ET - Yes 🟢",0,0.41798,0.005,-575.408602,575.408603,0,-575.408602,-0.9999999982621045
"Bitcoin Up or Down - February 13, 12:50AM-12:55AM ET - Yes 🟢",0,0.734489,0.98,287.578943,795.536044,0,287.578943,0.36149077740593233
"Bitcoin Up or Down - February 13, 12:55AM-1:00AM ET - Yes 🟢",0,0.424174,0.035,-43.86688,43.866881,0,-43.86688,-0.9999999772037589
"Ethereum Up or Down - February 13, 1:00AM-1:15AM ET - Yes 🟢",0,0.231726,0.065,-128.534246,128.534247,0,-128.534246,-0.9999999922199724
"Bitcoin Up or Down - February 13, 12:30AM-12:35AM ET - Yes 🟢",0,0.52419,0.255,-66.371969,66.371969,0,-66.371969,-1
"Bitcoin Up or Down - February 13, 12:40AM-12:45AM ET - Yes 🟢",0,0.672034,0.65,497.461768,1019.347195,0,497.461768,0.4880199508470713
"Ethereum Up or Down - February 13, 12:30AM-12:45AM ET - Yes 🟢",0,0.433145,0.085,-426.024197,426.024198,0,-426.024197,-0.9999999976527155
"Ethereum Up or Down - February 12, 10:15PM-10:30PM ET - Yes 🟢",0,0.246231,0.0005,-97.137433,97.137434,0,-97.137433,-0.9999999897053077
"Bitcoin Up or Down - February 13, 12:25AM-12:30AM ET - Yes 🟢",0,0.63749,0.465,401.28194,705.672186,0,401.28194,0.5686520568064447
"Ethereum Up or Down - February 13, 12:15AM-12:30AM ET - Yes 🟢",0,0.34812,0.135,-747.945413,747.945413,0,-747.945413,-1
"Bitcoin Up or Down - February 13, 12:15AM-12:30AM ET - Yes 🟢",0,0.25989,0.085,-491.974303,491.974304,0,-491.974303,-0.9999999979673734
"Bitcoin Up or Down - February 13, 12:25AM-12:30AM ET - Yes 🟢",0,0.648197,0.535,-1012.516635,1012.516636,0,-1012.516635,-0.9999999990123619
"Bitcoin Up or Down - February 13, 12:20AM-12:25AM ET - Yes 🟢",0,0.496304,0.095,315.39356,310.764996,0,315.39356,1.0148940970172844
"Bitcoin Up or Down - February 13, 12:15AM-12:20AM ET - Yes 🟢",0,0.665833,0.895,454.430423,905.459762,0,454.430423,0.5018780978143565
"Bitcoin Up or Down - February 13, 12:10AM-12:15AM ET - Yes 🟢",0,0.488219,0.845,233.245978,222.507515,0,233.245978,1.0482611250231255
"Ethereum Up or Down - February 13, 12:00AM-12:15AM ET - Yes 🟢",0,0.21426,0.005,-150.33065,150.330651,0,-150.33065,-0.9999999933479967
"Bitcoin Up or Down - February 13, 12:00AM-12:15AM ET - Yes 🟢",0,0.658179,0.095,-2151.858975,2151.858976,0,-2151.858975,-0.9999999995352856
"Bitcoin Up or Down - February 13, 12:35AM-12:40AM ET - Yes 🟢",0,0.202447,0.295,-47.614299,47.614299,0,-47.614299,-1
"Bitcoin Up or Down - February 12, 10:25PM-10:30PM ET - Yes 🟢",0,0.630156,0.995,375.472757,639.746517,0,375.472757,0.5869086380660983
"Bitcoin Up or Down - February 13, 1:50AM-1:55AM ET - Yes 🟢",0,0.695154,0.995,301.424909,687.352734,0,301.424909,0.43853016666694455
"Bitcoin Up or Down - February 13, 1:55AM-2:00AM ET - Yes 🟢",0,0.550516,0.085,-236.368678,236.368678,0,-236.368678,-1
"Bitcoin Up or Down - February 13, 1:45AM-2:00AM ET - Yes 🟢",0,0.65105,0.9995,562.70126,1049.854293,0,562.70126,0.5359803391307368
"Bitcoin Up or Down - February 13, 1:45AM-2:00AM ET - Yes 🟢",0,0.445641,0.0005,-472.930729,472.930729,0,-472.930729,-1
"Ethereum Up or Down - February 13, 1:30AM-1:45AM ET - Yes 🟢",0,0.22,0.265,-39.6,39.6,0,-39.6,-1
"Bitcoin Up or Down - February 13, 1:30AM-1:35AM ET - Yes 🟢",0,0.633174,0.33,390.667371,674.326308,0,390.667371,0.5793446976118867
"Bitcoin Up or Down - February 13, 1:30AM-1:35AM ET - Yes 🟢",0,0.404111,0.67,-14.243936,14.243937,0,-14.243936,-0.9999999297946907
"Bitcoin Up or Down - February 13, 1:35AM-1:40AM ET - Yes 🟢",0,0.564956,0.54,-1118.461771,1118.461772,0,-1118.461771,-0.9999999991059149
"Ethereum Up or Down - February 13, 1:00AM-1:15AM ET - Yes 🟢",0,0.790954,0.935,162.313857,614.136575,0,162.313857,0.2642960273128172
"Ethereum Up or Down - February 13, 1:15AM-1:30AM ET - Yes 🟢",0,0.490749,0.9985,185.88822,179.134569,0,185.88822,1.0377015505030744
"Bitcoin Up or Down - February 13, 1:25AM-1:30AM ET - Yes 🟢",0,0.548487,0.545,-653.663442,653.663442,0,-653.663442,-1
"Bitcoin Up or Down - February 13, 1:20AM-1:25AM ET - Yes 🟢",0,0.711576,0.995,525.971494,1297.633665,0,525.971494,0.405331264274806
"Bitcoin Up or Down - February 13, 1:20AM-1:25AM ET - Yes 🟢",0,0.64247,0.005,-660.170811,660.170811,0,-660.170811,-1
"Bitcoin Up or Down - February 13, 1:15AM-1:20AM ET - Yes 🟢",0,0.616101,0.595,-876.552019,876.55202,0,-876.552019,-0.9999999988591664
"Bitcoin Up or Down - February 13, 1:15AM-1:30AM ET - Yes 🟢",0,0.851789,0.996,478.707719,2751.199099,0,478.707719,0.17399966406429823
"Ethereum Up or Down - February 13, 1:15AM-1:30AM ET - Yes 🟢",0,0.387913,0.0015,-287.917551,287.917551,0,-287.917551,-1
"Bitcoin Up or Down - February 13, 1:10AM-1:15AM ET - Yes 🟢",0,0.701799,0.71,-628.461365,628.461365,0,-628.461365,-1
"Bitcoin Up or Down - February 13, 1:05AM-1:10AM ET - Yes 🟢",0,0.606965,0.995,530.705679,819.570198,0,530.705679,0.6475414556252569
"Bitcoin Up or Down - February 13, 1:00AM-1:15AM ET - Yes 🟢",0,0.689434,0.935,888.414782,1972.216396,0,888.414782,0.45046516386430036
"Bitcoin Up or Down - February 13, 1:30AM-1:45AM ET - Yes 🟢",0,0.615798,0.755,1178.436943,1888.795771,0,1178.436943,0.6239091388774609
"Ethereum Up or Down - February 13, 4:00AM-4:15AM ET - No 🔴",0,0.502985,0.985,414.156421,419.131148,0,414.156421,0.9881308582677802
"Bitcoin Up or Down - February 13, 4:00AM-4:15AM ET - Yes 🟢",0,0.465726,0.535,-1491.632598,1491.632598,0,-1491.632598,-1
"Bitcoin Up or Down - February 13, 4:05AM-4:10AM ET - Yes 🟢",0,0.633273,0.815,678.506028,1171.660522,0,678.506028,0.5790977977493041
"Ethereum Up or Down - February 13, 3:30AM-3:45AM ET - No 🔴",0,0.192193,0.015,-117.89838,117.898381,0,-117.89838,-0.9999999915181194
"Bitcoin Up or Down - February 13, 3:40AM-3:45AM ET - Yes 🟢",0,0.483884,0.105,-663.897725,663.897725,0,-663.897725,-1
"Ethereum Up or Down - February 13, 3:45AM-4:00AM ET - Yes 🟢",0,0.616346,0.997,647.199669,1039.736136,0,647.199669,0.6224653030622377
"Bitcoin Up or Down - February 13, 3:50AM-3:55AM ET - Yes 🟢",0,0.613146,0.58,-661.702565,661.702565,0,-661.702565,-1
"Bitcoin Up or Down - February 13, 3:45AM-3:50AM ET - Yes 🟢",0,0.364995,0.335,-29.197166,29.197166,0,-29.197166,-1
"Bitcoin Up or Down - February 13, 3:30AM-3:45AM ET - No 🔴",0,0.362317,0.035,-1367.974097,1367.974097,0,-1367.974097,-1
"Bitcoin Up or Down - February 13, 12:30AM-12:35AM ET - Yes 🟢",0,0.703948,0.745,352.130204,837.289913,0,352.130204,0.4205594723317777
"Bitcoin Up or Down - February 13, 3:40AM-3:45AM ET - Yes 🟢",0,0.624356,0.895,438.396829,728.657162,0,438.396829,0.6016503396421705
"Bitcoin Up or Down - February 13, 4:00AM-4:05AM ET - Yes 🟢",0,0.622936,0.505,536.524674,886.376144,0,536.524674,0.605301347099432
"Bitcoin Up or Down - February 13, 4:00AM-4:05AM ET - Yes 🟢",0,0.487777,0.495,-196.316191,196.316192,0,-196.316191,-0.9999999949061766
"Bitcoin Up or Down - February 13, 3:15AM-3:30AM ET - No 🔴",0,0.462319,0.015,-598.372305,598.372306,0,-598.372305,-0.9999999983287996
"Bitcoin Up or Down - February 13, 3:30AM-3:35AM ET - Yes 🟢",0,0.553885,0.755,746.647085,927.017968,0,746.647085,0.8054289245448584
"Bitcoin Up or Down - February 13, 3:30AM-3:35AM ET - Yes 🟢",0,0.581651,0.245,-396.188097,396.188097,0,-396.188097,-1
"Ethereum Up or Down - February 13, 3:15AM-3:30AM ET - Yes 🟢",0,0.768209,0.9985,65.891913,218.381046,0,65.891913,0.301729084125735
"Bitcoin Up or Down - February 13, 3:15AM-3:20AM ET - Yes 🟢",0,0.533501,0.485,387.687389,443.369889,0,387.687389,0.8744107315776692
"Bitcoin Up or Down - February 13, 3:10AM-3:15AM ET - Yes 🟢",0,0.432785,0.405,64.439331,49.167205,0,64.439331,1.3106161108812264
"Bitcoin Up or Down - February 13, 3:55AM-4:00AM ET - Yes 🟢",0,0.681296,0.715,-810.970767,810.970768,0,-810.970767,-0.9999999987669099
"Ethereum Up or Down - February 13, 2:00AM-2:15AM ET - Yes 🟢",0,0.301623,0.0005,-164.395291,164.395291,0,-164.395291,-1
"Bitcoin Up or Down - February 13, 2:05AM-2:10AM ET - Yes 🟢",0,0.627892,0.51,434.535994,733.232488,0,434.535994,0.5926305791294944
"Bitcoin Up or Down - February 13, 2:00AM-2:05AM ET - Yes 🟢",0,0.652552,0.955,592.072395,1111.988056,0,592.072395,0.5324449231314407
"Bitcoin Up or Down - February 13, 2:00AM-2:05AM ET - Yes 🟢",0,0.436763,0.045,-721.375326,721.375326,0,-721.375326,-1
"Bitcoin Up or Down - February 13, 1:45AM-1:50AM ET - Yes 🟢",0,0.509366,0.49,428.543141,444.904564,0,428.543141,0.9632248704016442
"Bitcoin Up or Down - February 13, 1:45AM-1:50AM ET - Yes 🟢",0,0.606935,0.51,-1145.76528,1145.76528,0,-1145.76528,-1
"Bitcoin Up or Down - February 13, 4:55AM-5:00AM ET - Yes 🟢",0,0.504437,0.495,-171.8969,171.896901,0,-171.8969,-0.9999999941825594
"Ethereum Up or Down - February 13, 4:45AM-5:00AM ET - Yes 🟢",0,0.554891,0.765,99.405531,123.922982,0,99.405531,0.8021557373433766
"Bitcoin Up or Down - February 13, 4:50AM-4:55AM ET - Yes 🟢",0,0.643847,0.635,625.466776,1130.707611,0,625.466776,0.5531640274773033
"Bitcoin Up or Down - February 13, 4:00AM-4:15AM ET - No 🔴",0,0.446663,0.465,1591.633297,1284.79336,0,1591.633297,1.2388243483761467
"Bitcoin Up or Down - February 13, 4:30AM-4:35AM ET - Yes 🟢",0,0.559094,0.405,-430.180845,430.180845,0,-430.180845,-1
"Bitcoin Up or Down - February 13, 4:35AM-4:40AM ET - Yes 🟢",0,0.621433,0.72,647.107009,1062.252257,0,647.107009,0.609183934169791
"Bitcoin Up or Down - February 13, 4:30AM-4:45AM ET - No 🔴",0,0.409666,0.055,-1423.735236,1423.735236,0,-1423.735236,-1
"Bitcoin Up or Down - February 13, 4:40AM-4:45AM ET - Yes 🟢",0,0.561061,0.435,-411.819744,411.819744,0,-411.819744,-1
"Bitcoin Up or Down - February 13, 4:45AM-4:50AM ET - Yes 🟢",0,0.668845,0.975,391.909381,791.552688,0,391.909381,0.49511471180804073
"Bitcoin Up or Down - February 13, 4:45AM-4:50AM ET - Yes 🟢",0,0.448566,0.025,-62.785997,62.785997,0,-62.785997,-1
"Bitcoin Up or Down - February 13, 4:25AM-4:30AM ET - Yes 🟢",0,0.634976,0.64,-642.485993,642.485993,0,-642.485993,-1
"Bitcoin Up or Down - February 13, 4:15AM-4:30AM ET - Yes 🟢",0,0.562666,0.905,1148.942811,1478.209003,0,1148.942811,0.7772532900748405
"Bitcoin Up or Down - February 13, 4:20AM-4:25AM ET - Yes 🟢",0,0.585481,0.485,535.505611,756.366683,0,535.505611,0.7079973550342118
"Ethereum Up or Down - February 13, 4:15AM-4:30AM ET - No 🔴",0,0.361792,0.015,-149.172526,149.172526,0,-149.172526,-1
"Bitcoin Up or Down - February 13, 4:30AM-4:45AM ET - Yes 🟢",0,0.641795,0.945,1186.114798,2125.15891,0,1186.114798,0.5581299320341179
"Bitcoin Up or Down - February 13, 1:35AM-1:40AM ET - Yes 🟢",0,0.503136,0.46,442.015863,447.595506,0,442.015863,0.9875341844920132
"Bitcoin Up or Down - February 13, 1:40AM-1:45AM ET - Yes 🟢",0,0.314353,0.355,-48.296116,48.296116,0,-48.296116,-1
"Ethereum Up or Down - February 13, 1:30AM-1:45AM ET - Yes 🟢",0,0.571148,0.735,468.34826,623.749388,0,468.34826,0.7508596705829553
"Bitcoin Up or Down - February 13, 1:40AM-1:45AM ET - Yes 🟢",0,0.602784,0.645,406.498497,616.870394,0,406.498497,0.6589690491776138
"Bitcoin Up or Down - February 13, 1:15AM-1:30AM ET - Yes 🟢",0,0.549771,0.004,-1202.970363,1202.970364,0,-1202.970363,-0.9999999991687243
"Bitcoin Up or Down - February 13, 1:25AM-1:30AM ET - Yes 🟢",0,0.526246,0.455,151.598911,168.396089,0,151.598911,0.9002519708162581
"Bitcoin Up or Down - February 13, 1:15AM-1:20AM ET - Yes 🟢",0,0.466178,0.405,224.181399,195.77394,0,224.181399,1.1451033727982385
"Bitcoin Up or Down - February 13, 1:10AM-1:15AM ET - Yes 🟢",0,0.501319,0.29,746.88031,750.831274,0,746.88031,0.9947378803509989
"Bitcoin Up or Down - February 13, 1:05AM-1:10AM ET - Yes 🟢",0,0.446659,0.005,-133.972018,133.972019,0,-133.972018,-0.9999999925357548
"Bitcoin Up or Down - February 13, 3:05AM-3:10AM ET - Yes 🟢",0,0.773154,0.81,-1258.698278,1258.698279,0,-1258.698278,-0.9999999992055285
"Bitcoin Up or Down - February 13, 12:45AM-12:50AM ET - Yes 🟢",0,0.628834,0.655,-1030.659147,1030.659147,0,-1030.659147,-1
"Ethereum Up or Down - February 13, 12:45AM-1:00AM ET - Yes 🟢",0,0.540863,0.005,-173.679885,173.679886,0,-173.679885,-0.9999999942422809
"Bitcoin Up or Down - February 13, 12:45AM-1:00AM ET - Yes 🟢",0,0.602293,0.995,1139.757957,1726.065268,0,1139.757957,0.6603214711113694
"Bitcoin Up or Down - February 13, 12:55AM-1:00AM ET - Yes 🟢",0,0.672578,0.965,368.87437,757.727905,0,368.87437,0.48681639882326894
"Bitcoin Up or Down - February 13, 1:00AM-1:05AM ET - Yes 🟢",0,0.644902,0.885,355.086246,644.880654,0,355.086246,0.5506231948462204
"Bitcoin Up or Down - February 13, 1:00AM-1:05AM ET - Yes 🟢",0,0.411019,0.115,-16.783275,16.783275,0,-16.783275,-1
"Bitcoin Up or Down - February 13, 12:40AM-12:45AM ET - Yes 🟢",0,0.623812,0.35,-523.063048,523.063049,0,-523.063048,-0.9999999980881846
"Bitcoin Up or Down - February 13, 12:30AM-12:45AM ET - Yes 🟢",0,0.66904,0.955,1056.345597,2135.416541,0,1056.345597,0.4946789428283257
"Bitcoin Up or Down - February 13, 12:35AM-12:40AM ET - Yes 🟢",0,0.613566,0.705,410.844186,652.323616,0,410.844186,0.629816514262148
"Bitcoin Up or Down - February 13, 1:00AM-1:15AM ET - Yes 🟢",0,0.354275,0.065,-247.976299,247.976299,0,-247.976299,-1
"Ethereum Up or Down - February 13, 3:00AM-3:15AM ET - No 🔴",0,0.066517,0.0015,-51.382618,51.382619,0,-51.382618,-0.9999999805381661
"Bitcoin Up or Down - February 13, 3:00AM-3:05AM ET - Yes 🟢",0,0.720082,0.915,535.964504,1378.75518,0,535.964504,0.38873072737975134
"Bitcoin Up or Down - February 13, 2:55AM-3:00AM ET - Yes 🟢",0,0.514733,0.025,-87.995321,87.995321,0,-87.995321,-1
"Bitcoin Up or Down - February 13, 2:45AM-2:50AM ET - Yes 🟢",0,0.579168,0.825,-1243.493619,1243.493619,0,-1243.493619,-1
"Bitcoin Up or Down - February 13, 3:00AM-3:05AM ET - Yes 🟢",0,0.418564,0.085,-686.890969,686.890969,0,-686.890969,-1
"Ethereum Up or Down - February 13, 3:00AM-3:15AM ET - Yes 🟢",0,0.544548,0.9985,226.214322,270.466607,0,226.214322,0.8363854026534225
"Bitcoin Up or Down - February 13, 2:25AM-2:30AM ET - Yes 🟢",0,0.614492,0.645,-641.61419,641.61419,0,-641.61419,-1
"Bitcoin Up or Down - February 13, 2:15AM-2:30AM ET - Yes 🟢",0,0.697524,0.875,687.028665,1584.320683,0,687.028665,0.4336424262915465
"Bitcoin Up or Down - February 13, 2:40AM-2:45AM ET - Yes 🟢",0,0.02,0.02,-0.8,0.8,0,-0.8,-1
"Bitcoin Up or Down - February 13, 1:30AM-1:45AM ET - Yes 🟢",0,0.372485,0.245,-750.436157,750.436158,0,-750.436157,-0.9999999986674416
"Bitcoin Up or Down - February 13, 2:00AM-2:15AM ET - Yes 🟢",0,0.669653,0.9995,1623.905473,3291.851211,0,1623.905473,0.4933107145224493
"Bitcoin Up or Down - February 13, 2:20AM-2:25AM ET - Yes 🟢",0,0.592501,0.245,-686.408522,686.408522,0,-686.408522,-1
"Bitcoin Up or Down - February 13, 2:15AM-2:20AM ET - Yes 🟢",0,0.711755,0.995,555.902961,1372.675024,0,555.902961,0.4049778361815666
"Bitcoin Up or Down - February 13, 2:00AM-2:15AM ET - Yes 🟢",0,0.40069,0.0005,-1399.224406,1399.224407,0,-1399.224406,-0.9999999992853185
"Bitcoin Up or Down - February 13, 2:10AM-2:15AM ET - Yes 🟢",0,0.467497,0.005,-74.796477,74.796477,0,-74.796477,-1
"Ethereum Up or Down - February 13, 2:00AM-2:15AM ET - Yes 🟢",0,0.625879,0.9995,289.742818,484.720038,0,289.742818,0.5977529197998619
"Bitcoin Up or Down - February 13, 2:05AM-2:10AM ET - Yes 🟢",0,0.496936,0.49,-88.166385,88.166385,0,-88.166385,-1
"Bitcoin Up or Down - February 13, 1:55AM-2:00AM ET - Yes 🟢",0,0.668124,0.915,476.476473,959.229855,0,476.476473,0.4967281517733828
"Ethereum Up or Down - February 13, 1:45AM-2:00AM ET - Yes 🟢",0,0.744333,0.9985,17.831615,51.913856,0,17.831615,0.3434846951072176
"Ethereum Up or Down - February 13, 1:45AM-2:00AM ET - Yes 🟢",0,0.399193,0.0015,-222.893403,222.893403,0,-222.893403,-1
"Bitcoin Up or Down - February 13, 2:35AM-2:40AM ET - Yes 🟢",0,0.624503,0.95,409.275873,680.681899,0,409.275873,0.601273331347981
"Ethereum Up or Down - February 13, 2:45PM-3:00PM ET - Yes 🟢",0,0.832667,0.995,59.324975,295.207457,0,59.324975,0.20096028604047084
"Bitcoin Up or Down - February 13, 2:30PM-2:45PM ET - No 🔴",0,0.537557,0.795,468.082439,544.112446,0,468.082439,0.8602678406661554
"Bitcoin Up or Down - February 13, 2:45PM-2:50PM ET - Yes 🟢",0,0.383208,0.35,-23.045955,23.045956,0,-23.045955,-0.9999999566084392
"Bitcoin Up or Down - February 13, 2:45PM-3:00PM ET - Yes 🟢",0,0.39,0.115,61,39,0,61,1.564102564102564
"Bitcoin Up or Down - February 13, 2:45PM-2:50PM ET - Yes 🟢",0,0.655285,0.65,717.757391,1364.418874,0,717.757391,0.5260535490071211
"Bitcoin Up or Down - February 13, 2:40PM-2:45PM ET - Yes 🟢",0,0.658278,0.775,1100.012976,2119.015873,0,1100.012976,0.5191150241091186
"Bitcoin Up or Down - February 13, 2:35PM-2:40PM ET - Yes 🟢",0,0.738147,0.715,663.496414,1870.354312,0,663.496414,0.3547437027001117
"Bitcoin Up or Down - February 13, 2:30PM-2:35PM ET - Yes 🟢",0,0.417107,0.355,1098.64571,786.169702,0,1098.64571,1.39746635771522
"Bitcoin Up or Down - February 13, 2:30PM-2:35PM ET - Yes 🟢",0,0.675693,0.645,-2538.53838,2538.53838,0,-2538.53838,-1
"Bitcoin Up or Down - February 13, 6:30AM-6:35AM ET - Yes 🟢",0,0.478482,0.335,-209.302858,209.302858,0,-209.302858,-1
"Ethereum Up or Down - February 13, 2:15PM-2:30PM ET - Yes 🟢",0,0.33668,0.515,304.361907,154.484362,0,304.361907,1.970179395892511
"Bitcoin Up or Down - February 13, 2:10PM-2:15PM ET - Yes 🟢",0,0.63621,0.925,575.491529,1006.44181,0,575.491529,0.5718080501842426
"Bitcoin Up or Down - February 13, 2:15PM-2:30PM ET - Yes 🟢",0,0.589688,0.605,-1853.552737,1853.552737,0,-1853.552737,-1
"Bitcoin Up or Down - February 13, 2:15PM-2:20PM ET - Yes 🟢",0,0.605581,0.685,-1079.755202,1079.755202,0,-1079.755202,-1
"Bitcoin Up or Down - February 13, 2:10PM-2:15PM ET - Yes 🟢",0,0.297932,0.075,-646.85574,646.85574,0,-646.85574,-1
"Ethereum Up or Down - February 13, 2:00PM-2:15PM ET - Yes 🟢",0,0.340723,0.275,-421.190249,421.190249,0,-421.190249,-1
"Bitcoin Up or Down - February 13, 2:00PM-2:15PM ET - Yes 🟢",0,0.470613,0.68,2038.94616,1812.576753,0,2038.94616,1.1248881773559853
"Bitcoin Up or Down - February 13, 2:05PM-2:10PM ET - Yes 🟢",0,0.333748,0.145,-306.126087,306.126087,0,-306.126087,-1
"Bitcoin Up or Down - February 13, 2:00PM-2:05PM ET - Yes 🟢",0,0.625507,0.965,1409.42361,2354.127672,0,1409.42361,0.5987031318495117
"Bitcoin Up or Down - February 13, 2:35PM-2:40PM ET - Yes 🟢",0,0.328893,0.285,-172.190886,172.190887,0,-172.190886,-0.9999999941924917
"Ethereum Up or Down - February 13, 12:15PM-12:30PM ET - Yes 🟢",0,0.251447,0.5,-29.34294,29.34294,0,-29.34294,-1
"Bitcoin Up or Down - February 13, 12:20PM-12:25PM ET - Yes 🟢",0,0.406666,0.505,-48.79992,48.79992,0,-48.79992,-1
"Bitcoin Up or Down - February 13, 12:30PM-12:45PM ET - Yes 🟢",0,0.13,0.505,-3.12,3.12,0,-3.12,-1
"Bitcoin Up or Down - February 13, 12:30PM-12:35PM ET - Yes 🟢",0,0.461922,0.495,-240.820398,240.820399,0,-240.820398,-0.9999999958475279
"Bitcoin Up or Down - February 13, 12:15PM-12:30PM ET - Yes 🟢",0,0.537424,0.505,1249.223635,1451.35667,0,1249.223635,0.8607282143816516
"Bitcoin Up or Down - February 13, 12:05PM-12:10PM ET - No 🔴",0,0.586434,0.905,1255.701091,1780.57629,0,1255.701091,0.7052217296457429
"Bitcoin Up or Down - February 13, 12:10PM-12:15PM ET - Yes 🟢",0,0.103194,0.05,-25.991472,25.991473,0,-25.991472,-0.9999999615258436
"Bitcoin Up or Down - February 13, 12:00PM-12:05PM ET - No 🔴",0,0.566903,0.495,1694.82803,2218.447819,0,1694.82803,0.7639702027176686
"Bitcoin Up or Down - February 13, 12:05PM-12:10PM ET - Yes 🟢",0,0.464643,0.095,-1216.511925,1216.511925,0,-1216.511925,-1
"Bitcoin Up or Down - February 13, 2:55PM-3:00PM ET - Yes 🟢",0,0.695629,0.7,-1401.457535,1401.457536,0,-1401.457535,-0.9999999992864572
"Bitcoin Up or Down - February 13, 11:55AM-12:00PM ET - No 🔴",0,0.649841,0.905,473.305877,878.382577,0,473.305877,0.5388379612634325
"Ethereum Up or Down - February 13, 11:45AM-12:00PM ET - Yes 🟢",0,0.398336,0.535,354.129941,234.454287,0,354.129941,1.5104434452077218
"Bitcoin Up or Down - February 13, 11:55AM-12:00PM ET - Yes 🟢",0,0.451647,0.095,-187.006556,187.006556,0,-187.006556,-1
"Bitcoin Up or Down - February 13, 11:45AM-12:00PM ET - Yes 🟢",0,0.399198,0.015,-327.27686,327.276861,0,-327.27686,-0.999999996944483
"Ethereum Up or Down - February 13, 11:45AM-12:00PM ET - Yes 🟢",0,0.57216,0.465,-135.697006,135.697007,0,-135.697006,-0.9999999926306405
"Bitcoin Up or Down - February 13, 11:50AM-11:55AM ET - Yes 🟢",0,0.393963,0.33,-1134.477423,1134.477423,0,-1134.477423,-1
"Bitcoin Up or Down - February 13, 3:05PM-3:10PM ET - Yes 🟢",0,0.623989,0.575,-1412.081015,1412.081016,0,-1412.081015,-0.9999999992918253
"Bitcoin Up or Down - February 13, 3:00PM-3:05PM ET - Yes 🟢",0,0.606201,0.505,1104.54742,1700.30333,0,1104.54742,0.6496178655369687
"Bitcoin Up or Down - February 13, 3:00PM-3:05PM ET - Yes 🟢",0,0.480362,0.495,-925.773511,925.773511,0,-925.773511,-1
"Ethereum Up or Down - February 13, 2:45PM-3:00PM ET - Yes 🟢",0,0.272342,0.005,-18.508515,18.508515,0,-18.508515,-1
"Bitcoin Up or Down - February 13, 12:00PM-12:15PM ET - Yes 🟢",0,0.431523,0.085,486.83384,369.548811,0,486.83384,1.3173735796433126
"Bitcoin Up or Down - February 13, 12:50PM-12:55PM ET - Yes 🟢",0,0.572407,0.535,1255.41233,1680.585991,0,1255.41233,0.747008684305997
"Bitcoin Up or Down - February 13, 12:40PM-12:45PM ET - Yes 🟢",0,0.66156,0.5,1166.830493,2280.842634,0,1166.830493,0.5115786927192277
"Ethereum Up or Down - February 13, 12:30PM-12:45PM ET - Yes 🟢",0,0.910109,0.495,69.158457,700.200631,0,69.158457,0.09876948682726909
"Bitcoin Up or Down - February 13, 12:40PM-12:45PM ET - Yes 🟢",0,0.364233,0.5,-1185.537428,1185.537428,0,-1185.537428,-1
"Bitcoin Up or Down - February 13, 12:25PM-12:30PM ET - Yes 🟢",0,0.538952,0.495,1160.591125,1356.698019,0,1160.591125,0.8554528043428948
"Bitcoin Up or Down - February 13, 12:15PM-12:30PM ET - Yes 🟢",0,0.582683,0.495,-1935.245796,1935.245797,0,-1935.245796,-0.9999999994832698
"Bitcoin Up or Down - February 13, 12:20PM-12:25PM ET - Yes 🟢",0,0.558463,0.495,781.152757,988.014396,0,781.152757,0.7906289221721017
"Ethereum Up or Down - February 13, 12:30PM-12:45PM ET - Yes 🟢",0,0.441148,0.505,-153.915466,153.915466,0,-153.915466,-1
"Bitcoin Up or Down - February 13, 12:35PM-12:40PM ET - Yes 🟢",0,0.436197,0.5,1237.986064,957.791653,0,1237.986064,1.2925421307675564
"Bitcoin Up or Down - February 13, 1:50PM-1:55PM ET - Yes 🟢",0,0.39051,0.085,-1403.245614,1403.245614,0,-1403.245614,-1
"Bitcoin Up or Down - February 13, 12:15PM-12:20PM ET - Yes 🟢",0,0.623344,0.51,-1712.879261,1712.879262,0,-1712.879261,-0.9999999994161878
"Ethereum Up or Down - February 13, 12:15PM-12:30PM ET - No 🔴",0,0.559018,0.5,642.955407,815.052873,0,642.955407,0.7888511632790725
"Bitcoin Up or Down - February 13, 12:15PM-12:20PM ET - Yes 🟢",0,0.57089,0.49,1859.426188,2473.78951,0,1859.426188,0.7516509308829593
"Bitcoin Up or Down - February 13, 12:10PM-12:15PM ET - Yes 🟢",0,0.638612,0.95,540.04699,954.321916,0,540.04699,0.565896036699633
"Bitcoin Up or Down - February 13, 12:00PM-12:05PM ET - Yes 🟢",0,0.440484,0.505,-1232.516652,1232.516652,0,-1232.516652,-1
"Bitcoin Up or Down - February 13, 12:00PM-12:15PM ET - Yes 🟢",0,0.810697,0.915,-2397.557655,2397.557656,0,-2397.557655,-0.999999999582909
"Ethereum Up or Down - February 13, 12:00PM-12:15PM ET - Yes 🟢",0,0.829363,0.985,112.130857,545.000112,0,112.130857,0.20574464946165005
"Bitcoin Up or Down - February 13, 11:45AM-12:00PM ET - Yes 🟢",0,0.745221,0.985,495.641381,1449.736305,0,495.641381,0.34188381658828637
"Bitcoin Up or Down - February 13, 11:45AM-11:50AM ET - Yes 🟢",0,0.624935,0.605,1132.170846,1886.428187,0,1132.170846,0.6001664170426223
"Bitcoin Up or Down - February 13, 12:25PM-12:30PM ET - Yes 🟢",0,0.499145,0.505,-1036.826354,1036.826355,0,-1036.826354,-0.9999999990355185
"Bitcoin Up or Down - February 13, 1:30PM-1:45PM ET - Yes 🟢",0,0.711808,0.825,1220.926615,3015.577574,0,1220.926615,0.40487322413016463
"Bitcoin Up or Down - February 13, 1:40PM-1:45PM ET - Yes 🟢",0,0.505129,0.46,251.978292,257.201458,0,251.978292,0.9796923157410717
"Bitcoin Up or Down - February 13, 1:40PM-1:45PM ET - Yes 🟢",0,0.539499,0.54,-1046.439869,1046.43987,0,-1046.439869,-0.9999999990443791
"Bitcoin Up or Down - February 13, 1:45PM-1:50PM ET - Yes 🟢",0,0.612872,0.525,-1977.383474,1977.383474,0,-1977.383474,-1
"Bitcoin Up or Down - February 13, 1:55PM-2:00PM ET - Yes 🟢",0,0.678376,0.855,638.293794,1346.302487,0,638.293794,0.4741087535404665
"Ethereum Up or Down - February 13, 1:45PM-2:00PM ET - Yes 🟢",0,0.581303,0.835,84.689842,117.580158,0,84.689842,0.7202732454229225
"Bitcoin Up or Down - February 13, 1:35PM-1:40PM ET - Yes 🟢",0,0.739935,0.905,423.114397,1203.841931,0,423.114397,0.3514700610640219
"Bitcoin Up or Down - February 13, 1:30PM-1:35PM ET - Yes 🟢",0,0.486672,0.235,1722.652004,1633.198455,0,1722.652004,1.0547720019732691
"Ethereum Up or Down - February 13, 1:15PM-1:30PM ET - No 🔴",0,0.438831,0.445,454.015361,355.037458,0,454.015361,1.2787815785905046
"Ethereum Up or Down - February 13, 12:45PM-1:00PM ET - Yes 🟢",0,0.31,0.325,-18.6,18.6,0,-18.6,-1
"Bitcoin Up or Down - February 13, 1:15PM-1:30PM ET - Yes 🟢",0,0.618737,0.665,765.920186,1242.982294,0,765.920186,0.6161955722918769
"Bitcoin Up or Down - February 13, 1:20PM-1:25PM ET - Yes 🟢",0,0.403426,0.025,-221.25258,221.25258,0,-221.25258,-1
"Bitcoin Up or Down - February 13, 1:15PM-1:20PM ET - Yes 🟢",0,0.423656,0.335,1500.869785,1103.251686,0,1500.869785,1.3604056119248928
"Bitcoin Up or Down - February 13, 1:10PM-1:15PM ET - Yes 🟢",0,0.573788,0.74,1203.286692,1619.924978,0,1203.286692,0.7428039621227446
"Bitcoin Up or Down - February 13, 1:00PM-1:15PM ET - Yes 🟢",0,0.509065,0.125,943.321651,978.158079,0,943.321651,0.9643856869887386
"Bitcoin Up or Down - February 13, 1:05PM-1:10PM ET - Yes 🟢",0,0.71184,0.415,904.285217,2233.8506,0,904.285217,0.4048100696617759
"Bitcoin Up or Down - February 13, 1:05PM-1:10PM ET - Yes 🟢",0,0.482489,0.585,-828.133649,828.133649,0,-828.133649,-1
"Bitcoin Up or Down - February 13, 1:00PM-1:05PM ET - Yes 🟢",0,0.628559,0.785,1185.125811,2005.490764,0,1185.125811,0.59094054795657
"Bitcoin Up or Down - February 13, 12:50PM-12:55PM ET - Yes 🟢",0,0.498581,0.465,-894.996666,894.996667,0,-894.996666,-0.9999999988826773
"Bitcoin Up or Down - February 13, 12:55PM-1:00PM ET - Yes 🟢",0,0.58349,0.625,-1469.314563,1469.314564,0,-1469.314563,-0.9999999993194105
"Bitcoin Up or Down - February 13, 1:25PM-1:30PM ET - Yes 🟢",0,0.5891,0.705,789.266033,1131.556632,0,789.266033,0.69750466806508
"Bitcoin Up or Down - February 13, 3:30PM-3:45PM ET - No 🔴",0,0.654351,0.525,-3570.656008,3570.656009,0,-3570.656008,-0.9999999997199395
"Ethereum Up or Down - February 13, 3:30PM-3:45PM ET - Yes 🟢",0,0.701802,0.805,-1008.241483,1008.241484,0,-1008.241483,-0.9999999990081742
"Bitcoin Up or Down - February 13, 3:50PM-3:55PM ET - Yes 🟢",0,0.479734,0.425,-430.616735,430.616735,0,-430.616735,-1
"Bitcoin Up or Down - February 13, 3:30PM-3:35PM ET - Yes 🟢",0,0.560393,0.18,231.726296,295.395193,0,231.726296,0.7844619732860717
"Bitcoin Up or Down - February 13, 3:25PM-3:30PM ET - Yes 🟢",0,0.561274,0.565,1065.036488,1362.529893,0,1065.036488,0.7816610068312094
"Bitcoin Up or Down - February 13, 3:25PM-3:30PM ET - Yes 🟢",0,0.533273,0.435,-203.971867,203.971867,0,-203.971867,-1
"Bitcoin Up or Down - February 13, 3:20PM-3:25PM ET - Yes 🟢",0,0.583515,0.545,-1641.237743,1641.237743,0,-1641.237743,-1
"Ethereum Up or Down - February 13, 3:15PM-3:30PM ET - Yes 🟢",0,0.722517,0.97,248.289018,646.500999,0,248.289018,0.38405047847420265
"Bitcoin Up or Down - February 13, 3:15PM-3:20PM ET - Yes 🟢",0,0.595525,0.21,939.379628,1383.086849,0,939.379628,0.6791906297707846
"Bitcoin Up or Down - February 13, 12:30PM-12:45PM ET - Yes 🟢",0,0.62468,0.495,808.296187,1345.322558,0,808.296187,0.6008196192009441
"Bitcoin Up or Down - February 13, 3:00PM-3:15PM ET - No 🔴",0,0.505808,0.485,2779.016282,2844.337156,0,2779.016282,0.9770347640179686
"Bitcoin Up or Down - February 13, 3:05PM-3:10PM ET - Yes 🟢",0,0.410467,0.425,168.553483,117.356692,0,168.553483,1.4362494385918785
"Bitcoin Up or Down - February 13, 2:30PM-2:45PM ET - Yes 🟢",0,0.57962,0.205,-1373.975586,1373.975586,0,-1373.975586,-1
"Bitcoin Up or Down - February 13, 2:40PM-2:45PM ET - Yes 🟢",0,0.558823,0.225,-632.390944,632.390944,0,-632.390944,-1
"Bitcoin Up or Down - February 13, 2:50PM-2:55PM ET - Yes 🟢",0,0.477995,0.325,104.396118,95.59453,0,104.396118,1.0920720882251316
"Bitcoin Up or Down - February 13, 2:45PM-3:00PM ET - Yes 🟢",0,0.689756,0.885,-3432.099801,3432.099801,0,-3432.099801,-1
"Ethereum Up or Down - February 13, 2:30PM-2:45PM ET - Yes 🟢",0,0.326339,0.535,394.355243,191.03599,0,394.355243,2.0642981618280407
"Bitcoin Up or Down - February 13, 2:50PM-2:55PM ET - Yes 🟢",0,0.61767,0.675,-1367.35919,1367.359191,0,-1367.35919,-0.9999999992686632
"Bitcoin Up or Down - February 13, 2:55PM-3:00PM ET - Yes 🟢",0,0.499012,0.3,264.478916,263.435757,0,264.478916,1.0039598231154323
"Bitcoin Up or Down - February 13, 3:10PM-3:15PM ET - Yes 🟢",0,0.633997,0.495,-1253.797963,1253.797964,0,-1253.797963,-0.9999999992024232
"Bitcoin Up or Down - February 4, 10:30PM-10:45PM ET - Yes 🟢",0,0.492745,0.235,-4218.070375,4218.070375,0,-4218.070375,-1
"Ethereum Up or Down - February 9, 3:00AM-3:15AM ET - Yes 🟢",0,0.226116,0.095,-358.271114,358.271114,0,-358.271114,-1
"Ethereum Up or Down - February 13, 3:30PM-3:45PM ET - Yes 🟢",0,0.408298,0.195,781.731947,539.42625,0,781.731947,1.449191519693378
"Bitcoin Up or Down - February 13, 3:40PM-3:45PM ET - Yes 🟢",0,0.572668,0.47,-2203.022109,2203.02211,0,-2203.022109,-0.9999999995460782
"Bitcoin Up or Down - February 13, 3:45PM-3:50PM ET - Yes 🟢",0,0.542908,0.57,966.299147,1147.715422,0,966.299147,0.8419327025475831
"Bitcoin Up or Down - February 13, 3:50PM-3:55PM ET - Yes 🟢",0,0.573704,0.575,1255.582661,1689.747957,0,1255.582661,0.7430591383753926
"Bitcoin Up or Down - February 13, 3:30PM-3:45PM ET - Yes 🟢",0,0.58378,0.475,2666.426234,3739.864272,0,2666.426234,0.7129740653860821
"Bitcoin Up or Down - February 13, 3:45PM-3:50PM ET - Yes 🟢",0,0.419778,0.43,-85.651884,85.651885,0,-85.651884,-0.9999999883248337
"Bitcoin Up or Down - February 13, 3:35PM-3:40PM ET - Yes 🟢",0,0.628869,0.24,790.608529,1339.659569,0,790.608529,0.5901562958940056
"Bitcoin Up or Down - February 13, 3:40PM-3:45PM ET - Yes 🟢",0,0.562928,0.53,1100.749044,1417.712546,0,1100.749044,0.7764261148042347
"Bitcoin Up or Down - February 13, 3:30PM-3:35PM ET - Yes 🟢",0,0.607027,0.82,-1610.302895,1610.302895,0,-1610.302895,-1
"Ethereum Up or Down - February 13, 3:15PM-3:30PM ET - Yes 🟢",0,0.365127,0.03,-398.925322,398.925323,0,-398.925322,-0.9999999974932652
"Bitcoin Up or Down - February 13, 3:15PM-3:30PM ET - Yes 🟢",0,0.657662,0.685,2868.269956,5510.203823,0,2868.269956,0.5205379053362107
"Bitcoin Up or Down - February 13, 3:20PM-3:25PM ET - Yes 🟢",0,0.516624,0.455,704.184879,752.620753,0,704.184879,0.9356437172281907
"Bitcoin Up or Down - February 13, 3:15PM-3:30PM ET - Yes 🟢",0,0.525945,0.315,-1958.994608,1958.994608,0,-1958.994608,-1
"Bitcoin Up or Down - February 13, 3:15PM-3:20PM ET - Yes 🟢",0,0.669148,0.79,-2863.640314,2863.640315,0,-2863.640314,-0.9999999996507942
"Bitcoin Up or Down - February 13, 3:10PM-3:15PM ET - Yes 🟢",0,0.525729,0.505,996.002839,1104.0683,0,996.002839,0.9021206740561251
"Bitcoin Up or Down - February 13, 3:00PM-3:15PM ET - Yes 🟢",0,0.523194,0.515,-2691.892271,2691.892272,0,-2691.892271,-0.9999999996285142
"Ethereum Up or Down - February 13, 3:00PM-3:15PM ET - Yes 🟢",0,0.479055,0.525,-644.660357,644.660357,0,-644.660357,-1
"Ethereum Up or Down - February 13, 3:00PM-3:15PM ET - Yes 🟢",0,0.558501,0.475,393.871357,498.251518,0,393.871357,0.7905070888313882
"Bitcoin Up or Down - February 13, 3:35PM-3:40PM ET - Yes 🟢",0,0.750823,0.76,-2691.595278,2691.595278,0,-2691.595278,-1
"Bitcoin Up or Down - February 13, 1:30PM-1:35PM ET - Yes 🟢",0,0.52115,0.765,-1383.470725,1383.470725,0,-1383.470725,-1
"Bitcoin Up or Down - February 13, 1:25PM-1:30PM ET - Yes 🟢",0,0.499636,0.295,-468.000524,468.000525,0,-468.000524,-0.9999999978632502
"Bitcoin Up or Down - February 13, 1:15PM-1:30PM ET - No 🔴",0,0.364808,0.335,-416.192638,416.192639,0,-416.192638,-0.9999999975972664
"Bitcoin Up or Down - February 13, 1:20PM-1:25PM ET - Yes 🟢",0,0.650295,0.975,727.507825,1352.839397,0,727.507825,0.5377636300460283
"Ethereum Up or Down - February 13, 1:15PM-1:30PM ET - Yes 🟢",0,0.354723,0.555,-246.248331,246.248332,0,-246.248331,-0.9999999959390586
"Bitcoin Up or Down - February 13, 1:15PM-1:20PM ET - Yes 🟢",0,0.629809,0.665,-1720.029669,1720.029669,0,-1720.029669,-1
"Bitcoin Up or Down - February 13, 1:10PM-1:15PM ET - Yes 🟢",0,0.494112,0.26,-891.079895,891.079895,0,-891.079895,-1
"Bitcoin Up or Down - February 13, 1:00PM-1:15PM ET - Yes 🟢",0,0.694317,0.875,-2594.538898,2594.538898,0,-2594.538898,-1
"Ethereum Up or Down - February 13, 1:00PM-1:15PM ET - Yes 🟢",0,0.68531,0.765,184.621806,402.056533,0,184.621806,0.4591936477749014
"Ethereum Up or Down - February 13, 2:30PM-2:45PM ET - Yes 🟢",0,0.520872,0.465,-306.026038,306.026039,0,-306.026038,-0.9999999967323042
"Bitcoin Up or Down - February 13, 1:00PM-1:05PM ET - Yes 🟢",0,0.599661,0.215,-654.622897,654.622897,0,-654.622897,-1
"Bitcoin Up or Down - February 13, 12:55PM-1:00PM ET - Yes 🟢",0,0.514396,0.375,1541.989144,1633.415392,0,1541.989144,0.9440275581779259
"Bitcoin Up or Down - February 13, 12:45PM-12:50PM ET - Yes 🟢",0,0.404876,0.5,943.212279,641.688144,0,943.212279,1.469892015022176
"Ethereum Up or Down - February 13, 12:45PM-1:00PM ET - Yes 🟢",0,0.615131,0.675,261.937807,418.651711,0,261.937807,0.6256699784513721
"Bitcoin Up or Down - February 13, 12:45PM-1:00PM ET - Yes 🟢",0,0.431798,0.315,-418.215981,418.215981,0,-418.215981,-1
"Bitcoin Up or Down - February 13, 12:45PM-1:00PM ET - No 🔴",0,0.559711,0.685,1071.907353,1362.646663,0,1071.907353,0.7866363174735931
"Bitcoin Up or Down - February 13, 12:35PM-12:40PM ET - Yes 🟢",0,0.593936,0.5,-1639.516485,1639.516485,0,-1639.516485,-1
"Bitcoin Up or Down - February 13, 12:45PM-12:50PM ET - Yes 🟢",0,0.619094,0.5,-1224.982383,1224.982383,0,-1224.982383,-1
"Bitcoin Up or Down - February 13, 12:30PM-12:35PM ET - Yes 🟢",0,0.64527,0.505,540.001462,982.287215,0,540.001462,0.5497388683817899
"Ethereum Up or Down - February 13, 1:00PM-1:15PM ET - Yes 🟢",0,0.41852,0.235,-177.948172,177.948173,0,-177.948172,-0.9999999943803863
"Bitcoin Up or Down - February 13, 2:25PM-2:30PM ET - Yes 🟢",0,0.400332,0.25,-388.664557,388.664558,0,-388.664557,-0.9999999974270872
"Bitcoin Up or Down - February 13, 2:15PM-2:30PM ET - Yes 🟢",0,0.439889,0.395,2076.544521,1630.83584,0,2076.544521,1.2733007639812477
"Bitcoin Up or Down - February 13, 2:25PM-2:30PM ET - Yes 🟢",0,0.727169,0.75,848.808479,2262.306019,0,848.808479,0.37519613698203225
"Bitcoin Up or Down - February 13, 2:20PM-2:25PM ET - Yes 🟢",0,0.568147,0.73,1365.572141,1796.550483,0,1365.572141,0.7601078588783525
"Bitcoin Up or Down - February 13, 2:20PM-2:25PM ET - Yes 🟢",0,0.456803,0.27,-1405.437031,1405.437031,0,-1405.437031,-1
"Bitcoin Up or Down - February 13, 2:15PM-2:20PM ET - Yes 🟢",0,0.369661,0.315,453.31832,265.847589,0,453.31832,1.7051812345004942
"Ethereum Up or Down - February 13, 2:15PM-2:30PM ET - Yes 🟢",0,0.60262,0.485,-154.809751,154.809752,0,-154.809751,-0.9999999935404587
"Bitcoin Up or Down - February 13, 2:00PM-2:15PM ET - No 🔴",0,0.550871,0.32,-2310.925119,2310.925119,0,-2310.925119,-1
"Ethereum Up or Down - February 13, 2:00PM-2:15PM ET - Yes 🟢",0,0.481563,0.725,240.709308,223.588781,0,240.709308,1.0765714939874376
"Bitcoin Up or Down - February 13, 1:35PM-1:40PM ET - Yes 🟢",0,0.407742,0.095,-154.229686,154.229686,0,-154.229686,-1
"Bitcoin Up or Down - February 13, 2:00PM-2:05PM ET - Yes 🟢",0,0.310924,0.035,-1158.548874,1158.548875,0,-1158.548874,-0.9999999991368513
"Bitcoin Up or Down - February 13, 1:30PM-1:45PM ET - Yes 🟢",0,0.425709,0.175,-566.218498,566.218499,0,-566.218498,-0.9999999982338973
"Ethereum Up or Down - February 13, 1:30PM-1:45PM ET - No 🔴",0,0.207104,0.085,-116.869098,116.869099,0,-116.869098,-0.9999999914434181
"Ethereum Up or Down - February 13, 1:30PM-1:45PM ET - Yes 🟢",0,0.817993,0.915,45.064326,202.532339,0,45.064326,0.22250434781183265
"Bitcoin Up or Down - February 13, 1:45PM-1:50PM ET - Yes 🟢",0,0.462444,0.475,1352.953837,1163.907359,0,1352.953837,1.1624239906537097
"Bitcoin Up or Down - February 13, 1:50PM-1:55PM ET - Yes 🟢",0,0.670969,0.915,1216.610346,2480.94504,0,1216.610346,0.4903818207919672
"Bitcoin Up or Down - February 13, 1:55PM-2:00PM ET - Yes 🟢",0,0.390306,0.145,-228.556575,228.556576,0,-228.556575,-0.9999999956247158
"Bitcoin Up or Down - February 13, 1:45PM-2:00PM ET - No 🔴",0,0.568726,0.965,1404.980566,1852.764084,0,1404.980566,0.7583159551359266
"Ethereum Up or Down - February 13, 1:45PM-2:00PM ET - Yes 🟢",0,0.477119,0.165,-256.491846,256.491847,0,-256.491846,-0.9999999961012407
"Bitcoin Up or Down - February 13, 1:45PM-2:00PM ET - Yes 🟢",0,0.416302,0.035,-767.342861,767.342862,0,-767.342861,-0.9999999986968016
"Bitcoin Up or Down - February 13, 2:05PM-2:10PM ET - Yes 🟢",0,0.675331,0.855,716.155815,1489.647065,0,716.155815,0.4807553626804883
"Bitcoin Up or Down - February 13, 9:15AM-9:30AM ET - No 🔴",0,0.373006,0.015,-121.93249,121.932491,0,-121.93249,-0.9999999917987406
"Bitcoin Up or Down - February 13, 9:35AM-9:40AM ET - Yes 🟢",0,0.357569,0.16,-392.365796,392.365796,0,-392.365796,-1
"Bitcoin Up or Down - February 13, 9:30AM-9:35AM ET - Yes 🟢",0,0.637331,0.69,575.99189,1012.210825,0,575.99189,0.5690434006176529
"Bitcoin Up or Down - February 13, 9:25AM-9:30AM ET - Yes 🟢",0,0.402516,0.035,-537.706083,537.706083,0,-537.706083,-1
"Bitcoin Up or Down - February 13, 9:25AM-9:30AM ET - Yes 🟢",0,0.884179,0.965,144.756036,1105.069437,0,144.756036,0.13099270611716318
"Bitcoin Up or Down - February 13, 9:45AM-10:00AM ET - Yes 🟢",0,0.701575,0.905,708.998612,1666.803055,0,708.998612,0.4253643583584624
"Ethereum Up or Down - February 13, 9:30AM-9:45AM ET - No 🔴",0,0.13,0.075,-600.057076,202.54965,0,-600.057076,-1
"Ethereum Up or Down - February 13, 9:30AM-9:45AM ET - Yes 🟢",0,0.705128,0.925,691.000438,1652.390723,0,691.000438,0.41818223037796615
"Bitcoin Up or Down - February 13, 9:40AM-9:45AM ET - Yes 🟢",0,0.542561,0.97,459.036806,544.456133,0,459.036806,0.843110726792015
"Bitcoin Up or Down - February 13, 11:30AM-11:35AM ET - Yes 🟢",0,0.799298,0.995,379.850221,1512.757832,0,379.850221,0.2510978379783394
"Bitcoin Up or Down - February 13, 9:15AM-9:20AM ET - Yes 🟢",0,0.361609,0.24,-164.236375,164.236376,0,-164.236375,-0.999999993911215
"Bitcoin Up or Down - February 13, 9:20AM-9:25AM ET - Yes 🟢",0,0.500604,0.43,-122.631361,122.631362,0,-122.631361,-0.9999999918454792
"Bitcoin Up or Down - February 13, 9:10AM-9:15AM ET - Yes 🟢",0,0.456815,0.5,-614.864262,614.864263,0,-614.864262,-0.9999999983736249
"Bitcoin Up or Down - February 13, 9:00AM-9:15AM ET - Yes 🟢",0,0.415694,0.345,-438.521553,438.521554,0,-438.521553,-0.9999999977196103
"Bitcoin Up or Down - February 13, 9:05AM-9:10AM ET - Yes 🟢",0,0.42244,0.2,-564.83253,564.832531,0,-564.83253,-0.9999999982295636
"Bitcoin Up or Down - February 13, 9:00AM-9:05AM ET - Yes 🟢",0,0.468844,0.505,-643.748845,643.748845,0,-643.748845,-1
"Bitcoin Up or Down - February 13, 9:00AM-9:05AM ET - Yes 🟢",0,0.554614,0.495,677.398869,843.526506,0,677.398869,0.8030558188529525
"Bitcoin Up or Down - February 13, 8:55AM-9:00AM ET - Yes 🟢",0,0.449881,0.505,857.442687,701.206782,0,857.442687,1.2228100312355508
"Bitcoin Up or Down - February 13, 8:45AM-9:00AM ET - Yes 🟢",0,0.421636,0.405,2639.618108,1924.321052,0,2639.618108,1.371713989854537
"Bitcoin Up or Down - February 13, 9:20AM-9:25AM ET - Yes 🟢",0,0.550346,0.57,542.611015,664.119082,0,542.611015,0.8170387355320712
"Bitcoin Up or Down - February 13, 10:50AM-10:55AM ET - Yes 🟢",0,0.593057,0.995,246.425366,359.127171,0,246.425366,0.6861785626351284
"Bitcoin Up or Down - February 13, 10:45AM-10:50AM ET - Yes 🟢",0,0.288081,0.075,-653.525319,653.525319,0,-653.525319,-1
"Bitcoin Up or Down - February 13, 10:45AM-11:00AM ET - Yes 🟢",0,0.774312,0.905,1119.109024,3839.546396,0,1119.109024,0.2914690717543813
"Ethereum Up or Down - February 13, 10:45AM-11:00AM ET - Yes 🟢",0,0.629989,0.755,-1048.924794,1048.924794,0,-1048.924794,-1
"Bitcoin Up or Down - February 13, 10:40AM-10:45AM ET - Yes 🟢",0,0.447733,0.36,-945.43068,945.430681,0,-945.43068,-0.999999998942281
"Ethereum Up or Down - February 13, 10:30AM-10:45AM ET - Yes 🟢",0,0.472377,0.835,565.997192,506.733133,0,565.997192,1.1169531951643668
"Bitcoin Up or Down - February 13, 10:30AM-10:45AM ET - Yes 🟢",0,0.519785,0.445,208.386334,225.557492,0,208.386334,0.9238723668730987
"Bitcoin Up or Down - February 13, 10:35AM-10:40AM ET - Yes 🟢",0,0.437756,0.605,681.028798,530.240328,0,681.028798,1.284377596416997
"Bitcoin Up or Down - February 13, 10:30AM-10:35AM ET - Yes 🟢",0,0.259376,0.015,-552.745283,552.745284,0,-552.745283,-0.9999999981908484
"Ethereum Up or Down - February 13, 9:45AM-10:00AM ET - Yes 🟢",0,0.678648,0.805,316.139163,667.639259,0,316.139163,0.4735179346306236
"Bitcoin Up or Down - February 13, 10:20AM-10:25AM ET - Yes 🟢",0,0.490309,0.51,1218.746721,1172.401487,0,1218.746721,1.0395301733355784
"Ethereum Up or Down - February 13, 10:15AM-10:30AM ET - Yes 🟢",0,0.476763,0.975,315.772084,287.725154,0,315.772084,1.097478199629359
"Bitcoin Up or Down - February 13, 10:15AM-10:20AM ET - Yes 🟢",0,0.710805,0.505,462.267905,1136.196472,0,462.267905,0.40685560674756255
"Bitcoin Up or Down - February 13, 10:10AM-10:15AM ET - Yes 🟢",0,0.721443,0.815,351.579517,910.566174,0,351.579517,0.38611089126620685
"Ethereum Up or Down - February 13, 10:00AM-10:15AM ET - No 🔴",0,0.382108,0.0015,-462.446938,462.446939,0,-462.446938,-0.9999999978375897
"Bitcoin Up or Down - February 13, 10:00AM-10:05AM ET - Yes 🟢",0,0.648379,0.985,598.469039,1103.559677,0,598.469039,0.5423078166709783
"Bitcoin Up or Down - February 13, 10:20AM-10:25AM ET - Yes 🟢",0,0.588166,0.49,-1215.811313,1215.811313,0,-1215.811313,-1
"Bitcoin Up or Down - February 13, 9:55AM-10:00AM ET - Yes 🟢",0,0.579884,0.495,790.362429,1090.933283,0,790.362429,0.7244828270584536
"Bitcoin Up or Down - February 13, 9:45AM-10:00AM ET - No 🔴",0,0.076901,0.095,-41.100874,41.100874,0,-41.100874,-1
"Bitcoin Up or Down - February 13, 9:50AM-9:55AM ET - Yes 🟢",0,0.336469,0.155,-1033.317209,1033.31721,0,-1033.317209,-0.999999999032243
"Bitcoin Up or Down - February 13, 10:15AM-10:30AM ET - Yes 🟢",0,0.543737,0.015,-1984.761849,1984.761849,0,-1984.761849,-1
"Bitcoin Up or Down - February 13, 7:35AM-7:40AM ET - Yes 🟢",0,0.543219,0.48,-213.524749,213.52475,0,-213.524749,-0.9999999953167021
"Bitcoin Up or Down - February 13, 7:40AM-7:45AM ET - Yes 🟢",0,0.636302,0.785,431.307412,754.586962,0,431.307412,0.5715807901806816
"Bitcoin Up or Down - February 13, 7:30AM-7:45AM ET - Yes 🟢",0,0.543307,0.335,1421.828723,1691.485305,0,1421.828723,0.8405800031469975
"Bitcoin Up or Down - February 13, 7:25AM-7:30AM ET - Yes 🟢",0,0.711715,0.935,316.885773,782.324291,0,316.885773,0.4050567988818846
"Bitcoin Up or Down - February 13, 7:15AM-7:30AM ET - Yes 🟢",0,0.686714,0.985,1006.606728,2206.453314,0,1006.606728,0.45621029985681355
"Bitcoin Up or Down - February 13, 7:20AM-7:25AM ET - Yes 🟢",0,0.684604,0.67,379.180712,823.056197,0,379.180712,0.46069844730177034
"Bitcoin Up or Down - February 13, 7:15AM-7:20AM ET - Yes 🟢",0,0.664833,0.5,109.141626,216.491943,0,109.141626,0.5041371262486198
"Bitcoin Up or Down - February 13, 7:05AM-7:10AM ET - Yes 🟢",0,0.638145,0.72,-693.887249,693.88725,0,-693.887249,-0.9999999985588437
"Bitcoin Up or Down - February 13, 7:00AM-7:15AM ET - No 🔴",0,0.680083,0.9985,657.953674,1398.684999,0,657.953674,0.4704087585627991
"Ethereum Up or Down - February 13, 8:45AM-9:00AM ET - Yes 🟢",0,0.561159,0.625,-376.440872,376.440872,0,-376.440872,-1
"Bitcoin Up or Down - February 13, 6:50AM-6:55AM ET - Yes 🟢",0,0.569073,0.545,553.916118,731.489805,0,553.916118,0.7572437978134227
"Ethereum Up or Down - February 13, 6:45AM-7:00AM ET - Yes 🟢",0,0.307579,0.215,-292.661398,292.661398,0,-292.661398,-1
"Bitcoin Up or Down - February 13, 6:55AM-7:00AM ET - Yes 🟢",0,0.364704,0.17,-207.222629,207.22263,0,-207.222629,-0.9999999951742723
"Bitcoin Up or Down - February 13, 6:55AM-7:00AM ET - Yes 🟢",0,0.806413,0.83,237.246519,988.282673,0,237.246519,0.2400593731749054
"Bitcoin Up or Down - February 13, 6:45AM-6:50AM ET - Yes 🟢",0,0.601895,0.505,521.119441,787.880549,0,521.119441,0.6614193505112156
"Bitcoin Up or Down - February 13, 7:00AM-7:05AM ET - Yes 🟢",0,0.300786,0.005,-201.227354,201.227355,0,-201.227354,-0.9999999950304967
"Ethereum Up or Down - February 13, 7:00AM-7:15AM ET - Yes 🟢",0,0.281384,0.015,-42.500239,42.500239,0,-42.500239,-1
"Bitcoin Up or Down - February 13, 6:40AM-6:45AM ET - Yes 🟢",0,0.487056,0.48,-287.808962,287.808963,0,-287.808962,-0.999999996525473
"Bitcoin Up or Down - February 13, 6:30AM-6:45AM ET - Yes 🟢",0,0.746383,0.625,-2817.987901,2817.987901,0,-2817.987901,-1
"Bitcoin Up or Down - February 13, 7:05AM-7:10AM ET - Yes 🟢",0,0.494809,0.28,100.543618,98.477382,0,100.543618,1.0209818331685543
"Bitcoin Up or Down - February 13, 8:45AM-9:00AM ET - Yes 🟢",0,0.475154,0.595,-1329.859066,1329.859066,0,-1329.859066,-1
"Bitcoin Up or Down - February 13, 8:50AM-8:55AM ET - Yes 🟢",0,0.759067,0.975,245.229309,772.602657,0,245.229309,0.31740676372020293
"Bitcoin Up or Down - February 13, 8:45AM-8:50AM ET - Yes 🟢",0,0.215364,0.05,-84.688705,84.688705,0,-84.688705,-1
"Bitcoin Up or Down - February 13, 8:25AM-8:30AM ET - Yes 🟢",0,0.220439,0.005,-444.364846,444.364846,0,-444.364846,-1
"Bitcoin Up or Down - February 13, 8:25AM-8:30AM ET - Yes 🟢",0,0.707809,0.995,527.581757,1278.024019,0,527.581757,0.41281051776539424
"Bitcoin Up or Down - February 13, 8:35AM-8:40AM ET - No 🔴",0,0.76569,0.875,231.30208,755.86057,0,231.30208,0.30601157036144905
"Bitcoin Up or Down - February 13, 8:40AM-8:45AM ET - Yes 🟢",0,0.547528,0.515,484.953162,586.832854,0,484.953162,0.8263906130927019
"Ethereum Up or Down - February 13, 8:30AM-8:45AM ET - Yes 🟢",0,0.559203,0.555,1072.904005,1361.105313,0,1072.904005,0.7882593615296541
"Bitcoin Up or Down - February 13, 8:20AM-8:25AM ET - Yes 🟢",0,0.627633,0.69,-653.089906,653.089906,0,-653.089906,-1
"Bitcoin Up or Down - February 13, 7:30AM-7:35AM ET - Yes 🟢",0,0.512131,0.445,-547.131714,547.131715,0,-547.131714,-0.9999999981722866
"Ethereum Up or Down - February 13, 8:15AM-8:30AM ET - Yes 🟢",0,0.873725,0.9965,51.725081,357.897419,0,51.725081,0.1445248785099509
"Bitcoin Up or Down - February 13, 8:15AM-8:30AM ET - Yes 🟢",0,0.327282,0.0005,-235.313575,235.313575,0,-235.313575,-1
"Bitcoin Up or Down - February 13, 8:10AM-8:15AM ET - Yes 🟢",0,0.468244,0.55,-732.989022,732.989022,0,-732.989022,-1
"Bitcoin Up or Down - February 13, 8:00AM-8:15AM ET - Yes 🟢",0,0.593955,0.045,-1679.28798,1679.287981,0,-1679.28798,-0.9999999994045097
"Bitcoin Up or Down - February 13, 7:50AM-7:55AM ET - No 🔴",0,0.649989,0.005,-717.049947,717.049948,0,-717.049947,-0.999999998605397
"Bitcoin Up or Down - February 13, 7:55AM-8:00AM ET - No 🔴",0,0.647328,0.815,345.577705,634.306452,0,345.577705,0.5448119026858014
"Ethereum Up or Down - February 13, 7:45AM-8:00AM ET - Yes 🟢",0,0.613686,0.925,84.644577,134.463655,0,84.644577,0.6294978148556203
"Bitcoin Up or Down - February 13, 7:45AM-7:50AM ET - Yes 🟢",0,0.529581,0.505,262.664821,295.698726,0,262.664821,0.8882852643741184
"Bitcoin Up or Down - February 13, 7:45AM-8:00AM ET - Yes 🟢",0,0.635808,0.915,-2249.785735,2249.785736,0,-2249.785735,-0.9999999995555133
"Bitcoin Up or Down - February 13, 8:00AM-8:05AM ET - Yes 🟢",0,0.346716,0.39,-167.926863,167.926863,0,-167.926863,-1
"Bitcoin Up or Down - February 13, 8:15AM-8:30AM ET - Yes 🟢",0,0.695425,0.9995,1032.456138,2357.369482,0,1032.456138,0.4379695868142235
"Bitcoin Up or Down - February 13, 10:30AM-10:35AM ET - Yes 🟢",0,0.682321,0.985,649.357227,1394.709983,0,649.357227,0.4655858457420965
"Bitcoin Up or Down - February 13, 10:25AM-10:30AM ET - Yes 🟢",0,0.665558,0.965,323.304121,643.393009,0,323.304121,0.5024986539758937
"Bitcoin Up or Down - February 13, 10:25AM-10:30AM ET - Yes 🟢",0,0.458978,0.035,-184.457924,184.457924,0,-184.457924,-1
"Ethereum Up or Down - February 13, 10:15AM-10:30AM ET - Yes 🟢",0,0.473574,0.025,-538.014211,538.014211,0,-538.014211,-1
"Bitcoin Up or Down - February 13, 10:15AM-10:20AM ET - Yes 🟢",0,0.400539,0.495,-561.032067,561.032068,0,-561.032067,-0.9999999982175707
"Bitcoin Up or Down - February 13, 10:05AM-10:10AM ET - Yes 🟢",0,0.49063,0.535,895.150881,862.217793,0,895.150881,1.0381957879637493
"Bitcoin Up or Down - February 13, 10:10AM-10:15AM ET - Yes 🟢",0,0.291098,0.185,-428.798257,428.798258,0,-428.798257,-0.9999999976679009
"Bitcoin Up or Down - February 13, 10:15AM-10:30AM ET - Yes 🟢",0,0.524879,0.985,1665.026974,1839.400265,0,1665.026974,0.9052010080035519
"Bitcoin Up or Down - February 13, 10:05AM-10:10AM ET - Yes 🟢",0,0.606104,0.465,-1038.78465,1038.78465,0,-1038.78465,-1
"Ethereum Up or Down - February 13, 11:00AM-11:15AM ET - Yes 🟢",0,0.513144,0.001,-160.940856,160.940856,0,-160.940856,-1
