Question,Position,Average Price,Current Price,Realized PnL,Total Invested,Unrealized PnL,Overall PnL,Overall PnL (%)
"Bitcoin Up or Down - February 13, 5PM ET - Yes 🟢",25646.760028088498,0.516203,0.9995,836.361241,17223.115998,12401.202782686429,13237.56402368643,0.768592862361469
"Bitcoin Up or Down - February 13, 6PM ET - No 🔴",8270.485405735,0.691519,0.665,0,8600.29744,-329.81203379652106,-329.81203379652106,-0.03834891015077742
"Ethereum Up or Down - February 13, 4:00PM-8:00PM ET - Yes 🟢",3505.468600555,0.655478,0.635,-210.68159,4511.008309,-113.047222050654,-323.728812050654,-0.07176417995169204
"Ethereum Up or Down - February 13, 6PM ET - Yes 🟢",2992.167787225,0.62192,0.655,0,2841.051893,151.1158937426003,151.1158937426003,0.053190120924905014
"Ethereum Up or Down - February 13, 5PM ET - Yes 🟢",2901.1733786545,0.107952,0.9995,1066.54121,977.200459,2587.829238011668,3654.3704480116685,3.739632349079431
"Bitcoin Up or Down - February 13, 6PM ET - Yes 🟢",2548.1133367800003,0.411671,0.335,0,3131.296613,-583.1832765500276,-583.1832765500276,-0.1862433836925137
"Bitcoin Up or Down - February 13, 4:00PM-8:00PM ET - Yes 🟢",2476.30588052,0.672755,0.74,-333.334995,3782.454654,225.02593099400974,-108.30906400599025,-0.02863459681967419
"Bitcoin Up or Down - February 13, 6:15PM-6:30PM ET - No 🔴",2173.738012135,0.584518,0.515,0,2467.163098,-293.425085684662,-293.425085684662,-0.11893218000971494
"Bitcoin Up or Down - February 13, 6:15PM-6:30PM ET - Yes 🟢",1888.706944655,0.518848,0.485,0,2020.519218,-131.81227353130407,-131.81227353130407,-0.06523683237310543
"Solana Up or Down - February 13, 6PM ET - Yes 🟢",1712.968020205,0.750125,0.845,0,1520.639214,192.3288058188748,192.3288058188748,0.12647892021208576
"Solana Up or Down - February 13, 4PM ET - Yes 🟢",1260.3935729575,0.355041,0.9995,255.731913,1074.066939,812.678320795015,1068.410233795015,0.994733377409185
"Solana Up or Down - February 13, 5PM ET - No 🔴",1236.4014630135,0.828941,0.9995,-231.288038,2018.672082,210.9848895749069,-20.3031484250931,-0.01005767534317795
"Bitcoin Up or Down - February 13, 6:15PM-6:20PM ET - Yes 🟢",1137.649871645,0.502459,0.595,0,960.709944,176.9399273477311,176.9399273477311,0.18417622140042209
"Bitcoin Up or Down - February 13, 4:00PM-8:00PM ET - No 🔴",975.5531734,0.34564,0.26,251.176788,2083.553967,-321.3322068076001,-70.15541880760009,-0.033671035124956804
"Ethereum Up or Down - February 13, 4:00PM-8:00PM ET - No 🔴",876.430026575,0.388163,0.365,53.786901,1460.567492,-55.61848960426494,-1.8315886042649367,-0.0012540253115978133
"Bitcoin Up or Down - February 13, 6:20PM-6:25PM ET - Yes 🟢",860.794,0.544285,0.55,0,851.849568,8.944432199999937,8.944432199999937,0.010500013777080342
"Bitcoin Up or Down - February 13, 6:20PM-6:25PM ET - Yes 🟢",838.4183154000001,0.515979,0.45,0,961.347209,-122.92889340394788,-122.92889340394788,-0.12787148311567823
"Bitcoin Up or Down - February 13, 6:15PM-6:20PM ET - Yes 🟢",652.79814921,0.563633,0.405,0,908.490319,-255.69216988550602,-255.69216988550602,-0.2814473247958804
"Bitcoin Up or Down - February 13, 6:00PM-6:15PM ET - No 🔴",613.643099895,0.670378,0.765,0,537.742267,75.90083320034603,75.90083320034603,0.14114723327178227
"Ethereum Up or Down - February 13, 6:15PM-6:30PM ET - No 🔴",527.634726155,0.619998,0.535,0,611.46257,-83.827843838734,-83.827843838734,-0.13709399062437133
"Bitcoin Up or Down - February 13, 6:10PM-6:15PM ET - Yes 🟢",527.14879767,0.541531,0.495,0,576.70185,-49.55305192804599,-49.55305192804599,-0.08592490543951953
"Ethereum Up or Down - February 13, 6PM ET - Yes 🟢",501.53344553999995,0.461891,0.345,0,671.460245,-169.92679994961208,-169.92679994961208,-0.2530705298116526
"XRP Up or Down - February 13, 6PM ET - Yes 🟢",446.48190081,0.603274,0.495,0,544.143277,-97.66137642081202,-97.66137642081202,-0.17947731884007456
"Ethereum Up or Down - February 13, 6:15PM-6:30PM ET - Yes 🟢",403.77244374,0.477708,0.465,0,414.807154,-11.034710139887977,-11.034710139887977,-0.026602024660085724
"XRP Up or Down - February 13, 5PM ET - Yes 🟢",389.1436658325,0.790746,0.9995,-62.312886,477.340967,81.27593478458999,18.963048784589994,0.0397264221920219
"Bitcoin Up or Down - February 13, 6:10PM-6:15PM ET - Yes 🟢",386.194945835,0.440091,0.505,0,336.556277,49.638668790503004,49.638668790503004,0.1474899509614643
"XRP Up or Down - February 13, 4:00PM-8:00PM ET - No 🔴",370.93790986,0.845759,0.86,-70.663173,615.661258,6.142472993390982,-64.52070000660902,-0.10479902571132554
"XRP Up or Down - February 13, 5AM ET - Yes 🟢",366.661567505,0.659282,0.9995,-87.860995,804.613194,124.80726880781998,36.94627380781998,0.04591805613346676
"XRP Up or Down - February 13, 6PM ET - Yes 🟢",364.38245306,0.505236,0.505,0,364.552739,-0.17028566123201472,-0.17028566123201472,-0.0004671084400548551
"Ethereum Up or Down - February 13, 4PM ET - Yes 🟢",345.0404764585,0.749314,0.9995,-1002.841506,3272.716252,86.36748038343802,-916.4740256165619,-0.280034673050709
"Ethereum Up or Down - February 13, 6:00PM-6:15PM ET - Yes 🟢",304.09844588,0.716529,0.92,0,236.842778,67.25566834961899,67.25566834961899,0.2839675708820599
"Bitcoin Up or Down - February 13, 6:30PM-6:45PM ET - Yes 🟢",296.67825,0.610289,0.495,0,365.776712,-69.09846214999999,-69.09846214999999,-0.18890886128912437
"Solana Up or Down - February 13, 6:15PM-6:30PM ET - Yes 🟢",283.99497437499997,0.681779,0.625,0,309.794895,-25.799921040061008,-25.799921040061008,-0.08328065263974414
"Bitcoin Up or Down - February 13, 6:05PM-6:10PM ET - Yes 🟢",190.86353242,0.594536,0.635,0,178.701167,12.162365316288003,12.162365316288003,0.06805979793231011
"Solana Up or Down - February 13, 6:00PM-6:15PM ET - Yes 🟢",188.52602503999998,0.768178,0.995,0,145.549291,42.97673372022399,42.97673372022399,0.29527271087994506
"Bitcoin Up or Down - February 13, 6:00PM-6:05PM ET - Yes 🟢",188.38483461,0.643943,0.63,0,192.55412,-4.169285315820986,-4.169285315820986,-0.021652537560977583
"Bitcoin Up or Down - February 13, 6:25PM-6:30PM ET - Yes 🟢",184.5,0.554366,0.615,0,166.3098,18.190200000000004,18.190200000000004,0.10937539459490664
"XRP Up or Down - February 9, 9PM ET - No 🔴",159.1672195785,0.757996,0.9995,-229.31817,794.448591,38.458749571872005,-190.859420428128,-0.24024137318676173
"Bitcoin Up or Down - February 13, 6:30PM-6:35PM ET - Yes 🟢",151.39728754499998,0.598405,0.505,0,179.39979,-28.002502263645027,-28.002502263645027,-0.15608993892158418
"Solana Up or Down - February 13, 6:15PM-6:30PM ET - Yes 🟢",114.887446125,0.504017,0.375,0,154.413936,-39.52648969789101,-39.52648969789101,-0.2559774766565824
"Solana Up or Down - February 13, 4:00PM-8:00PM ET - No 🔴",80.41229883000001,0.66747,0.81,13.090647,351.619153,14.14958636079001,27.24023336079001,0.07747084630736828
"Solana Up or Down - February 13, 6PM ET - Yes 🟢",72.47955,0.247451,0.155,0,115.710562,-43.231012109999995,-43.231012109999995,-0.3736133621924678
"Solana Up or Down - February 12, 3AM ET - Yes 🟢",61.1933690095,0.296425,0.9995,424.867641,636.796927,43.045050441575,467.912691441575,0.7347910638418879
"Solana Up or Down - February 13, 4:00PM-8:00PM ET - Yes 🟢",57.97903485,0.356943,0.19,22.665801,261.522254,-50.943126394545,-28.277325394545,-0.10812588589323263
"Ethereum Up or Down - February 13, 6:30PM-6:45PM ET - Yes 🟢",54.8361,0.630472,0.495,0,69.843688,-15.007588159999997,-15.007588159999997,-0.2148739362102413
"Bitcoin Up or Down - February 13, 6:00PM-6:15PM ET - Yes 🟢",46.953,0.31009,0.235,0,61.955982,-15.002981999999996,-15.002981999999996,-0.2421555032409945
"Solana Up or Down - February 13, 6:30PM-6:45PM ET - Yes 🟢",44.3025,0.543295,0.495,0,48.624903,-4.3224024999999955,-4.3224024999999955,-0.08889277372954338
"XRP Up or Down - February 13, 6:15PM-6:30PM ET - Yes 🟢",41.44135611,0.619096,0.935,0,27.439762,14.001593754624,14.001593754624,0.5102665888510257
"XRP Up or Down - February 13, 6:00PM-6:15PM ET - Yes 🟢",26.459999999999997,0.751785,0.945,0,21.04998,5.410019999999996,5.410019999999996,0.2570083201979287
"Bitcoin Up or Down - February 13, 5PM ET - Yes 🟢",12.74787053,0.346346,0.0005,-781.452448,11499.087874,-8817.60006263676,-9599.05251063676,-0.8347664280695417
"Solana Up or Down - February 13, 6:30PM-6:45PM ET - Yes 🟢",11.11,0.46,0.505,0,10.12,0.9900000000000002,0.9900000000000002,0.09782608695652177
"XRP Up or Down - February 13, 4:00PM-8:00PM ET - Yes 🟢",10.7415189,0.164929,0.14,58.395127,61.574813,-1.9126808904149986,56.482446109585005,0.9172978910968843
"XRP Up or Down - February 13, 6:30PM-6:45PM ET - Yes 🟢",9.74952044,0.577053,0.485,0,11.599979,-1.8504589795120001,-1.8504589795120001,-0.15952261461094025
"Ethereum Up or Down - February 13, 6:00PM-6:15PM ET - Yes 🟢",7.14956512,0.33076,0.08,0,29.559877,-22.41031186864,-22.41031186864,-0.7581327848096255
"Ethereum Up or Down - February 13, 6:30PM-6:45PM ET - Yes 🟢",5.5196499999999995,0.39,0.505,0,4.2627,1.2569499999999998,1.2569499999999998,0.2948717948717948
"Solana Up or Down - February 11, 9PM ET - No 🔴",4.376036887,0.622926,0.9995,-197.998371,1006.081632,1.6487260777239996,-196.34964492227598,-0.19516273697587588
"Solana Up or Down - February 12, 7:45AM-8:00AM ET - Yes 🟢",2.0310995249999997,0.620296,0.975,-27.984362,145.59115,0.7389119240159996,-27.245450075984003,-0.18713671865346215
"XRP Up or Down - February 10, 3:45AM-4:00AM ET - Yes 🟢",1.69501995,0.798281,0.975,-50.409489,136.297286,0.307222800558,-50.102266199442,-0.3675954794832965
"Ethereum Up or Down - February 13, 5PM ET - Yes 🟢",1.380003637,0.848243,0.0005,-1027.128739,7557.470354,-2339.776846482582,-3366.905585482582,-0.4455069524289373
"Bitcoin Up or Down - February 13, 4PM ET - No 🔴",1.365647842,0.181158,0.0005,6393.638158,4127.500355,-493.43041568007203,5900.207742319928,1.4294869133499875
"XRP Up or Down - February 13, 6:00PM-6:15PM ET - Yes 🟢",1.3469499999999999,0.284569,0.055,0,6.969095,-5.62214481,-5.62214481,-0.806725236203553
"XRP Up or Down - February 13, 6:15PM-6:30PM ET - Yes 🟢",1.105,0.5,0.065,0,8.5,-7.395,-7.395,-0.87
"XRP Up or Down - February 3, 9:15PM-9:30PM ET - Yes 🟢",0.6367185,0.5,0.495,0,11,-0.006431500000000034,-0.006431500000000034,-0.0005846818181818213
"Solana Up or Down - February 13, 6:00PM-6:15PM ET - Yes 🟢",0.5065915,0.043973,0.005,0,4.45527,-3.9486781059,-3.9486781059,-0.8862937837437462
"Ethereum Up or Down - February 13, 3PM ET - Yes 🟢",0.41782383349999996,0.075444,0.0005,974.58044,236.228462,-62.626778755648,911.9536612443519,3.8604732618728725
"Solana Up or Down - February 13, 5PM ET - Yes 🟢",0.372721059,0.102109,0.0005,269.918722,198.46562,-75.743628167862,194.175093832138,0.9783815143002501
"Solana Up or Down - February 11, 11PM ET - No 🔴",0.3329264535,0.582116,0.9995,-214.88789,1523.522839,0.139027688712,-214.748862311288,-0.14095545981591157
"XRP Up or Down - February 4, 6:00AM-6:15AM ET - No 🔴",0.27919215000000003,0.923529,0.9855,-80.287503,175.333089,0.017556384300000005,-80.26994661570001,-0.45781402172011015
"XRP Up or Down - February 1, 9:45AM-10:00AM ET - Yes 🟢",0.15563169999999998,0.49,0.997,0.098439,4.9,0.07914269999999998,0.17758169999999998,0.03624116326530612
"XRP Up or Down - February 3, 9:15PM-9:30PM ET - No 🔴",0.1445815,0.62619,0.505,-2.613861,13.14999,-0.034696697,-2.648557697,-0.20141138487557786
"XRP Up or Down - February 13, 4PM ET - Yes 🟢",0.10472271150000001,0.369565,0.0005,94.399357,344.86794,-77.29897503949499,17.100381960505004,0.04958530491557147
"Bitcoin Up or Down - February 13, 3PM ET - Yes 🟢",0.074757919,0.348846,0.0005,4072.030444,9449.934657,-52.083244103948,4019.947199896052,0.42539417951618247
"XRP Up or Down - February 4, 5:30AM-5:45AM ET - Yes 🟢",0.07447999999999999,0.23,0.95,2.678832,2.3,0.05644799999999999,2.73528,1.1892521739130435
"XRP Up or Down - February 4, 5:30AM-5:45AM ET - Yes 🟢",0.05392,0.28,0.05,2.182752,3.08,-0.248032,1.9347199999999998,0.628155844155844
"XRP Up or Down - February 1, 8:00PM-8:15PM ET - Yes 🟢",0.05235125000000001,0.362635,0.025,40.31833,107.197245,-0.70702457175,39.611305428250006,0.3695179426322944
"XRP Up or Down - February 13, 5PM ET - Yes 🟢",0.045500002000000005,0.01,0.0005,74.750559,3.053207,-0.864500038,73.88605896199999,24.199492193618052
"XRP Up or Down - February 1, 8:00PM-8:15PM ET - No 🔴",0.016513575,0.69528,0.975,-57.317101,204.085077,0.004737617639999999,-57.312363382360004,-0.28082584099159785
"Solana Up or Down - February 12, 7:45AM-8:00AM ET - Yes 🟢",0.0159836,0.117132,0.025,89.066276,27.323211,-0.058904041408,89.007371958592,3.2575736416408745
"XRP Up or Down - February 1, 12:15PM-12:30PM ET - Yes 🟢",0.0063646,0.126018,0.025,64.360095,21.719036,-0.025717566512000002,64.334377433488,2.96211937921591
"XRP Up or Down - February 4, 6:00AM-6:15AM ET - Yes 🟢",0.00626545,0.314102,0.0145,35.240293,59.67938,-0.1294580242,35.1108349758,0.5883243923747198
"XRP Up or Down - February 1, 9:45AM-10:00AM ET - No 🔴",0.0004683,0.45,0.003,0.492195,4.5,-0.0697767,0.4224183,0.09387073333333334
"Solana Up or Down - February 10, 3AM ET - No 🔴",0.000438289,0.600665,0.0005,-281.031916,1677.435446,-0.52609143537,-281.55800743537003,-0.16785027889256254
"XRP Up or Down - February 12, 6AM ET - Yes 🟢",0.000315592,0.369127,0.0005,246.342575,695.041662,-0.23267146436799999,246.10990353563201,0.35409374285196743
"XRP Up or Down - February 13, 4PM ET - No 🔴",0.00007096450000000001,0.68754,0.9995,-135.727799,497.591448,0.000022149160000000012,-135.72777685084,-0.2727695128129292
"Bitcoin Up or Down - February 13, 3PM ET - No 🔴",0.000059970000000000004,0.683613,0.9995,-4946.463382,18416.270523,0.00001895322,-4946.46336304678,-0.2685920233887292
"Ethereum Up or Down - February 13, 3PM ET - Yes 🟢",0.000022988500000000002,0.777081,0.9995,-636.04736,1783.811678,0.0000051156370000000036,-636.047354884363,-0.3565664261137116
"Bitcoin Up or Down - February 13, 4PM ET - Yes 🟢",0.000021989,0.797083,0.9995,-5957.311788,15983.654256,0.000004453173999999999,-5957.311783546826,-0.3727127531747347
"XRP Up or Down - February 12, 6AM ET - No 🔴",0.000019990000000000003,0.640448,0.9995,-264.365621,1205.516884,0.000007181040000000004,-264.36561381895996,-0.2192964837968706
"Solana Up or Down - February 10, 3AM ET - Yes 🟢",0.0000169915,0.553231,0.9995,-148.607857,1544.484867,0.000007586573000000002,-148.607849413427,-0.09621839137995712
"XRP Up or Down - February 1, 12:15PM-12:30PM ET - No 🔴",0.00000975,0.809755,0.975,-53.307007,139.354066,0.0000016524499999999997,-53.307005347549996,-0.38252924279618794
"Solana Up or Down - February 12, 3AM ET - No 🔴",4.3e-8,0.757718,0.0005,-537.865841,1581.382157,-0.000065120748,-537.865906120748,-0.3401239249727718
"Solana Up or Down - February 11, 11PM ET - Yes 🟢",4e-8,0.534471,0.0005,-90.206542,1398.647636,-0.00004271768,-90.20658471768,-0.06449557586617193
"Ethereum Up or Down - February 13, 4PM ET - No 🔴",3.1e-8,0.09806,0.0005,1616.764862,394.436893,-0.00000604872,1616.76485595128,4.09891895165922
"XRP Up or Down - February 9, 9PM ET - Yes 🟢",2.2e-8,0.34087,0.0005,141.441729,302.980235,-0.00001497628,141.44171402372,0.4668347888228419
"Solana Up or Down - February 11, 9PM ET - Yes 🟢",1e-8,0.343485,0.0005,252.100573,553.255384,-0.0000068597,252.1005661403,0.45566762372492337
"XRP Up or Down - February 13, 5AM ET - No 🔴",5.5e-9,0.477812,0.0005,14.843402,407.85727,-0.000005250432,14.843396749567999,0.03639360590426155
"Solana Up or Down - February 13, 4PM ET - No 🔴",2e-9,0.618644,0.0005,-209.307853,1091.391456,-0.000002472576,-209.307855472576,-0.19178073487921454
"Bitcoin Up or Down - February 4, 1:15PM-1:30PM ET - No 🔴",0,0.403951,0.025,476.258492,8492.942058,0,476.258492,0.056076974121280404
"XRP Up or Down - February 4, 12:45PM-1:00PM ET - No 🔴",0,0.389465,0.125,55.271654,274.769996,0,55.271654,0.2011560752797769
"XRP Up or Down - February 8, 4:30AM-4:45AM ET - Yes 🟢",0,0.5356,0.015,-160.71443,160.714431,0,-160.71443,-0.9999999937777834
"Ethereum Up or Down - February 4, 1:15PM-1:30PM ET - No 🔴",0,0.470823,0.025,379.504685,7498.252514,0,379.504685,0.050612417265413
"Ethereum Up or Down - February 4, 1:15PM-1:30PM ET - Yes 🟢",0,0.627281,0.975,-1927.347819,10014.457934,0,-1927.347819,-0.19245652951983336
"Solana Up or Down - February 4, 1:15PM-1:30PM ET - Yes 🟢",0,0.795822,0.965,-89.827414,243.634832,0,-89.827414,-0.3686969275394908
"XRP Up or Down - February 4, 12:45PM-1:00PM ET - Yes 🟢",0,0.723006,0.875,-146.561144,478.918341,0,-146.561144,-0.3060253313622833
"XRP Up or Down - February 4, 1:00PM-1:15PM ET - Yes 🟢",0,0.180576,0.155,209.984832,119.283918,0,209.984832,1.7603783940094926
"Bitcoin Up or Down - February 4, 1:30PM-1:45PM ET - No 🔴",0,0.299549,0.005,7497.306751,11350.708149,0,7497.306751,0.6605144500751272
"Solana Up or Down - February 11, 4:45AM-5:00AM ET - Yes 🟢",0,0.747123,0.985,28.810393,85.120069,0,28.810393,0.3384676885071604
"Ethereum Up or Down - February 8, 4:30AM-4:45AM ET - Yes 🟢",0,0.688426,0.965,1206.543515,2665.870471,0,1206.543515,0.4525889491350309
"Bitcoin Up or Down - February 4, 1:30PM-1:45PM ET - Yes 🟢",0,0.862868,0.995,-7065.606596,35820.743611,0,-7065.606596,-0.19724902064373284
"Bitcoin Up or Down - February 4, 1:45PM-2:00PM ET - No 🔴",0,0.679677,0.985,2126.70454,6844.715912,0,2126.70454,0.3107074957298827
"XRP Up or Down - February 8, 4AM ET - No 🔴",0,0.611289,0.9995,347.622509,546.67302,0,347.622509,0.6358874432837385
"XRP Up or Down - February 4, 1:45PM-2:00PM ET - Yes 🟢",0,0.088254,0.015,135.409687,29.036314,0,135.409687,4.663459935031698
"Bitcoin Up or Down - February 11, 4AM ET - No 🔴",0,0.685345,0.9995,3144.238095,6848.414478,0,3144.238095,0.45911912970522173
"Ethereum Up or Down - February 4, 1PM ET - Yes 🟢",0,0.686786,0.9995,-959.933088,4162.822944,0,-959.933088,-0.2305966650307768
"Ethereum Up or Down - February 4, 1:45PM-2:00PM ET - No 🔴",0,0.67719,0.985,696.618068,1461.363619,0,696.618068,0.47669044099831254
"XRP Up or Down - February 4, 1PM ET - No 🔴",0,0.024278,0.0005,320.07429,52.174242,0,320.07429,6.13471854559957
"Solana Up or Down - February 8, 4:30AM-4:45AM ET - Yes 🟢",0,0.298669,0.0055,-430.297099,430.2971,0,-430.297099,-0.9999999976760243
"Bitcoin Up or Down - February 11, 5:30AM-5:45AM ET - No 🔴",0,0.8173,0.965,225.274607,1007.755539,0,225.274607,0.2235409266254601
"Solana Up or Down - February 4, 3:15PM-3:30PM ET - Yes 🟢",0,0.707105,0.845,-191.669575,1674.961229,0,-191.669575,-0.11443224576274655
"Bitcoin Up or Down - February 4, 8AM ET - No 🔴",0,0.711584,0.9995,210.496706,5927.944558,0,210.496706,0.03550922312792656
"Bitcoin Up or Down - February 4, 3:15PM-3:30PM ET - No 🔴",0,0.053809,0.22,3180.972641,1720.456259,0,3180.972641,1.8489122431098088
"Solana Up or Down - February 4, 3:15PM-3:30PM ET - Yes 🟢",0,0.34162,0.155,279.280093,606.187108,0,279.280093,0.46071598903089844
"XRP Up or Down - February 8, 1AM ET - No 🔴",0,0.705232,0.9995,75.841602,605.080829,0,75.841602,0.12534127403332423
"XRP Up or Down - February 4, 3:15PM-3:30PM ET - No 🔴",0,0.214242,0.61,505.740463,205.577241,0,505.740463,2.460099476673101
"Bitcoin Up or Down - February 4, 12:45PM-1:00PM ET - Yes 🟢",0,0.119226,0.225,5013.119133,1820.506667,0,5013.119133,2.7536944653221638
"Bitcoin Up or Down - February 11, 4:30AM-4:45AM ET - No 🔴",0,0.623841,0.915,426.309482,707.013082,0,426.309482,0.6029725515036509
"Solana Up or Down - February 11, 4:30AM-4:45AM ET - Yes 🟢",0,0.444453,0.465,-123.067664,123.067665,0,-123.067664,-0.9999999918743887
"Bitcoin Up or Down - February 4, 1:45PM-2:00PM ET - Yes 🟢",0,0.089709,0.015,901.651355,197.470394,0,901.651355,4.566007778360943
"Solana Up or Down - February 4, 1:00PM-1:15PM ET - Yes 🟢",0,0.207137,0.205,382.689018,428.200931,0,382.689018,0.8937136523881121
"XRP Up or Down - February 4, 1:00PM-1:15PM ET - No 🔴",0,0.825005,0.845,-212.111814,552.330397,0,-212.111814,-0.3840306728582965
"Bitcoin Up or Down - February 4, 1:00PM-1:15PM ET - No 🔴",0,0.241533,0.005,4041.280211,6475.767389,0,4041.280211,0.6240619787956995
"Bitcoin Up or Down - February 8, 4:15AM-4:30AM ET - Yes 🟢",0,0.477188,0.635,1442.942036,1317.021462,0,1442.942036,1.0956101154257425
"Bitcoin Up or Down - February 4, 1:00PM-1:15PM ET - Yes 🟢",0,0.830635,0.995,-6939.604113,17545.241172,0,-6939.604113,-0.3955262880099213
"XRP Up or Down - February 4, 1:15PM-1:30PM ET - No 🔴",0,0.272685,0.085,102.467951,123.725849,0,102.467951,0.8281854748072894
"XRP Up or Down - February 8, 4:15AM-4:30AM ET - Yes 🟢",0,0.26582,0.12,-50.363037,50.363037,0,-50.363037,-1
"Solana Up or Down - February 8, 4:15AM-4:30AM ET - Yes 🟢",0,0.296596,0.395,313.999475,132.400425,0,313.999475,2.371589630471352
"Ethereum Up or Down - February 11, 4AM ET - Yes 🟢",0,0.377837,0.0005,-1766.601264,1766.601265,0,-1766.601264,-0.9999999994339412
"Solana Up or Down - February 8, 4AM ET - No 🔴",0,0.61061,0.9995,1299.187917,2037.281734,0,1299.187917,0.637706555415472
"Solana Up or Down - February 11, 4:30AM-4:45AM ET - Yes 🟢",0,0.664993,0.535,124.331302,246.799158,0,124.331302,0.5037752276286128
"Ethereum Up or Down - February 4, 3:00PM-3:15PM ET - Yes 🟢",0,0.280172,0.0015,-683.64778,727.461731,0,-683.64778,-0.9397714695730159
"Bitcoin Up or Down - February 4, 3:00PM-3:15PM ET - Yes 🟢",0,0.230124,0.005,87.877456,4512.163944,0,87.877456,0.01947567887395893
"Bitcoin Up or Down - February 4, 3:00PM-3:15PM ET - No 🔴",0,0.654369,0.995,-1401.810479,6055.079461,0,-1401.810479,-0.23150984029671018
"Solana Up or Down - February 11, 5:30AM-5:45AM ET - Yes 🟢",0,0.578293,0.975,50.42197,69.144388,0,50.42197,0.7292272223162927
"Bitcoin Up or Down - February 11, 5:30AM-5:45AM ET - Yes 🟢",0,0.003165,0.035,-3.499179,3.49918,0,-3.499179,-0.9999997142187599
"XRP Up or Down - February 4, 3:30PM-3:45PM ET - Yes 🟢",0,0.295612,0.655,117.728685,334.791915,0,117.728685,0.3516473359280495
"Bitcoin Up or Down - February 4, 3:15PM-3:30PM ET - Yes 🟢",0,0.841083,0.78,-3339.588604,8266.184995,0,-3339.588604,-0.40400603253133466
"Ethereum Up or Down - February 4, 3:30PM-3:45PM ET - No 🔴",0,0.182071,0.285,-46.910642,1083.046642,0,-46.910642,-0.04331359350634503
"Solana Up or Down - February 4, 12:00PM-4:00PM ET - No 🔴",0,0.013539,0.02,223.168384,25.604379,0,223.168384,8.716024083224202
"Solana Up or Down - February 4, 3PM ET - Yes 🟢",0,0.154319,0.0005,629.935638,364.999737,0,629.935638,1.7258523065730322
"Ethereum Up or Down - February 4, 3:30PM-3:45PM ET - Yes 🟢",0,0.578664,0.715,-157.955654,1206.095258,0,-157.955654,-0.1309644930218273
"Bitcoin Up or Down - February 11, 5AM ET - Yes 🟢",0,0.271849,0.0005,-3080.594628,3080.594629,0,-3080.594628,-0.9999999996753872
"Bitcoin Up or Down - February 4, 3PM ET - Yes 🟢",0,0.106877,0.0005,945.912299,1008.645269,0,945.912299,0.9378047248839078
"Bitcoin Up or Down - February 4, 12:00PM-4:00PM ET - Yes 🟢",0,0.313397,0.245,1097.269764,5628.062278,0,1097.269764,0.19496404087232808
"Bitcoin Up or Down - February 4, 12:00PM-4:00PM ET - No 🔴",0,0.583758,0.755,682.543566,12226.067989,0,682.543566,0.05582690744187715
"Solana Up or Down - February 4, 3:45PM-4:00PM ET - No 🔴",0,0.305516,0.625,112.918517,179.054083,0,112.918517,0.6306391628053519
"XRP Up or Down - February 11, 5:45AM-6:00AM ET - Yes 🟢",0,0.6272,0.925,9.32,15.68,0,9.32,0.5943877551020409
"Ethereum Up or Down - February 11, 5AM ET - Yes 🟢",0,0.003212,0.0005,-0.75482,0.75482,0,-0.75482,-1
"Ethereum Up or Down - February 4, 3:45PM-4:00PM ET - Yes 🟢",0,0.547188,0.855,2006.364234,2424.534758,0,2006.364234,0.8275254571541185
"XRP Up or Down - February 4, 3:45PM-4:00PM ET - Yes 🟢",0,0.336562,0.275,-282.470454,282.470454,0,-282.470454,-1
"Ethereum Up or Down - February 4, 3:45PM-4:00PM ET - Yes 🟢",0,0.270026,0.145,-2474.480966,2474.480967,0,-2474.480966,-0.9999999995958749
"Ethereum Up or Down - February 11, 5:45AM-6:00AM ET - Yes 🟢",0,0.527699,0.325,-735.515128,735.515129,0,-735.515128,-0.9999999986404088
"Solana Up or Down - February 4, 3PM ET - No 🔴",0,0.996825,0.9995,-973.194103,1985.101229,0,-973.194103,-0.490249106082237
"XRP Up or Down - February 4, 1PM ET - Yes 🟢",0,0.981385,0.9995,-339.905675,1208.379141,0,-339.905675,-0.28129058460799766
"Solana Up or Down - February 4, 1PM ET - Yes 🟢",0,0.713929,0.9995,-364.197279,1332.604683,0,-364.197279,-0.27329731288359876
"Ethereum Up or Down - February 4, 2:00PM-2:15PM ET - No 🔴",0,0.096975,0.145,751.388614,180.884636,0,751.388614,4.153965923341327
"Solana Up or Down - February 11, 4AM ET - No 🔴",0,0.653654,0.9995,421.572522,795.627973,0,421.572522,0.5298613627301412
"XRP Up or Down - February 8, 4:45AM-5:00AM ET - Yes 🟢",0,0.483229,0.195,-167.018439,167.018439,0,-167.018439,-1
"XRP Up or Down - February 8, 4:45AM-5:00AM ET - Yes 🟢",0,0.535384,0.805,225.427037,259.762963,0,225.427037,0.86781823858392
"Ethereum Up or Down - February 11, 5AM ET - No 🔴",0,0.648056,0.9995,839.103575,1545.092705,0,839.103575,0.5430765236834122
"Ethereum Up or Down - February 4, 2:30PM-2:45PM ET - No 🔴",0,0.519936,0.005,-12.285032,235.992533,0,-12.285032,-0.052056867409444686
"Solana Up or Down - February 4, 2:30PM-2:45PM ET - No 🔴",0,0.425083,0.005,6.676782,40.457317,0,6.676782,0.1650327430264345
"Bitcoin Up or Down - February 4, 2:30PM-2:45PM ET - Yes 🟢",0,0.749806,0.995,1335.23755,9797.651322,0,1335.23755,0.13628139092904945
"Ethereum Up or Down - February 4, 2:30PM-2:45PM ET - Yes 🟢",0,0.788699,0.995,727.113162,3549.019198,0,727.113162,0.20487721295217404
"Solana Up or Down - February 4, 2:45PM-3:00PM ET - Yes 🟢",0,0.260996,0.235,532.730695,588.858905,0,532.730695,0.9046830921237404
"XRP Up or Down - February 4, 2:30PM-2:45PM ET - Yes 🟢",0,0.870345,0.995,-71.32673,316.96333,0,-71.32673,-0.22503148865832523
"Ethereum Up or Down - February 11, 5:00AM-5:15AM ET - Yes 🟢",0,0.138965,0.065,-38.865059,38.865059,0,-38.865059,-1
"Ethereum Up or Down - February 11, 5:15AM-5:30AM ET - Yes 🟢",0,0.59132,0.985,166.149498,240.402078,0,166.149498,0.6911317047766949
"Bitcoin Up or Down - February 11, 5:15AM-5:30AM ET - No 🔴",0,0.500718,0.035,-847.579201,847.579201,0,-847.579201,-1
"XRP Up or Down - February 4, 2PM ET - Yes 🟢",0,0.627105,0.9995,2.621266,669.581414,0,2.621266,0.0039147830946215595
"Bitcoin Up or Down - February 4, 2PM ET - Yes 🟢",0,0.63243,0.9995,109.804851,10711.796681,0,109.804851,0.010250834128952975
"Solana Up or Down - February 4, 2PM ET - No 🔴",0,0.031964,0.0005,389.458364,34.140006,0,389.458364,11.407682939481617
"XRP Up or Down - February 4, 2PM ET - No 🔴",0,0.403605,0.0005,89.423898,333.395617,0,89.423898,0.26822157653020373
"Ethereum Up or Down - February 4, 2PM ET - No 🔴",0,0.457403,0.0005,358.533733,3808.755279,0,358.533733,0.0941340954554933
"Bitcoin Up or Down - February 4, 2:45PM-3:00PM ET - Yes 🟢",0,0.610552,0.845,-3009.530616,31957.422354,0,-3009.530616,-0.0941731339487494
"Solana Up or Down - February 4, 2:45PM-3:00PM ET - Yes 🟢",0,0.781784,0.765,-612.532292,1823.756546,0,-612.532292,-0.3358629710437239
"XRP Up or Down - February 11, 5:00AM-5:15AM ET - Yes 🟢",0,0.509905,0.615,-19.651738,19.651739,0,-19.651738,-0.9999999491139182
"Ethereum Up or Down - February 4, 12:00PM-4:00PM ET - Yes 🟢",0,0.902616,0.9865,-28.993931,3307.006082,0,-28.993931,-0.00876742596810259
"XRP Up or Down - February 4, 2:00PM-2:15PM ET - Yes 🟢",0,0.589134,0.825,-55.546511,364.386262,0,-55.546511,-0.15243854336089105
"Solana Up or Down - February 8, 12:30AM-12:45AM ET - Yes 🟢",0,0.039234,0.075,-9.158375,9.158375,0,-9.158375,-1
"Ethereum Up or Down - February 8, 4:45AM-5:00AM ET - Yes 🟢",0,0.443196,0.115,-1076.86874,1076.868741,0,-1076.86874,-0.9999999990713816
"Solana Up or Down - February 11, 2:30AM-2:45AM ET - Yes 🟢",0,0.424996,0.005,-66.228153,66.228153,0,-66.228153,-1
"Solana Up or Down - February 8, 4:45AM-5:00AM ET - Yes 🟢",0,0.651398,0.47,-1362.839219,1362.83922,0,-1362.839219,-0.9999999992662376
"Bitcoin Up or Down - February 8, 12:30AM-12:45AM ET - No 🔴",0,0.710132,0.925,1440.805441,3529.751645,0,1440.805441,0.40818889993038027
"Ethereum Up or Down - February 8, 4:45AM-5:00AM ET - Yes 🟢",0,0.608347,0.885,1499.644171,2329.368173,0,1499.644171,0.6437986868639165
"Solana Up or Down - February 8, 4AM ET - Yes 🟢",0,0.407128,0.0005,-1321.402077,1321.402077,0,-1321.402077,-1
"Bitcoin Up or Down - February 8, 4:45AM-5:00AM ET - Yes 🟢",0,0.727247,0.495,-5257.466176,5257.466176,0,-5257.466176,-1
"Bitcoin Up or Down - February 11, 5:45AM-6:00AM ET - No 🔴",0,0.665886,0.9855,476.372639,949.406106,0,476.372639,0.5017585583128744
"Bitcoin Up or Down - February 4, 2:00PM-2:15PM ET - No 🔴",0,0.103797,0.065,2576.282661,1214.974038,0,2576.282661,2.1204425612590745
"Solana Up or Down - February 4, 2PM ET - Yes 🟢",0,0.76985,0.9995,-6.219797,1748.529511,0,-6.219797,-0.0035571587215836244
"Bitcoin Up or Down - February 4, 2:00PM-2:15PM ET - Yes 🟢",0,0.853273,0.935,-2677.669689,6475.929651,0,-2677.669689,-0.4134803546833649
"XRP Up or Down - February 4, 2:00PM-2:15PM ET - No 🔴",0,0.34905,0.175,174.501419,259.175414,0,174.501419,0.673294647462201
"XRP Up or Down - February 8, 4AM ET - Yes 🟢",0,0.379358,0.0005,-327.867236,327.867236,0,-327.867236,-1
"Ethereum Up or Down - February 4, 2:00PM-2:15PM ET - Yes 🟢",0,0.71391,0.855,-356.991588,1435.559898,0,-356.991588,-0.24867759854350566
"Bitcoin Up or Down - February 8, 4AM ET - Yes 🟢",0,0.246314,0.0005,-1390.085431,1390.085432,0,-1390.085431,-0.9999999992806197
"Solana Up or Down - February 4, 2:00PM-2:15PM ET - Yes 🟢",0,0.960772,0.9935,-260.52301,1256.54566,0,-260.52301,-0.20733270448763477
"Bitcoin Up or Down - February 8, 4:45AM-5:00AM ET - No 🔴",0,0.23259,0.505,3503.885641,1061.97308,0,3503.885641,3.2994109803611966
"Bitcoin Up or Down - February 11, 5:00AM-5:15AM ET - Yes 🟢",0,0.126658,0.193,-93.440836,93.440836,0,-93.440836,-1
"XRP Up or Down - February 4, 2:15PM-2:30PM ET - Yes 🟢",0,0.146644,0.335,225.148938,108.471362,0,225.148938,2.075653277037307
"Solana Up or Down - February 4, 2:00PM-2:15PM ET - No 🔴",0,0.238925,0.0065,162.227614,149.599736,0,162.227614,1.0844110981586224
"Solana Up or Down - February 4, 1:15PM-1:30PM ET - No 🔴",0,0.50753,0.035,-225.600205,377.935156,0,-225.600205,-0.5969283392095971
"XRP Up or Down - February 4, 1:30PM-1:45PM ET - Yes 🟢",0,0.658244,0.997,202.540112,456.560253,0,202.540112,0.4436218673639118
"Bitcoin Up or Down - February 4, 1PM ET - Yes 🟢",0,0.720383,0.9995,-845.328378,6900.253196,0,-845.328378,-0.12250686373219283
"Solana Up or Down - February 4, 1:30PM-1:45PM ET - No 🔴",0,0.098746,0.005,365.499792,270.013651,0,365.499792,1.35363449457598
"Bitcoin Up or Down - February 8, 4:30AM-4:45AM ET - Yes 🟢",0,0.314175,0.015,-1706.884738,1706.884739,0,-1706.884738,-0.9999999994141373
"Ethereum Up or Down - February 8, 4AM ET - Yes 🟢",0,0.368166,0.0005,-1382.97435,1382.97435,0,-1382.97435,-1
"Solana Up or Down - February 4, 1:45PM-2:00PM ET - Yes 🟢",0,0.631806,0.985,247.707258,625.844771,0,247.707258,0.39579664076157944
"Bitcoin Up or Down - February 11, 4:45AM-5:00AM ET - Yes 🟢",0,0.404623,0.515,1680.946296,1142.384629,0,1680.946296,1.4714363738169665
"Bitcoin Up or Down - February 4, 1PM ET - No 🔴",0,0.005837,0.0005,601.917294,41.135265,0,601.917294,14.632634407484673
"Ethereum Up or Down - February 4, 1:45PM-2:00PM ET - Yes 🟢",0,0.12533,0.015,-272.826953,272.826954,0,-272.826953,-0.999999996334673
"XRP Up or Down - February 11, 4:45AM-5:00AM ET - Yes 🟢",0,0.717811,0.625,15.044837,38.269918,0,15.044837,0.39312435945120133
"Bitcoin Up or Down - February 11, 4:45AM-5:00AM ET - No 🔴",0,0.633309,0.485,-2167.515123,2167.515123,0,-2167.515123,-1
"Ethereum Up or Down - February 4, 1PM ET - No 🔴",0,0.025831,0.0005,342.886467,348.165166,0,342.886467,0.9848385205773285
"Ethereum Up or Down - February 8, 4AM ET - No 🔴",0,0.652589,0.9995,1353.975038,2543.354173,0,1353.975038,0.5323580382054796
"Solana Up or Down - February 4, 1:45PM-2:00PM ET - Yes 🟢",0,0.119073,0.015,89.107597,27.905153,0,89.107597,3.1932309061340747
"Solana Up or Down - February 4, 1PM ET - No 🔴",0,0.033372,0.0005,603.598591,85.776022,0,603.598591,7.036915176597955
"Bitcoin Up or Down - February 11, 4AM ET - Yes 🟢",0,0.362976,0.0005,-2857.255973,2857.255973,0,-2857.255973,-1
"Ethereum Up or Down - February 11, 4:45AM-5:00AM ET - No 🔴",0,0.633679,0.775,249.7884,432.095522,0,249.7884,0.5780860649604233
"XRP Up or Down - February 11, 4:45AM-5:00AM ET - Yes 🟢",0,0.40368,0.375,-20.639919,20.63992,0,-20.639919,-0.9999999515501997
"Solana Up or Down - February 11, 2:30AM-2:45AM ET - Yes 🟢",0,0.692179,0.995,84.277193,189.509174,0,84.277193,0.4447129984324663
"Ethereum Up or Down - February 11, 4AM ET - No 🔴",0,0.685322,0.9995,1453.939291,3166.464079,0,1453.939291,0.4591680987769702
"Ethereum Up or Down - February 8, 12:30AM-12:45AM ET - Yes 🟢",0,0.756832,0.865,1042.018999,3243.162436,0,1042.018999,0.32129719666005646
"XRP Up or Down - February 4, 1:45PM-2:00PM ET - Yes 🟢",0,0.68048,0.985,-18.954033,309.853449,0,-18.954033,-0.061170960210935064
"Solana Up or Down - February 11, 5:00AM-5:15AM ET - Yes 🟢",0,0.367911,0.745,-162.79173,162.791731,0,-162.79173,-0.9999999938571819
"Ethereum Up or Down - February 11, 5:15AM-5:30AM ET - Yes 🟢",0,0.489299,0.015,-136.665852,136.665852,0,-136.665852,-1
"Solana Up or Down - February 11, 5:15AM-5:30AM ET - Yes 🟢",0,0.324039,0.015,-59.282898,59.282899,0,-59.282898,-0.9999999831317291
"Solana Up or Down - February 11, 5:15AM-5:30AM ET - Yes 🟢",0,0.730495,0.985,79.426432,215.285846,0,79.426432,0.3689347603464837
"XRP Up or Down - February 11, 5:15AM-5:30AM ET - Yes 🟢",0,0.694155,0.995,5.887516,13.362484,0,5.887516,0.44060041531200334
"Solana Up or Down - February 4, 12:00PM-4:00PM ET - Yes 🟢",0,0.909741,0.98,-302.468818,1753.511274,0,-302.468818,-0.17249322686704324
"Ethereum Up or Down - February 4, 2PM ET - Yes 🟢",0,0.640038,0.9995,-1140.11002,5338.038568,0,-1140.11002,-0.21358219980549228
"Bitcoin Up or Down - February 11, 5:15AM-5:30AM ET - Yes 🟢",0,0.583569,0.965,954.377562,1337.424831,0,954.377562,0.7135934221337932
"Ethereum Up or Down - February 4, 2:45PM-3:00PM ET - Yes 🟢",0,0.749037,0.965,603.956233,6581.988545,0,603.956233,0.09175893103897828
"Bitcoin Up or Down - February 4, 2PM ET - No 🔴",0,0.514323,0.0005,-172.807783,6291.564858,0,-172.807783,-0.027466582146136086
"Ethereum Up or Down - February 4, 2:15PM-2:30PM ET - Yes 🟢",0,0.39635,0.105,-238.056873,2030.415173,0,-238.056873,-0.11724541668404878
"Ethereum Up or Down - February 4, 2:45PM-3:00PM ET - Yes 🟢",0,0.279921,0.035,695.936451,905.38635,0,695.936451,0.7686624069382093
"XRP Up or Down - February 4, 2:45PM-3:00PM ET - Yes 🟢",0,0.847749,0.955,-159.468586,503.510958,0,-159.468586,-0.3167132382449559
"XRP Up or Down - February 11, 5:30AM-5:45AM ET - Yes 🟢",0,0.51,0.97,5.88,6.12,0,5.88,0.96078431372549
"Bitcoin Up or Down - February 4, 2:45PM-3:00PM ET - No 🔴",0,0.303017,0.155,9105.705784,14288.254366,0,9105.705784,0.6372860918313246
"Ethereum Up or Down - February 4, 3PM ET - No 🔴",0,0.995999,0.9995,-801.340842,1799.909442,0,-801.340842,-0.4452117552700743
"XRP Up or Down - February 4, 3:00PM-3:15PM ET - Yes 🟢",0,0.198021,0.0025,-28.109529,61.089479,0,-28.109529,-0.4601369902008823
"Solana Up or Down - February 4, 3:00PM-3:15PM ET - Yes 🟢",0,0.326922,0.0015,-379.294458,379.294459,0,-379.294458,-0.999999997363526
"XRP Up or Down - February 4, 3:00PM-3:15PM ET - No 🔴",0,0.985669,0.9975,-32.034677,65.014727,0,-32.034677,-0.4927295472608845
"Ethereum Up or Down - February 4, 3:00PM-3:15PM ET - No 🔴",0,0.99,0.9985,-42.93765,86.7537,0,-42.93765,-0.4949373917193157
"Ethereum Up or Down - February 11, 5:30AM-5:45AM ET - Yes 🟢",0,0.666674,0.985,52.860445,105.72438,0,52.860445,0.49998349481926496
"XRP Up or Down - February 4, 3PM ET - Yes 🟢",0,0.175558,0.0005,-41.650295,80.165295,0,-41.650295,-0.5195551890627983
"XRP Up or Down - February 4, 2:45PM-3:00PM ET - Yes 🟢",0,0.124598,0.045,187.480933,62.415417,0,187.480933,3.0037600005139757
"Solana Up or Down - February 4, 2:15PM-2:30PM ET - Yes 🟢",0,0.597525,0.345,-163.107826,977.579377,0,-163.107826,-0.1668486772916037
"Solana Up or Down - February 8, 4:45AM-5:00AM ET - Yes 🟢",0,0.329738,0.53,844.027467,415.222598,0,844.027467,2.0327108184030003
"Solana Up or Down - February 4, 8AM ET - Yes 🟢",0,0.003275,0.0005,258.070074,2.620163,0,258.070074,98.49390057030803
"Bitcoin Up or Down - February 4, 2:15PM-2:30PM ET - Yes 🟢",0,0.407802,0.025,1234.56671,5751.580839,0,1234.56671,0.21464824098945434
"XRP Up or Down - February 8, 12:30AM-12:45AM ET - Yes 🟢",0,0.770937,0.995,10.889063,36.648354,0,10.889063,0.2971228394050112
"Solana Up or Down - February 4, 2:15PM-2:30PM ET - Yes 🟢",0,0.676773,0.655,-87.368019,1522.410064,0,-87.368019,-0.05738796731969056
"XRP Up or Down - February 4, 2:15PM-2:30PM ET - Yes 🟢",0,0.776382,0.665,-184.205546,518.754866,0,-184.205546,-0.3550916975880473
"Solana Up or Down - February 8, 5AM ET - Yes 🟢",0,0.57,0.0005,-7.8318,7.8318,0,-7.8318,-1
"Solana Up or Down - February 8, 5:00AM-5:15AM ET - Yes 🟢",0,0.669999,0.945,8.373159,16.999974,0,8.373159,0.49253951800161566
"Ethereum Up or Down - February 4, 2:15PM-2:30PM ET - No 🔴",0,0.818491,0.895,-1139.904985,2942.152544,0,-1139.904985,-0.3874391174327907
"XRP Up or Down - February 4, 2:30PM-2:45PM ET - No 🔴",0,0.301183,0.005,46.830567,71.714083,0,46.830567,0.6530177203827594
"Bitcoin Up or Down - February 8, 5AM ET - Yes 🟢",0,0.609547,0.9995,95.392548,148.919951,0,95.392548,0.6405625798251842
"Solana Up or Down - February 11, 2:15AM-2:30AM ET - Yes 🟢",0,0.580761,0.695,214.14549,296.650238,0,214.14549,0.7218787061954085
"Solana Up or Down - February 11, 2:15AM-2:30AM ET - Yes 🟢",0,0.39867,0.305,-216.921455,216.921456,0,-216.921455,-0.9999999953900365
"Bitcoin Up or Down - February 11, 5:00AM-5:15AM ET - No 🔴",0,0.676303,0.807,259.198811,541.546365,0,259.198811,0.4786271827343905
"XRP Up or Down - February 8, 5:00AM-5:15AM ET - Yes 🟢",0,0.613049,0.885,12.453372,19.729959,0,12.453372,0.6311909720643616
"Bitcoin Up or Down - February 4, 2:15PM-2:30PM ET - No 🔴",0,0.852196,0.975,-4918.104858,11923.748414,0,-4918.104858,-0.41246298456159297
"Ethereum Up or Down - February 11, 5:00AM-5:15AM ET - Yes 🟢",0,0.769633,0.935,81.160183,271.148017,0,81.160183,0.299320584741728
"XRP Up or Down - February 11, 5:00AM-5:15AM ET - Yes 🟢",0,0.67041,0.385,13.55406,27.569944,0,13.55406,0.4916245023928957
"Solana Up or Down - February 4, 2:30PM-2:45PM ET - Yes 🟢",0,0.711151,0.995,212.590256,639.445645,0,212.590256,0.33246024531139
"Solana Up or Down - February 11, 5:00AM-5:15AM ET - Yes 🟢",0,0.694433,0.255,140.519964,319.346332,0,140.519964,0.44002372947249
"Bitcoin Up or Down - February 4, 2:30PM-2:45PM ET - No 🔴",0,0.32339,0.005,675.576553,1258.449647,0,675.576553,0.5368324069306207
"Ethereum Up or Down - February 8, 5AM ET - Yes 🟢",0,0.57,0.0005,-15.39,15.39,0,-15.39,-1
"XRP Up or Down - February 4, 4PM ET - Yes 🟢",0,0.194586,0.0005,80.927802,51.560898,0,80.927802,1.5695576520021044
"Bitcoin Up or Down - February 4, 4PM ET - No 🔴",0,0.645154,0.9995,566.535596,6450.24376,0,566.535596,0.08783165676827073
"Bitcoin Up or Down - February 4, 4:30PM-4:45PM ET - Yes 🟢",0,0.661079,0.955,-2166.424406,8782.879757,0,-2166.424406,-0.24666447292226087
"XRP Up or Down - February 8, 6AM ET - No 🔴",0,0.120395,0.0005,-14.959021,14.959021,0,-14.959021,-1
"Solana Up or Down - February 4, 4:30PM-4:45PM ET - Yes 🟢",0,0.694099,0.895,-193.193052,675.965952,0,-193.193052,-0.2858029334589917
"Solana Up or Down - February 4, 4:45PM-5:00PM ET - Yes 🟢",0,0.03543,0.0665,141.293334,11.749406,0,141.293334,12.025572526815397
"Bitcoin Up or Down - February 4, 4:45PM-5:00PM ET - Yes 🟢",0,0.53899,0.855,-42.805019,5023.346661,0,-42.805019,-0.008521215414482024
"Ethereum Up or Down - February 4, 4:45PM-5:00PM ET - No 🔴",0,0.5513,0.345,-238.825923,2045.758663,0,-238.825923,-0.11674198297162483
"Bitcoin Up or Down - February 4, 4:45PM-5:00PM ET - No 🔴",0,0.595089,0.145,-918.905036,5218.417882,0,-918.905036,-0.176088817871332
"XRP Up or Down - February 4, 4:45PM-5:00PM ET - Yes 🟢",0,0.51376,0.865,22.876275,117.72172,0,22.876275,0.1943250149590067
"XRP Up or Down - February 4, 4PM ET - No 🔴",0,0.702264,0.9995,-45.37628,205.470337,0,-45.37628,-0.22084102582651627
"Bitcoin Up or Down - February 4, 5:15PM-5:30PM ET - No 🔴",0,0.170125,0.0005,307.149019,158.439281,0,307.149019,1.938591345917557
"XRP Up or Down - February 11, 6:30AM-6:45AM ET - Yes 🟢",0,0.160634,0.035,-10.940955,10.940955,0,-10.940955,-1
"Solana Up or Down - February 8, 6:30AM-6:45AM ET - Yes 🟢",0,0.681882,0.94,200.669952,430.133563,0,200.669952,0.4665293975211137
"Bitcoin Up or Down - February 11, 6:30AM-6:45AM ET - Yes 🟢",0,0.467456,0.015,-4849.11736,4849.117361,0,-4849.11736,-0.9999999997937771
"XRP Up or Down - February 8, 6:30AM-6:45AM ET - Yes 🟢",0,0.754355,0.91,32.140191,98.699808,0,32.140191,0.32563580062891306
"XRP Up or Down - February 4, 5:30PM-5:45PM ET - Yes 🟢",0,0.282683,0.0025,63.753688,84.111961,0,63.753688,0.7579622118190776
"Solana Up or Down - February 4, 5:30PM-5:45PM ET - Yes 🟢",0,0.430987,0.0005,22.410769,156.754282,0,22.410769,0.14296750757979293
"Bitcoin Up or Down - February 4, 5:15PM-5:30PM ET - Yes 🟢",0,0.78681,0.9995,601.046853,3936.578659,0,601.046853,0.15268254620693458
"Ethereum Up or Down - February 4, 5:15PM-5:30PM ET - Yes 🟢",0,0.080111,0.0045,161.622398,30.850553,0,161.622398,5.238881714697302
"Ethereum Up or Down - February 4, 5:00PM-5:15PM ET - Yes 🟢",0,0.234813,0.0015,389.713896,350.033104,0,389.713896,1.113362969235047
"Bitcoin Up or Down - February 4, 5:30PM-5:45PM ET - No 🔴",0,0.655537,0.9995,-353.249682,2860.602918,0,-353.249682,-0.12348784229269251
"Solana Up or Down - February 4, 4:45PM-5:00PM ET - No 🔴",0,0.922792,0.9335,-68.861651,1136.556955,0,-68.861651,-0.06058794563445348
"Ethereum Up or Down - February 4, 4:00PM-4:15PM ET - No 🔴",0,0.721042,0.985,-867.714148,2835.569437,0,-867.714148,-0.3060105447172655
"Bitcoin Up or Down - February 4, 4:00PM-4:15PM ET - Yes 🟢",0,0.458959,0.21,419.577254,4596.464069,0,419.577254,0.09128261370077079
"Bitcoin Up or Down - February 4, 4:00PM-4:15PM ET - No 🔴",0,0.292607,0.79,1410.175266,3588.760934,0,1410.175266,0.3929421022838185
"Solana Up or Down - February 4, 4:00PM-8:00PM ET - No 🔴",0,0.883117,0.995,-424.38841,1263.113575,0,-424.38841,-0.3359859464735782
"XRP Up or Down - February 4, 4:00PM-8:00PM ET - Yes 🟢",0,0.337457,0.005,150.990906,363.959258,0,150.990906,0.41485661562701615
"Bitcoin Up or Down - February 4, 4:15PM-4:30PM ET - Yes 🟢",0,0.093093,0.015,85.299642,19.557908,0,85.299642,4.361388856108741
"Solana Up or Down - February 4, 4:15PM-4:30PM ET - Yes 🟢",0,0.07,0.0145,167.88425,27.3637,0,167.88425,6.13529054915819
"XRP Up or Down - February 11, 4:00AM-8:00AM ET - No 🔴",0,0.461725,0.02,-694.550763,694.550763,0,-694.550763,-1
"Ethereum Up or Down - February 11, 6:00AM-6:15AM ET - Yes 🟢",0,0.398747,0.015,-57.339818,57.339819,0,-57.339818,-0.9999999825601126
"Ethereum Up or Down - February 4, 4:15PM-4:30PM ET - No 🔴",0,0.855401,0.985,-239.152688,1434.659738,0,-239.152688,-0.16669645189415638
"Ethereum Up or Down - February 11, 6:15AM-6:30AM ET - Yes 🟢",0,0.809899,0.9825,29.670964,126.409036,0,29.670964,0.2347218595987078
"Bitcoin Up or Down - February 11, 3:00AM-3:15AM ET - Yes 🟢",0,0.292594,0.065,-920.823372,920.823373,0,-920.823372,-0.9999999989140153
"Bitcoin Up or Down - February 11, 6:00AM-6:15AM ET - Yes 🟢",0,0.693966,0.935,214.493936,486.388764,0,214.493936,0.4409927857626251
"Solana Up or Down - February 11, 6:00AM-6:15AM ET - Yes 🟢",0,0.235153,0.005,-19.10903,19.109031,0,-19.10903,-0.9999999476687226
"Bitcoin Up or Down - February 8, 6:00AM-6:15AM ET - Yes 🟢",0,0.919674,0.945,24.705064,282.854935,0,24.705064,0.0873418171049411
"Bitcoin Up or Down - February 8, 6:00AM-6:15AM ET - No 🔴",0,0.035512,0.055,-18.273804,18.273805,0,-18.273804,-0.9999999452768593
"Solana Up or Down - February 8, 6:00AM-6:15AM ET - Yes 🟢",0,0.85049,0.885,27.780076,158.027407,0,27.780076,0.1757927724524392
"Solana Up or Down - February 8, 6:00AM-6:15AM ET - Yes 🟢",0,0.143394,0.115,-11.56616,11.56616,0,-11.56616,-1
"Ethereum Up or Down - February 11, 3:00AM-3:15AM ET - Yes 🟢",0,0.28953,0.045,-236.315054,236.315055,0,-236.315054,-0.9999999957683611
"Bitcoin Up or Down - February 11, 6AM ET - Yes 🟢",0,0.673153,0.9995,2131.774161,4390.464566,0,2131.774161,0.48554637646060894
"Solana Up or Down - February 11, 6:15AM-6:30AM ET - No 🔴",0,0.357492,0.015,-6.059489,6.059489,0,-6.059489,-1
"Bitcoin Up or Down - February 11, 6:15AM-6:30AM ET - No 🔴",0,0.249277,0.0105,-182.452943,182.452944,0,-182.452943,-0.9999999945191348
"XRP Up or Down - February 4, 4:15PM-4:30PM ET - Yes 🟢",0,0.866799,0.9895,-100.273705,260.605494,0,-100.273705,-0.38477203017063016
"Bitcoin Up or Down - February 4, 6:00PM-6:15PM ET - No 🔴",0,0.202388,0.065,-739.071255,1433.759256,0,-739.071255,-0.5154779311150964
"Solana Up or Down - February 4, 6PM ET - No 🔴",0,0.538933,0.0005,-89.347567,1236.800468,0,-89.347567,-0.07224089035516115
"Ethereum Up or Down - February 4, 6PM ET - Yes 🟢",0,0.7705,0.9995,257.079685,4194.942378,0,257.079685,0.06128324583151163
"XRP Up or Down - February 4, 6:15PM-6:30PM ET - No 🔴",0,0.289375,0.0005,176.284398,243.283202,0,176.284398,0.7246057128103732
"Ethereum Up or Down - February 4, 6:15PM-6:30PM ET - No 🔴",0,0.376964,0.015,451.990528,1426.017272,0,451.990528,0.31696006554400274
"Ethereum Up or Down - February 11, 6:45AM-7:00AM ET - Yes 🟢",0,0.02,0.025,-2.1,2.1,0,-2.1,-1
"Solana Up or Down - February 11, 6:45AM-7:00AM ET - Yes 🟢",0,0.510113,0.175,-199.944494,199.944495,0,-199.944494,-0.999999994998612
"Solana Up or Down - February 8, 6:45AM-7:00AM ET - Yes 🟢",0,0.34394,0.04,-410.498376,410.498376,0,-410.498376,-1
"Solana Up or Down - February 8, 6:45AM-7:00AM ET - Yes 🟢",0,0.658135,0.96,516.739663,994.791682,0,516.739663,0.5194450982552545
"Ethereum Up or Down - February 8, 1:45AM-2:00AM ET - Yes 🟢",0,0.66487,0.865,1152.465866,2286.396266,0,1152.465866,0.5040534237821398
"Solana Up or Down - February 4, 5:30PM-5:45PM ET - No 🔴",0,0.66744,0.9995,224.970701,811.090827,0,224.970701,0.27736807458679347
"Ethereum Up or Down - February 8, 7:00AM-7:15AM ET - Yes 🟢",0,0.387271,0.205,-338.022083,338.022083,0,-338.022083,-1
"Ethereum Up or Down - February 11, 4:00AM-8:00AM ET - Yes 🟢",0,0.462684,0.68,3849.210649,3314.563832,0,3849.210649,1.1613023143010028
"Bitcoin Up or Down - February 8, 7:00AM-7:15AM ET - Yes 🟢",0,0.352322,0.185,-2508.034353,2508.034353,0,-2508.034353,-1
"XRP Up or Down - February 8, 7:00AM-7:15AM ET - Yes 🟢",0,0.304878,0.025,-61.609746,61.609746,0,-61.609746,-1
"XRP Up or Down - February 8, 7:00AM-7:15AM ET - Yes 🟢",0,0.681088,0.975,71.838117,153.421883,0,71.838117,0.46823905166122876
"XRP Up or Down - February 8, 7:15AM-7:30AM ET - Yes 🟢",0,0.57044,0.535,25.442838,33.787161,0,25.442838,0.7530327274315826
"Bitcoin Up or Down - February 11, 7:00AM-7:15AM ET - No 🔴",0,0.534667,0.235,-5264.728881,5264.728882,0,-5264.728881,-0.9999999998100566
"XRP Up or Down - February 11, 7:00AM-7:15AM ET - Yes 🟢",0,0.298969,0.03,-52.360773,52.360774,0,-52.360773,-0.9999999809017338
"Ethereum Up or Down - February 8, 7:15AM-7:30AM ET - Yes 🟢",0,0.131441,0.285,-92.356483,92.356483,0,-92.356483,-1
"Ethereum Up or Down - February 11, 7:00AM-7:15AM ET - Yes 🟢",0,0.223576,0.015,-142.469763,142.469763,0,-142.469763,-1
"Solana Up or Down - February 11, 4:00AM-8:00AM ET - No 🔴",0,0.58698,0.13,-1597.034268,1597.034269,0,-1597.034268,-0.9999999993738394
"XRP Up or Down - February 11, 7:00AM-7:15AM ET - Yes 🟢",0,0.75395,0.97,43.94453,134.65547,0,43.94453,0.32634790105444655
"Bitcoin Up or Down - February 8, 6:30AM-6:45AM ET - No 🔴",0,0.094608,0.235,-327.500477,327.500478,0,-327.500477,-0.9999999969465694
"Bitcoin Up or Down - February 8, 6:30AM-6:45AM ET - Yes 🟢",0,0.576635,0.765,1598.242781,2176.851479,0,1598.242781,0.734199276532269
"Bitcoin Up or Down - February 11, 6:45AM-7:00AM ET - No 🔴",0,0.440396,0.055,-40.661762,40.661763,0,-40.661762,-0.9999999754068708
"Ethereum Up or Down - February 8, 6:30AM-6:45AM ET - Yes 🟢",0,0.001258,0.035,-1.878132,1.878132,0,-1.878132,-1
"XRP Up or Down - February 4, 5PM ET - Yes 🟢",0,0.572705,0.0005,-134.322413,996.96858,0,-134.322413,-0.13473083875923153
"Bitcoin Up or Down - February 11, 6:45AM-7:00AM ET - Yes 🟢",0,0.630912,0.945,2248.260971,3843.1345,0,2248.260971,0.5850071005841716
"XRP Up or Down - February 8, 6:45AM-7:00AM ET - Yes 🟢",0,0.587281,0.025,-46.340416,46.340417,0,-46.340416,-0.9999999784205652
"Ethereum Up or Down - February 4, 5:45PM-6:00PM ET - No 🔴",0,0.67125,0.975,-130.351947,1332.563261,0,-130.351947,-0.09782045687060253
"Ethereum Up or Down - February 4, 5PM ET - Yes 🟢",0,0.499445,0.0005,-391.180659,4113.88135,0,-391.180659,-0.0950879779262472
"Ethereum Up or Down - February 8, 6AM ET - No 🔴",0,0.002463,0.0005,-1.268375,1.268375,0,-1.268375,-1
"XRP Up or Down - February 8, 6:45AM-7:00AM ET - Yes 🟢",0,0.547595,0.975,52.705182,63.794818,0,52.705182,0.826167134766338
"Solana Up or Down - February 4, 5:45PM-6:00PM ET - No 🔴",0,0.655256,0.925,-188.346187,1058.129629,0,-188.346187,-0.1779991617643286
"Bitcoin Up or Down - February 4, 5PM ET - Yes 🟢",0,0.327278,0.0005,1996.494738,6133.308997,0,1996.494738,0.32551673802453945
"XRP Up or Down - February 4, 5:45PM-6:00PM ET - Yes 🟢",0,0.363135,0.015,63.505434,170.761466,0,63.505434,0.3718955774249444
"Solana Up or Down - February 4, 5PM ET - Yes 🟢",0,0.482485,0.0005,-135.649095,2477.783926,0,-135.649095,-0.05474613568059767
"Solana Up or Down - February 11, 6AM ET - No 🔴",0,0.020402,0.0005,-21.581712,21.581712,0,-21.581712,-1
"Solana Up or Down - February 4, 5:45PM-6:00PM ET - Yes 🟢",0,0.533492,0.075,-56.509951,801.560453,0,-56.509951,-0.07049992397766161
"Ethereum Up or Down - February 4, 5:45PM-6:00PM ET - Yes 🟢",0,0.609837,0.025,-178.471285,961.456636,0,-178.471285,-0.1856259328995884
"Bitcoin Up or Down - February 8, 6AM ET - No 🔴",0,0.077519,0.0005,-184.245697,184.245697,0,-184.245697,-1
"Ethereum Up or Down - February 4, 6PM ET - No 🔴",0,0.270505,0.0005,455.510697,536.909004,0,455.510697,0.8483945949991927
"XRP Up or Down - February 4, 6:00PM-6:15PM ET - Yes 🟢",0,0.396117,0.425,42.770478,158.750491,0,42.770478,0.26941950056708797
"Ethereum Up or Down - February 8, 1AM ET - Yes 🟢",0,0.352819,0.0005,-1919.579879,3460.575763,0,-1919.579879,-0.5546995674892843
"XRP Up or Down - February 4, 5PM ET - No 🔴",0,0.622864,0.9995,53.286591,1100.250587,0,53.286591,0.04843132249108266
"XRP Up or Down - February 4, 4:30PM-4:45PM ET - No 🔴",0,0.163653,0.035,254.930123,122.76488,0,254.930123,2.0765720864142905
"Ethereum Up or Down - February 4, 4:30PM-4:45PM ET - Yes 🟢",0,0.593991,0.635,-444.398085,2676.385386,0,-444.398085,-0.1660441307610697
"Bitcoin Up or Down - February 4, 4:30PM-4:45PM ET - No 🔴",0,0.255737,0.045,3247.858045,3389.487204,0,3247.858045,0.9582151663434927
"XRP Up or Down - February 4, 4:30PM-4:45PM ET - Yes 🟢",0,0.731555,0.965,-172.940946,545.399496,0,-172.940946,-0.31709040303183555
"Solana Up or Down - February 4, 4:30PM-4:45PM ET - No 🔴",0,0.530573,0.105,94.395693,652.348654,0,94.395693,0.1447012918953612
"Solana Up or Down - February 8, 4:00AM-8:00AM ET - No 🔴",0,0.762268,0.9805,174.264696,558.765341,0,174.264696,0.3118745620265663
"Ethereum Up or Down - February 4, 4:45PM-5:00PM ET - Yes 🟢",0,0.681145,0.655,-476.764884,2890.817387,0,-476.764884,-0.16492390219597083
"Bitcoin Up or Down - February 8, 6AM ET - Yes 🟢",0,0.715225,0.9995,865.980186,2174.947517,0,865.980186,0.3981614173359384
"XRP Up or Down - February 4, 4:00PM-8:00PM ET - No 🔴",0,0.93779,0.995,-77.654904,1067.225773,0,-77.654904,-0.07276333271235572
"Solana Up or Down - February 8, 6:15AM-6:30AM ET - Yes 🟢",0,0.530575,0.765,-1013.896525,1013.896525,0,-1013.896525,-1
"Ethereum Up or Down - February 4, 4:00PM-4:15PM ET - Yes 🟢",0,0.233526,0.015,999.558767,965.185483,0,999.558767,1.035613138205478
"XRP Up or Down - February 8, 6:15AM-6:30AM ET - Yes 🟢",0,0.203529,0.11,-38.629804,38.629804,0,-38.629804,-1
"Solana Up or Down - February 4, 5:00PM-5:15PM ET - No 🔴",0,0.882263,0.9945,-261.982644,1141.06441,0,-261.982644,-0.22959496563388565
"Ethereum Up or Down - February 8, 6AM ET - Yes 🟢",0,0.81438,0.9995,331.513956,1454.467924,0,331.513956,0.2279279938249089
"XRP Up or Down - February 4, 5:00PM-5:15PM ET - Yes 🟢",0,0.182208,0.005,193.459478,110.922771,0,193.459478,1.7440916437257052
"Ethereum Up or Down - February 8, 6:15AM-6:30AM ET - Yes 🟢",0,0.485575,0.825,-1433.123951,1433.123951,0,-1433.123951,-1
"XRP Up or Down - February 8, 6:15AM-6:30AM ET - Yes 🟢",0,0.726438,0.89,67.017218,177.962781,0,67.017218,0.37657996589747605
"Bitcoin Up or Down - February 4, 5:00PM-5:15PM ET - Yes 🟢",0,0.292324,0.0005,454.185103,640.315847,0,454.185103,0.7093141691369073
"Ethereum Up or Down - February 8, 6:15AM-6:30AM ET - Yes 🟢",0,0.609904,0.175,1222.744548,1911.726322,0,1222.744548,0.6396022976347343
"Solana Up or Down - February 8, 6:15AM-6:30AM ET - Yes 🟢",0,0.640408,0.235,745.137696,1327.037704,0,745.137696,0.561504540341229
"Bitcoin Up or Down - February 8, 6:15AM-6:30AM ET - No 🔴",0,0.347392,0.705,-4898.293493,4898.293493,0,-4898.293493,-1
"Bitcoin Up or Down - February 8, 6:15AM-6:30AM ET - Yes 🟢",0,0.65297,0.295,4951.07841,9315.925625,0,4951.07841,0.5314639263234779
"XRP Up or Down - February 11, 6AM ET - Yes 🟢",0,0.894393,0.9995,36.27012,307.174161,0,36.27012,0.11807672846545186
"Solana Up or Down - February 4, 4:00PM-4:15PM ET - Yes 🟢",0,0.149472,0.025,354.710445,151.612255,0,354.710445,2.3395895338407833
"XRP Up or Down - February 4, 4:00PM-4:15PM ET - Yes 🟢",0,0.899574,0.985,-182.676661,429.148642,0,-182.676661,-0.42567223363134865
"Ethereum Up or Down - February 4, 1:30PM-1:45PM ET - Yes 🟢",0,0.583945,0.0105,-30.507874,197.420126,0,-30.507874,-0.1545327450555877
"XRP Up or Down - February 11, 6AM ET - No 🔴",0,0.088785,0.0005,-20.962496,20.962496,0,-20.962496,-1
"Bitcoin Up or Down - February 11, 6:00AM-6:15AM ET - No 🔴",0,0.246849,0.065,-63.126444,63.126444,0,-63.126444,-1
"Ethereum Up or Down - February 4, 4:15PM-4:30PM ET - Yes 🟢",0,0.424047,0.015,67.970697,413.700253,0,67.970697,0.16429938465616556
"XRP Up or Down - February 4, 4:15PM-4:30PM ET - Yes 🟢",0,0.188397,0.0105,87.433487,52.887462,0,87.433487,1.6531987676020452
"Ethereum Up or Down - February 11, 6AM ET - No 🔴",0,0.426873,0.0005,-645.478412,645.478413,0,-645.478412,-0.9999999984507615
"Bitcoin Up or Down - February 4, 4:15PM-4:30PM ET - No 🔴",0,0.878573,0.985,241.386397,2505.213691,0,241.386397,0.09635361560859361
"Solana Up or Down - February 11, 6:00AM-6:15AM ET - Yes 🟢",0,0.717862,0.995,51.860456,131.951921,0,51.860456,0.39302539596979424
"Ethereum Up or Down - February 4, 4:30PM-4:45PM ET - Yes 🟢",0,0.491659,0.365,830.79289,2962.270298,0,830.79289,0.28045816432110077
"Bitcoin Up or Down - February 4, 4PM ET - Yes 🟢",0,0.302059,0.0005,1180.207923,1801.003527,0,1180.207923,0.6553057255617467
"Solana Up or Down - February 11, 6AM ET - Yes 🟢",0,0.850045,0.9995,173.310426,982.439142,0,173.310426,0.17640830723334516
"Ethereum Up or Down - February 11, 6:00AM-6:15AM ET - Yes 🟢",0,0.720337,0.985,90.51801,233.150156,0,90.51801,0.3882391140240112
"Ethereum Up or Down - February 8, 6:00AM-6:15AM ET - Yes 🟢",0,0.956756,0.955,16.456936,364.103063,0,16.456936,0.04519856511067032
"Ethereum Up or Down - February 11, 6AM ET - Yes 🟢",0,0.692037,0.9995,1186.257934,2665.691599,0,1186.257934,0.4450094431197552
"Ethereum Up or Down - February 4, 4PM ET - Yes 🟢",0,0.063578,0.0005,561.167904,81.750996,0,561.167904,6.864355560879038
"Ethereum Up or Down - February 11, 6:15AM-6:30AM ET - Yes 🟢",0,0.123404,0.0175,-11.229764,11.229764,0,-11.229764,-1
"XRP Up or Down - February 8, 6AM ET - Yes 🟢",0,0.833739,0.9995,33.950496,170.249504,0,33.950496,0.19941612282171467
"Solana Up or Down - February 11, 6:15AM-6:30AM ET - Yes 🟢",0,0.820174,0.985,21.83079,99.568731,0,21.83079,0.2192534722572692
"Solana Up or Down - February 4, 4PM ET - Yes 🟢",0,0.173422,0.0005,447.078681,237.411219,0,447.078681,1.8831404972483632
"Bitcoin Up or Down - February 11, 6:15AM-6:30AM ET - Yes 🟢",0,0.649206,0.9895,352.253147,651.906409,0,352.253147,0.5403431261557056
"Solana Up or Down - February 4, 4:15PM-4:30PM ET - No 🔴",0,0.899043,0.9855,-132.311137,560.465361,0,-132.311137,-0.23607370982557474
"Ethereum Up or Down - February 4, 3PM ET - Yes 🟢",0,0.122087,0.0005,313.945819,524.68904,0,313.945819,0.5983464396359413
"Bitcoin Up or Down - February 11, 5AM ET - No 🔴",0,0.636402,0.9995,4735.676234,8288.807493,0,4735.676234,0.571333842413319
"XRP Up or Down - February 11, 5:45AM-6:00AM ET - Yes 🟢",0,0.65,0.075,-9.75,9.75,0,-9.75,-1
"Bitcoin Up or Down - February 4, 3PM ET - No 🔴",0,0.998004,0.9995,-1807.228638,4290.071767,0,-1807.228638,-0.42125836959221197
"Solana Up or Down - February 4, 3:45PM-4:00PM ET - Yes 🟢",0,0.288089,0.375,749.379599,421.403959,0,749.379599,1.7782927354984814
"Solana Up or Down - February 11, 5AM ET - No 🔴",0,0.641531,0.9995,813.981334,1456.734779,0,813.981334,0.5587711268613845
"Bitcoin Up or Down - February 4, 3:45PM-4:00PM ET - No 🔴",0,0.798065,0.735,3504.938397,13851.826885,0,3504.938397,0.2530307681505507
"Bitcoin Up or Down - February 4, 3:45PM-4:00PM ET - Yes 🟢",0,0.255139,0.265,-5093.385008,5093.385008,0,-5093.385008,-1
"XRP Up or Down - February 4, 3:45PM-4:00PM ET - No 🔴",0,0.621173,0.725,262.199563,429.9358,0,262.199563,0.6098574787212417
"XRP Up or Down - February 11, 5AM ET - Yes 🟢",0,0.352227,0.0005,-434.976822,434.976822,0,-434.976822,-1
"Solana Up or Down - February 4, 5:00PM-5:15PM ET - Yes 🟢",0,0.181135,0.0055,263.582681,150.673719,0,263.582681,1.7493606897696603
"XRP Up or Down - February 4, 4:00PM-4:15PM ET - Yes 🟢",0,0.212438,0.015,132.528041,98.05761,0,132.528041,1.3515324409803582
"Ethereum Up or Down - February 4, 4PM ET - No 🔴",0,0.553834,0.9995,-14.36626,780.233866,0,-14.36626,-0.018412761386084206
"Solana Up or Down - February 11, 5:45AM-6:00AM ET - No 🔴",0,0.539386,0.255,-226.526744,226.526744,0,-226.526744,-1
"Ethereum Up or Down - February 11, 5:45AM-6:00AM ET - Yes 🟢",0,0.370396,0.675,782.385159,460.277148,0,782.385159,1.699813172128198
"Bitcoin Up or Down - February 11, 5:45AM-6:00AM ET - Yes 🟢",0,0.258232,0.0145,-356.677087,356.677088,0,-356.677087,-0.9999999971963435
"Solana Up or Down - February 11, 5:45AM-6:00AM ET - Yes 🟢",0,0.531464,0.745,219.28192,248.733174,0,219.28192,0.8815949898182862
"XRP Up or Down - February 11, 5AM ET - No 🔴",0,0.594635,0.9995,506.754134,743.363993,0,506.754134,0.6817039011465813
"Solana Up or Down - February 4, 4:00PM-4:15PM ET - Yes 🟢",0,0.909397,0.975,-379.580148,1272.135537,0,-379.580148,-0.2983802723530079
"Solana Up or Down - February 4, 4PM ET - No 🔴",0,0.66631,0.9995,-200.513317,966.401261,0,-200.513317,-0.20748453576365936
"Bitcoin Up or Down - February 11, 6AM ET - No 🔴",0,0.198483,0.0005,-13.971571,13.971572,0,-13.971571,-0.9999999284260926
"XRP Up or Down - February 11, 6:00AM-6:15AM ET - Yes 🟢",0,0.64,0.985,3.6,6.4,0,3.6,0.5625
"Solana Up or Down - February 11, 5AM ET - Yes 🟢",0,0.358817,0.0005,-759.001677,759.001678,0,-759.001677,-0.99999999868248
"Ethereum Up or Down - February 4, 5:00PM-5:15PM ET - No 🔴",0,0.862684,0.9985,-507.578601,1458.591593,0,-507.578601,-0.3479922710619929
"XRP Up or Down - February 4, 5:00PM-5:15PM ET - No 🔴",0,0.892571,0.995,-213.233866,757.303936,0,-213.233866,-0.28156973160113086
"Bitcoin Up or Down - February 4, 5:00PM-5:15PM ET - No 🔴",0,0.786781,0.9995,340.186663,5294.016735,0,340.186663,0.06425870563478678
"Solana Up or Down - February 4, 5:15PM-5:30PM ET - No 🔴",0,0.112483,0.003,137.024633,39.838617,0,137.024633,3.439492716325971
"XRP Up or Down - February 4, 5:15PM-5:30PM ET - Yes 🟢",0,0.814912,0.997,-45.955089,380.622748,0,-45.955089,-0.12073658035803998
"Ethereum Up or Down - February 4, 5:15PM-5:30PM ET - Yes 🟢",0,0.603929,0.9955,173.026963,557.314212,0,173.026963,0.31046572880147544
"Solana Up or Down - February 4, 5:15PM-5:30PM ET - Yes 🟢",0,0.773464,0.997,-39.729465,468.217174,0,-39.729465,-0.08485264361533222
"XRP Up or Down - February 4, 5:15PM-5:30PM ET - Yes 🟢",0,0.122504,0.003,99.954109,32.450442,0,99.954109,3.0802079367670867
"Solana Up or Down - February 8, 6AM ET - No 🔴",0,0.180398,0.0005,-76.849548,76.849548,0,-76.849548,-1
"Solana Up or Down - February 8, 6:30AM-6:45AM ET - Yes 🟢",0,0.44211,0.06,-38.713272,38.713273,0,-38.713272,-0.999999974169066
"Ethereum Up or Down - February 8, 6:30AM-6:45AM ET - Yes 🟢",0,0.670756,0.965,578.571675,1178.701579,0,578.571675,0.4908550945446727
"XRP Up or Down - February 4, 3PM ET - No 🔴",0,0.997,0.9995,-38.28391,76.79891,0,-38.28391,-0.4984954864593781
"Ethereum Up or Down - February 11, 6:30AM-6:45AM ET - Yes 🟢",0,0.345897,0.035,-131.947048,131.947048,0,-131.947048,-1
"XRP Up or Down - February 11, 6:30AM-6:45AM ET - Yes 🟢",0,0.781001,0.965,30.629373,109.231417,0,30.629373,0.28040808991794003
"Ethereum Up or Down - February 4, 3:15PM-3:30PM ET - Yes 🟢",0,0.554558,0.585,-74.659326,846.132535,0,-74.659326,-0.0882359712122404
"Ethereum Up or Down - February 4, 3:15PM-3:30PM ET - No 🔴",0,0.151242,0.415,219.85173,356.321818,0,219.85173,0.6170032787607747
"Solana Up or Down - February 4, 3:30PM-3:45PM ET - Yes 🟢",0,0.191436,0.615,205.222811,315.997638,0,205.222811,0.649444129705805
"Bitcoin Up or Down - February 4, 3:30PM-3:45PM ET - Yes 🟢",0,0.662874,0.715,-2223.073059,9082.866658,0,-2223.073059,-0.24475456292666845
"Solana Up or Down - February 4, 3:30PM-3:45PM ET - No 🔴",0,0.503062,0.385,-2.461618,525.151741,0,-2.461618,-0.004687441377062863
"XRP Up or Down - February 4, 3:30PM-3:45PM ET - No 🔴",0,0.40182,0.345,89.643838,364.192241,0,89.643838,0.24614428290359983
"Bitcoin Up or Down - February 4, 3:30PM-3:45PM ET - No 🔴",0,0.200018,0.285,1122.955629,5719.502871,0,1122.955629,0.19633797802494363
"Bitcoin Up or Down - February 8, 1AM ET - No 🔴",0,0.018104,0.0005,-477.837899,182.518508,0,-477.837899,-1
"XRP Up or Down - February 4, 3:15PM-3:30PM ET - Yes 🟢",0,0.41829,0.39,14.988339,197.075471,0,14.988339,0.07605380275863961
"Solana Up or Down - February 8, 6AM ET - Yes 🟢",0,0.794941,0.9995,214.438345,831.301394,0,214.438345,0.2579549926750153
"XRP Up or Down - February 4, 10:45AM-11:00AM ET - Yes 🟢",0,0.658987,0.67,-113.034332,560.873504,0,-113.034332,-0.2015326650195977
"Bitcoin Up or Down - February 4, 8:00AM-12:00PM ET - No 🔴",0,0.704457,0.9995,620.515629,6321.055161,0,620.515629,0.09816646322412942
"Bitcoin Up or Down - February 4, 10AM ET - Yes 🟢",0,0.527983,0.0005,-1507.89649,10762.505172,0,-1507.89649,-0.14010645903548377
"Solana Up or Down - February 4, 10:45AM-11:00AM ET - Yes 🟢",0,0.589577,0.845,-318.043247,2221.607787,0,-318.043247,-0.1431590440315647
"Bitcoin Up or Down - February 4, 10AM ET - No 🔴",0,0.711828,0.9995,-1760.901153,16324.547302,0,-1760.901153,-0.10786829921980522
"Bitcoin Up or Down - February 4, 10:45AM-11:00AM ET - Yes 🟢",0,0.148724,0.015,6774.115484,2974.670465,0,6774.115484,2.2772658564047026
"Solana Up or Down - February 4, 10:45AM-11:00AM ET - No 🔴",0,0.635474,0.155,-583.414622,2447.988573,0,-583.414622,-0.238324078974367
"Bitcoin Up or Down - February 4, 10:45AM-11:00AM ET - No 🔴",0,0.761677,0.985,-5081.553786,14916.409215,0,-5081.553786,-0.34066870335589683
"Solana Up or Down - February 11, 3:45AM-4:00AM ET - No 🔴",0,0.569691,0.96,76.14006,100.802696,0,76.14006,0.7553375358135264
"Solana Up or Down - February 8, 3:00AM-3:15AM ET - Yes 🟢",0,0.59701,0.145,-952.723333,952.723334,0,-952.723333,-0.9999999989503775
"Ethereum Up or Down - February 4, 1:30PM-1:45PM ET - Yes 🟢",0,0.73367,0.9895,1009.351947,3240.302457,0,1009.351947,0.3114992999556276
"Bitcoin Up or Down - February 11, 3AM ET - No 🔴",0,0.622626,0.9995,6289.605477,10377.164034,0,6289.605477,0.606100612498037
"Solana Up or Down - February 8, 3AM ET - No 🔴",0,0.56065,0.0005,-1496.384238,1496.384238,0,-1496.384238,-1
"XRP Up or Down - February 11, 3AM ET - No 🔴",0,0.450442,0.0005,-647.405967,647.405967,0,-647.405967,-1
"XRP Up or Down - February 8, 3AM ET - Yes 🟢",0,0.58546,0.9995,271.438719,383.356281,0,271.438719,0.7080586192351964
"Bitcoin Up or Down - February 4, 11:00AM-11:15AM ET - No 🔴",0,0.655894,0.625,-2319.046183,12187.924712,0,-2319.046183,-0.1902740817488568
"Solana Up or Down - February 11, 3AM ET - Yes 🟢",0,0.596245,0.9995,1368.134345,2020.39173,0,1368.134345,0.6771629108776841
"Bitcoin Up or Down - February 11, 3AM ET - Yes 🟢",0,0.489522,0.0005,-5234.806659,5234.80666,0,-5234.806659,-0.9999999998089709
"Ethereum Up or Down - February 11, 3AM ET - Yes 🟢",0,0.487578,0.0005,-1722.761805,1722.761806,0,-1722.761805,-0.9999999994195368
"Ethereum Up or Down - February 8, 3:00AM-3:15AM ET - Yes 🟢",0,0.574374,0.845,1874.473095,2529.564946,0,1874.473095,0.7410258819264963
"Bitcoin Up or Down - February 4, 11AM ET - No 🔴",0,0.751321,0.9995,-3201.179936,13971.848399,0,-3201.179936,-0.22911642358137216
"Bitcoin Up or Down - February 11, 3:45AM-4:00AM ET - Yes 🟢",0,0.177657,0.045,-272.246244,272.246245,0,-272.246244,-0.9999999963268548
"Ethereum Up or Down - February 11, 3AM ET - No 🔴",0,0.588692,0.9995,2310.207934,3306.52681,0,2310.207934,0.698681143916084
"Bitcoin Up or Down - February 11, 3:30AM-3:45AM ET - Yes 🟢",0,0.580749,0.895,641.41265,888.488651,0,641.41265,0.7219142858809572
"Ethereum Up or Down - February 11, 3:30AM-3:45AM ET - Yes 🟢",0,0.748477,0.935,154.046964,458.409808,0,154.046964,0.3360463962847845
"Solana Up or Down - February 11, 3:30AM-3:45AM ET - Yes 🟢",0,0.751985,0.935,45.849555,139.016503,0,45.849555,0.3298137559970129
"Bitcoin Up or Down - February 11, 3:30AM-3:45AM ET - No 🔴",0,0.463212,0.105,-522.007484,522.007485,0,-522.007484,-0.9999999980843186
"Solana Up or Down - February 4, 10:30AM-10:45AM ET - Yes 🟢",0,0.058443,0.006,541.185597,71.647753,0,541.185597,7.553420370349927
"Ethereum Up or Down - February 8, 2:45AM-3:00AM ET - No 🔴",0,0.384343,0.0005,-535.850148,535.850149,0,-535.850148,-0.9999999981338066
"XRP Up or Down - February 8, 2AM ET - No 🔴",0,0.492325,0.0005,-421.292418,421.292418,0,-421.292418,-1
"Solana Up or Down - February 8, 2:45AM-3:00AM ET - Yes 🟢",0,0.671458,0.995,195.676846,399.914726,0,195.676846,0.48929642565850406
"XRP Up or Down - February 8, 2AM ET - Yes 🟢",0,0.604394,0.9995,384.679024,587.700122,0,384.679024,0.6545498454056813
"Ethereum Up or Down - February 8, 2AM ET - No 🔴",0,0.526545,0.0005,-5370.456257,5370.456257,0,-5370.456257,-1
"XRP Up or Down - February 4, 10:45AM-11:00AM ET - Yes 🟢",0,0.500451,0.33,-3.53517,406.810671,0,-3.53517,-0.008689963789076712
"Ethereum Up or Down - February 8, 2:45AM-3:00AM ET - Yes 🟢",0,0.732438,0.9995,548.875827,1502.520961,0,548.875827,0.36530327446127386
"Solana Up or Down - February 8, 2AM ET - No 🔴",0,0.634023,0.0005,-2819.919675,2819.919676,0,-2819.919675,-0.9999999996453801
"Ethereum Up or Down - February 4, 10:30AM-10:45AM ET - No 🔴",0,0.826238,0.9965,-1292.7276,3293.603724,0,-1292.7276,-0.39249639857402585
"Solana Up or Down - February 8, 2AM ET - Yes 🟢",0,0.473204,0.9995,2827.800417,2540.122683,0,2827.800417,1.1132534802060188
"XRP Up or Down - February 8, 2:45AM-3:00AM ET - Yes 🟢",0,0.618167,0.98,135.624404,219.568585,0,135.624404,0.6176858315136475
"XRP Up or Down - February 4, 10:30AM-10:45AM ET - Yes 🟢",0,0.705802,0.994,-71.431508,387.961369,0,-71.431508,-0.18412015656125802
"Ethereum Up or Down - February 8, 12AM ET - No 🔴",0,0.665066,0.9995,-464.560119,3207.221345,0,-464.560119,-0.14484816263905229
"Bitcoin Up or Down - February 4, 10:30AM-10:45AM ET - Yes 🟢",0,0.079204,0.0055,4866.131704,1010.141597,0,4866.131704,4.817276823815424
"Ethereum Up or Down - February 8, 2AM ET - Yes 🟢",0,0.605514,0.9995,4145.304341,6362.810881,0,4145.304341,0.6514894782396096
"Bitcoin Up or Down - February 4, 10:30AM-10:45AM ET - No 🔴",0,0.77494,0.9945,-3223.825654,9133.065756,0,-3223.825654,-0.3529839530479781
"Solana Up or Down - February 4, 10AM ET - No 🔴",0,0.734141,0.9995,-206.964216,2218.038299,0,-206.964216,-0.09330957724819701
"Bitcoin Up or Down - February 11, 12:00AM-4:00AM ET - Yes 🟢",0,0.082895,0.0005,-358.167035,559.220232,0,-358.167035,-0.6404758170480498
"Solana Up or Down - February 4, 10:00AM-10:15AM ET - Yes 🟢",0,0.600827,0.995,-153.766964,956.694,0,-153.766964,-0.16072742590629815
"Bitcoin Up or Down - February 4, 10:00AM-10:15AM ET - Yes 🟢",0,0.802374,0.998,-4921.666708,13146.881071,0,-4921.666708,-0.37436002359954723
"Solana Up or Down - February 4, 9AM ET - Yes 🟢",0,0.323068,0.0005,1089.792487,2652.051168,0,1089.792487,0.4109243819084564
"Ethereum Up or Down - February 4, 9AM ET - Yes 🟢",0,0.406478,0.0005,1097.08152,4768.284631,0,1097.08152,0.23007886586038825
"Ethereum Up or Down - February 4, 10:00AM-10:15AM ET - Yes 🟢",0,0.727971,0.945,-2253.622848,7254.668467,0,-2253.622848,-0.31064449853928794
"Bitcoin Up or Down - February 4, 9AM ET - Yes 🟢",0,0.43369,0.0005,532.949783,7474.390471,0,532.949783,0.07130344408253755
"Solana Up or Down - February 4, 9AM ET - No 🔴",0,0.459714,0.9995,310.814287,3450.135889,0,310.814287,0.09008754930232256
"Ethereum Up or Down - February 4, 10:00AM-10:15AM ET - Yes 🟢",0,0.160022,0.055,2067.298261,2897.257039,0,2067.298261,0.7135363666985985
"Bitcoin Up or Down - February 4, 9:45AM-10:00AM ET - Yes 🟢",0,0.212378,0.025,4250.825695,3775.501205,0,4250.825695,1.12589705689155
"Solana Up or Down - February 4, 10:00AM-10:15AM ET - Yes 🟢",0,0.255488,0.005,189.268132,600.100118,0,189.268132,0.31539425892930756
"Ethereum Up or Down - February 11, 3:45AM-4:00AM ET - No 🔴",0,0.761004,0.9995,128.686905,409.761041,0,128.686905,0.31405353882825576
"Solana Up or Down - February 8, 2:30AM-2:45AM ET - Yes 🟢",0,0.725327,0.725,312.657657,825.63281,0,312.657657,0.3786885080305856
"XRP Up or Down - February 8, 2:30AM-2:45AM ET - Yes 🟢",0,0.556846,0.585,136.806071,171.903929,0,136.806071,0.7958286456617288
"XRP Up or Down - February 8, 3:15AM-3:30AM ET - Yes 🟢",0,0.432783,0.996,99.830192,76.169808,0,99.830192,1.3106268037330486
"XRP Up or Down - February 8, 2:45AM-3:00AM ET - No 🔴",0,0.460909,0.02,-128.432292,128.432293,0,-128.432292,-0.9999999922137962
"Bitcoin Up or Down - February 8, 2AM ET - No 🔴",0,0.442204,0.0005,-6295.090428,6295.090428,0,-6295.090428,-1
"Bitcoin Up or Down - February 8, 2:45AM-3:00AM ET - No 🔴",0,0.160275,0.0005,-617.842179,617.84218,0,-617.842179,-0.9999999983814637
"Ethereum Up or Down - February 4, 10:30AM-10:45AM ET - Yes 🟢",0,0.030382,0.0035,1844.813441,140.575559,0,1844.813441,13.123287249385932
"XRP Up or Down - February 4, 10:30AM-10:45AM ET - Yes 🟢",0,0.057726,0.006,206.213827,26.930823,0,206.213827,7.657167662495869
"Ethereum Up or Down - February 4, 10AM ET - No 🔴",0,0.723898,0.9995,-131.14735,3847.941684,0,-131.14735,-0.03408246817910975
"Ethereum Up or Down - February 4, 10AM ET - Yes 🟢",0,0.335721,0.0005,73.696468,1271.139783,0,73.696468,0.057976682805151405
"XRP Up or Down - February 11, 3:45AM-4:00AM ET - No 🔴",0,0.690209,0.9975,7.992286,17.806677,0,7.992286,0.4488364673543525
"Solana Up or Down - February 8, 2:30AM-2:45AM ET - Yes 🟢",0,0.517192,0.275,-374.965876,374.965877,0,-374.965876,-0.9999999973330906
"XRP Up or Down - February 8, 3AM ET - No 🔴",0,0.49085,0.0005,-227.823267,227.823267,0,-227.823267,-1
"Ethereum Up or Down - February 8, 3AM ET - No 🔴",0,0.530502,0.0005,-1986.030318,1986.030319,0,-1986.030318,-0.9999999994964831
"Ethereum Up or Down - February 8, 12:00AM-4:00AM ET - No 🔴",0,0.60226,0.003,-2169.075596,2381.622072,0,-2169.075596,-0.9107555818789037
"Bitcoin Up or Down - February 8, 3:00AM-3:15AM ET - Yes 🟢",0,0.455553,0.245,-5598.280795,5598.280796,0,-5598.280795,-0.9999999998213737
"Solana Up or Down - February 4, 11:00AM-11:15AM ET - Yes 🟢",0,0.567482,0.485,-96.620207,866.634112,0,-96.620207,-0.1114890421022338
"Solana Up or Down - February 8, 1:45AM-2:00AM ET - Yes 🟢",0,0.667078,0.905,369.789428,740.949508,0,369.789428,0.4990750705782235
"Bitcoin Up or Down - February 11, 3:00AM-3:15AM ET - Yes 🟢",0,0.725324,0.935,866.746573,2288.776928,0,866.746573,0.37869421104195955
"Bitcoin Up or Down - February 8, 1:45AM-2:00AM ET - Yes 🟢",0,0.624115,0.805,-4654.391283,4654.391284,0,-4654.391283,-0.9999999997851491
"Bitcoin Up or Down - February 8, 1:45AM-2:00AM ET - Yes 🟢",0,0.592657,0.195,4235.34146,6162.140417,0,4235.34146,0.687316609714965
"Solana Up or Down - February 8, 1:45AM-2:00AM ET - Yes 🟢",0,0.412857,0.095,-433.174348,433.174348,0,-433.174348,-1
"XRP Up or Down - February 8, 1:45AM-2:00AM ET - Yes 🟢",0,0.577242,0.31,132.968185,181.557348,0,132.968185,0.7323756733877828
"Ethereum Up or Down - February 4, 9:45AM-10:00AM ET - No 🔴",0,0.620306,0.885,-589.956083,3129.008449,0,-589.956083,-0.18854410034864053
"Ethereum Up or Down - February 11, 3:15AM-3:30AM ET - Yes 🟢",0,0.673887,0.975,92.573697,191.296303,0,92.573697,0.4839283119862488
"Ethereum Up or Down - February 11, 3:15AM-3:30AM ET - No 🔴",0,0.232541,0.025,-62.289393,62.289394,0,-62.289393,-0.9999999839459025
"XRP Up or Down - February 8, 2:00AM-2:15AM ET - Yes 🟢",0,0.48039,0.695,-123.969514,123.969514,0,-123.969514,-1
"Solana Up or Down - February 8, 2:00AM-2:15AM ET - Yes 🟢",0,0.471286,0.055,-479.853106,479.853107,0,-479.853106,-0.9999999979160289
"Ethereum Up or Down - February 8, 2:00AM-2:15AM ET - Yes 🟢",0,0.698717,0.955,1506.377998,3493.499188,0,1506.377998,0.4311946037297891
"Bitcoin Up or Down - February 8, 2:00AM-2:15AM ET - Yes 🟢",0,0.51687,0.135,5731.060822,6131.296768,0,5731.060822,0.9347224639184192
"Solana Up or Down - February 8, 2:15AM-2:30AM ET - Yes 🟢",0,0.750561,0.94,281.097615,845.821653,0,281.097615,0.33233674498990395
"Bitcoin Up or Down - February 8, 2:15AM-2:30AM ET - Yes 🟢",0,0.589489,0.965,3853.302459,5533.297313,0,3853.302459,0.6963844957231923
"Bitcoin Up or Down - February 8, 2:15AM-2:30AM ET - No 🔴",0,0.512447,0.035,-3717.916815,3717.916815,0,-3717.916815,-1
"Ethereum Up or Down - February 8, 2:15AM-2:30AM ET - Yes 🟢",0,0.647209,0.965,1454.515835,2668.366652,0,1454.515835,0.5450959424597096
"Ethereum Up or Down - February 8, 2:30AM-2:45AM ET - Yes 🟢",0,0.513939,0.06,-605.828507,605.828507,0,-605.828507,-1
"Bitcoin Up or Down - February 11, 3:15AM-3:30AM ET - Yes 🟢",0,0.595124,0.345,590.698224,868.262604,0,590.698224,0.6803220837552045
"Solana Up or Down - February 8, 1AM ET - No 🔴",0,0.613277,0.9995,1045.131128,3421.221659,0,1045.131128,0.3054847747881629
"XRP Up or Down - February 8, 1AM ET - Yes 🟢",0,0.303514,0.0005,-118.871045,243.147084,0,-118.871045,-0.48888534069361905
"XRP Up or Down - February 8, 1:45AM-2:00AM ET - Yes 🟢",0,0.543445,0.69,-138.295883,138.295884,0,-138.295883,-0.9999999927691269
"Solana Up or Down - February 11, 3:15AM-3:30AM ET - Yes 🟢",0,0.644649,0.545,76.109325,138.071374,0,76.109325,0.5512317491676443
"Solana Up or Down - February 11, 3:15AM-3:30AM ET - No 🔴",0,0.397259,0.455,-61.95784,61.95784,0,-61.95784,-1
"XRP Up or Down - February 11, 3:15AM-3:30AM ET - Yes 🟢",0,0.656521,0.975,7.900017,15.099983,0,7.900017,0.523180522786019
"Bitcoin Up or Down - February 11, 3:15AM-3:30AM ET - No 🔴",0,0.515142,0.655,-443.005026,443.005027,0,-443.005026,-0.9999999977426893
"Ethereum Up or Down - February 8, 1:15AM-1:30AM ET - Yes 🟢",0,0.632053,0.555,3752.188758,6445.445027,0,3752.188758,0.5821458009931143
"XRP Up or Down - February 8, 2:00AM-2:15AM ET - Yes 🟢",0,0.588762,0.305,115.148502,164.856027,0,115.148502,0.6984791766211859
"Bitcoin Up or Down - February 8, 2AM ET - Yes 🟢",0,0.57641,0.9995,6521.725149,8874.590036,0,6521.725149,0.7348762165400832
"Bitcoin Up or Down - February 8, 2:45AM-3:00AM ET - Yes 🟢",0,0.500255,0.9995,2020.135112,2022.196702,0,2020.135112,0.9989805195518513
"Bitcoin Up or Down - February 8, 1:15AM-1:30AM ET - Yes 🟢",0,0.543409,0.385,-4698.447278,4698.447278,0,-4698.447278,-1
"Bitcoin Up or Down - February 8, 1:15AM-1:30AM ET - Yes 🟢",0,0.551554,0.615,5293.142404,6510.156999,0,5293.142404,0.8130591020789605
"Ethereum Up or Down - February 8, 1:15AM-1:30AM ET - Yes 🟢",0,0.495506,0.445,-4952.175505,4952.175506,0,-4952.175505,-0.9999999997980686
"Bitcoin Up or Down - February 11, 2:45AM-3:00AM ET - Yes 🟢",0,0.552879,0.835,884.224209,1093.370691,0,884.224209,0.8087140219492127
"Bitcoin Up or Down - February 8, 2:00AM-2:15AM ET - No 🔴",0,0.619419,0.865,-5526.959362,5526.959362,0,-5526.959362,-1
"XRP Up or Down - February 8, 1:30AM-1:45AM ET - No 🔴",0,0.662999,0.965,16.85005,33.14995,0,16.85005,0.5082979009018114
"Ethereum Up or Down - February 8, 1:30AM-1:45AM ET - No 🔴",0,0.644723,0.905,636.146713,1154.418714,0,636.146713,0.5510537080569191
"Bitcoin Up or Down - February 8, 1:30AM-1:45AM ET - No 🔴",0,0.606304,0.735,1165.011453,1794.153622,0,1165.011453,0.6493376256718334
"Ethereum Up or Down - February 8, 1:30AM-1:45AM ET - Yes 🟢",0,0.42,0.095,-11.5164,11.5164,0,-11.5164,-1
"Bitcoin Up or Down - February 8, 1:30AM-1:45AM ET - Yes 🟢",0,0.44,0.265,-8.8,8.8,0,-8.8,-1
"Bitcoin Up or Down - February 11, 2AM ET - No 🔴",0,0.408164,0.0005,-7847.685955,7847.685955,0,-7847.685955,-1
"Solana Up or Down - February 8, 1:00AM-1:15AM ET - Yes 🟢",0,0.512639,0.025,602.278635,633.51708,0,602.278635,0.9506904454730722
"Solana Up or Down - February 11, 2:45AM-3:00AM ET - Yes 🟢",0,0.442032,0.295,-121.276454,121.276455,0,-121.276454,-0.9999999917543764
"Solana Up or Down - February 11, 2AM ET - Yes 🟢",0,0.632045,0.9995,1244.403386,2137.541108,0,1244.403386,0.5821658265858249
"Ethereum Up or Down - February 11, 2:45AM-3:00AM ET - Yes 🟢",0,0.580864,0.735,277.825073,385.026777,0,277.825073,0.7215733803366097
"Ethereum Up or Down - February 11, 2:45AM-3:00AM ET - Yes 🟢",0,0.395067,0.265,-261.399039,261.39904,0,-261.399039,-0.9999999961744312
"Ethereum Up or Down - February 11, 2AM ET - Yes 🟢",0,0.641552,0.9995,3390.068851,6067.561966,0,3390.068851,0.5587201037247718
"XRP Up or Down - February 11, 2:45AM-3:00AM ET - Yes 🟢",0,0.94,0.26,0.96,15.04,0,0.96,0.06382978723404255
"Solana Up or Down - February 8, 1:30AM-1:45AM ET - Yes 🟢",0,0.255042,0.005,-63.513708,63.513708,0,-63.513708,-1
"XRP Up or Down - February 8, 1:15AM-1:30AM ET - Yes 🟢",0,0.680381,0.735,5.67145,194.919272,0,5.67145,0.029096404587433507
"Solana Up or Down - February 4, 9:15AM-9:30AM ET - Yes 🟢",0,0.348781,0.485,739.804615,396.225837,0,739.804615,1.867128657235949
"Solana Up or Down - February 11, 2AM ET - No 🔴",0,0.499373,0.0005,-1402.585152,1402.585152,0,-1402.585152,-1
"Solana Up or Down - February 11, 3:00AM-3:15AM ET - Yes 🟢",0,0.819108,0.975,49.844374,225.703327,0,49.844374,0.22084022713586318
"Solana Up or Down - February 4, 9:15AM-9:30AM ET - No 🔴",0,0.540616,0.515,-642.187025,642.187025,0,-642.187025,-1
"Bitcoin Up or Down - February 4, 9:15AM-9:30AM ET - No 🔴",0,0.520719,0.365,9201.119525,9996.636124,0,9201.119525,0.9204215709032243
"Ethereum Up or Down - February 4, 9:30AM-9:45AM ET - No 🔴",0,0.324416,0.435,3232.981475,4988.134432,0,3232.981475,0.6481343915391894
"Bitcoin Up or Down - February 4, 9:30AM-9:45AM ET - No 🔴",0,0.396417,0.665,2667.404747,9970.431324,0,2667.404747,0.2675315300130741
"XRP Up or Down - February 4, 9:30AM-9:45AM ET - Yes 🟢",0,0.137179,0.18,553.560014,209.614087,0,553.560014,2.6408531121288616
"Ethereum Up or Down - February 4, 9:30AM-9:45AM ET - Yes 🟢",0,0.38386,0.565,1637.765847,5516.853203,0,1637.765847,0.29686594635314967
"XRP Up or Down - February 11, 12:45AM-1:00AM ET - Yes 🟢",0,0.568156,0.225,-51.261356,408.069207,0,-51.261356,-0.12561927026265424
"Solana Up or Down - February 8, 1AM ET - Yes 🟢",0,0.500599,0.0005,-1366.715988,2557.396911,0,-1366.715988,-0.5344168447695447
"Ethereum Up or Down - February 8, 1AM ET - No 🔴",0,0.64805,0.9995,1289.474562,6550.064407,0,1289.474562,0.19686440955022508
"Solana Up or Down - February 11, 3:00AM-3:15AM ET - Yes 🟢",0,0.13066,0.025,-33.003881,33.003881,0,-33.003881,-1
"Solana Up or Down - February 8, 1:15AM-1:30AM ET - Yes 🟢",0,0.674669,0.795,197.369954,946.279319,0,197.369954,0.20857473056536283
"Bitcoin Up or Down - February 4, 9:15AM-9:30AM ET - Yes 🟢",0,0.52942,0.635,-9925.998419,9925.99842,0,-9925.998419,-0.9999999998992544
"XRP Up or Down - February 4, 9AM ET - Yes 🟢",0,0.317305,0.0005,233.19374,617.19661,0,233.19374,0.37782731826735083
"Bitcoin Up or Down - February 8, 2:30AM-2:45AM ET - Yes 🟢",0,0.629634,0.065,-945.943534,945.943535,0,-945.943534,-0.9999999989428544
"Bitcoin Up or Down - February 8, 2:30AM-2:45AM ET - Yes 🟢",0,0.539113,0.935,2049.174731,2396.9796,0,2049.174731,0.8548986945904754
"XRP Up or Down - February 8, 2:30AM-2:45AM ET - Yes 🟢",0,0.526388,0.415,-162.753905,162.753906,0,-162.753905,-0.9999999938557542
"Solana Up or Down - February 4, 10:15AM-10:30AM ET - No 🔴",0,0.688616,0.93,-458.968947,1653.26846,0,-458.968947,-0.2776130786405978
"Solana Up or Down - February 4, 10:15AM-10:30AM ET - Yes 🟢",0,0.080871,0.07,955.933883,199.825355,0,955.933883,4.78384678961286
"XRP Up or Down - February 4, 10:15AM-10:30AM ET - Yes 🟢",0,0.205263,0.17,85.30395,100.771664,0,85.30395,0.846507307847968
"Solana Up or Down - February 4, 9:00AM-9:15AM ET - Yes 🟢",0,0.355475,0.275,26.415926,727.656281,0,26.415926,0.036302752672865334
"Bitcoin Up or Down - February 4, 10:15AM-10:30AM ET - Yes 🟢",0,0.657717,0.305,-294.398268,20269.292512,0,-294.398268,-0.014524348485558032
"Bitcoin Up or Down - February 4, 10:15AM-10:30AM ET - No 🔴",0,0.421692,0.695,1042.364956,10171.273782,0,1042.364956,0.10248126029648937
"Bitcoin Up or Down - February 11, 2AM ET - Yes 🟢",0,0.66354,0.9995,6755.046586,13321.772609,0,6755.046586,0.507068149582165
"XRP Up or Down - February 4, 10:15AM-10:30AM ET - No 🔴",0,0.358196,0.83,44.308637,132.882768,0,44.308637,0.3334415565455409
"Ethereum Up or Down - February 4, 10:15AM-10:30AM ET - No 🔴",0,0.363491,0.625,101.332962,2556.895428,0,101.332962,0.03963125002701518
"Ethereum Up or Down - February 4, 9:00AM-9:15AM ET - No 🔴",0,0.183891,0.005,-812.491554,1263.953661,0,-812.491554,-0.6428175170260454
"XRP Up or Down - February 4, 9:00AM-9:15AM ET - Yes 🟢",0,0.102978,0.005,111.860538,160.848546,0,111.860538,0.6954401564811161
"Ethereum Up or Down - February 8, 12:45AM-1:00AM ET - Yes 🟢",0,0.488207,0.115,-1448.836346,1448.836346,0,-1448.836346,-1
"Solana Up or Down - February 8, 2:45AM-3:00AM ET - No 🔴",0,0.443389,0.005,-38.47125,38.47125,0,-38.47125,-1
"XRP Up or Down - February 11, 3:30AM-3:45AM ET - Yes 🟢",0,0.677531,0.765,14.898067,31.301932,0,14.898067,0.47594720351446673
"Solana Up or Down - February 4, 10:30AM-10:45AM ET - No 🔴",0,0.521778,0.994,186.648892,872.298316,0,186.648892,0.213973692917229
"Bitcoin Up or Down - February 4, 9:00AM-9:15AM ET - Yes 🟢",0,0.952205,0.9995,-401.105343,3024.601047,0,-401.105343,-0.1326142974782882
"Solana Up or Down - February 11, 3:30AM-3:45AM ET - No 🔴",0,0.325153,0.065,-44.328108,44.328108,0,-44.328108,-1
"Ethereum Up or Down - February 11, 3:30AM-3:45AM ET - No 🔴",0,0.333572,0.065,-169.256583,169.256584,0,-169.256583,-0.9999999940918104
"Ethereum Up or Down - February 4, 10:15AM-10:30AM ET - Yes 🟢",0,0.585033,0.375,-376.364626,3290.766621,0,-376.364626,-0.11436989289919017
"Ethereum Up or Down - February 11, 12:00AM-4:00AM ET - Yes 🟢",0,0.345245,0.0005,-965.88229,1239.360557,0,-965.88229,-0.779339220168518
"Solana Up or Down - February 8, 2:00AM-2:15AM ET - Yes 🟢",0,0.679184,0.945,552.915461,1170.550517,0,552.915461,0.47235506111864806
"Ethereum Up or Down - February 8, 2:00AM-2:15AM ET - Yes 🟢",0,0.438207,0.045,-2059.522308,2059.522308,0,-2059.522308,-1
"Solana Up or Down - February 8, 1:00AM-1:15AM ET - No 🔴",0,0.731778,0.975,-579.799759,579.79976,0,-579.799759,-0.9999999982752666
"Solana Up or Down - February 8, 2:15AM-2:30AM ET - Yes 🟢",0,0.390524,0.06,-202.158729,202.158729,0,-202.158729,-1
"XRP Up or Down - February 8, 2:15AM-2:30AM ET - Yes 🟢",0,0.310776,0.36,-40.573463,40.573464,0,-40.573463,-0.999999975353349
"XRP Up or Down - February 8, 2:15AM-2:30AM ET - Yes 🟢",0,0.636867,0.64,100.672901,176.561339,0,100.672901,0.5701865514284529
"Ethereum Up or Down - February 8, 2:15AM-2:30AM ET - Yes 🟢",0,0.415035,0.035,-1336.639251,1336.639252,0,-1336.639251,-0.999999999251855
"XRP Up or Down - February 8, 1:00AM-1:15AM ET - Yes 🟢",0,0.73006,0.955,-157.698409,157.698409,0,-157.698409,-1
"Ethereum Up or Down - February 8, 2:30AM-2:45AM ET - Yes 🟢",0,0.649329,0.94,924.094177,1711.122814,0,924.094177,0.540051344905977
"XRP Up or Down - February 11, 3:30AM-3:45AM ET - No 🔴",0,0.450068,0.235,-13.096978,13.096979,0,-13.096978,-0.9999999236465142
"Ethereum Up or Down - February 4, 9:45AM-10:00AM ET - Yes 🟢",0,0.199647,0.115,1049.650212,1455.595638,0,1049.650212,0.7211138757204768
"XRP Up or Down - February 4, 9AM ET - No 🔴",0,0.441249,0.9995,99.922574,750.46779,0,99.922574,0.1331470521872764
"Solana Up or Down - February 4, 9:45AM-10:00AM ET - Yes 🟢",0,0.362171,0.945,61.779577,160.357137,0,61.779577,0.3852624096176025
"XRP Up or Down - February 4, 9:45AM-10:00AM ET - Yes 🟢",0,0.158409,0.02,114.765372,55.396879,0,114.765372,2.0716938223180406
"Ethereum Up or Down - February 4, 9AM ET - No 🔴",0,0.340967,0.9995,1963.009378,4050.203433,0,1963.009378,0.4846693284603711
"XRP Up or Down - February 4, 10:00AM-10:15AM ET - Yes 🟢",0,0.136898,0.0025,231.202707,103.340193,0,231.202707,2.237297031175469
"XRP Up or Down - February 4, 9:45AM-10:00AM ET - No 🔴",0,0.752252,0.98,-85.558785,256.886535,0,-85.558785,-0.33306060592082026
"Solana Up or Down - February 4, 9:45AM-10:00AM ET - Yes 🟢",0,0.109955,0.055,-264.864649,485.494299,0,-264.864649,-0.5455566616241563
"Bitcoin Up or Down - February 4, 9AM ET - No 🔴",0,0.270552,0.9995,3492.161435,4473.813435,0,3492.161435,0.7805782439830328
"Bitcoin Up or Down - February 4, 10:00AM-10:15AM ET - No 🔴",0,0.193937,0.002,4458.304749,3701.459801,0,4458.304749,1.2044720160936309
"XRP Up or Down - February 4, 10:00AM-10:15AM ET - Yes 🟢",0,0.811083,0.9975,-207.828502,544.026707,0,-207.828502,-0.3820189327580199
"Ethereum Up or Down - February 8, 1:00AM-1:15AM ET - Yes 🟢",0,0.409056,0.055,2110.507295,1460.909447,0,2110.507295,1.4446530545298062
"Bitcoin Up or Down - February 4, 9:45AM-10:00AM ET - No 🔴",0,0.887145,0.975,-6210.230682,14276.20114,0,-6210.230682,-0.4350058269072553
"Solana Up or Down - February 8, 3:30AM-3:45AM ET - Yes 🟢",0,0.290091,0.015,-113.817649,113.81765,0,-113.817649,-0.9999999912140166
"XRP Up or Down - February 11, 4:00AM-4:15AM ET - No 🔴",0,0.89,0.975,1.87,15.13,0,1.87,0.12359550561797752
"Bitcoin Up or Down - February 8, 3:30AM-3:45AM ET - Yes 🟢",0,0.745867,0.985,1253.616727,3679.299217,0,1253.616727,0.3407216029638831
"XRP Up or Down - February 8, 3:30AM-3:45AM ET - Yes 🟢",0,0.318805,0.045,-92.669143,92.669144,0,-92.669143,-0.9999999892089216
"Solana Up or Down - February 4, 11:45AM-12:00PM ET - Yes 🟢",0,0.640355,0.905,793.857185,1413.478341,0,793.857185,0.5616337809876635
"Solana Up or Down - February 11, 4:00AM-4:15AM ET - Yes 🟢",0,0.304285,0.045,-45.018923,45.018923,0,-45.018923,-1
"Ethereum Up or Down - February 11, 4:00AM-4:15AM ET - Yes 🟢",0,0.512813,0.375,-267.798972,267.798973,0,-267.798972,-0.9999999962658558
"Ethereum Up or Down - February 4, 11:45AM-12:00PM ET - Yes 🟢",0,0.754156,0.855,2654.339817,8142.50622,0,2654.339817,0.32598560508069224
"Solana Up or Down - February 4, 11AM ET - Yes 🟢",0,0.125988,0.0005,126.218724,77.57887,0,126.218724,1.6269729631277174
"Solana Up or Down - February 4, 11AM ET - No 🔴",0,0.765278,0.9995,46.816047,924.235241,0,46.816047,0.05065382158480148
"XRP Up or Down - February 4, 10AM ET - Yes 🟢",0,0.522741,0.0005,-67.525163,736.405846,0,-67.525163,-0.09169558249270064
"Bitcoin Up or Down - February 4, 11AM ET - Yes 🟢",0,0.038137,0.0005,4942.015172,660.892884,0,4942.015172,7.477785419762517
"XRP Up or Down - February 11, 4:15AM-4:30AM ET - Yes 🟢",0,0.336296,0.185,17.920008,9.079992,0,17.920008,1.9735709018245828
"Bitcoin Up or Down - February 4, 12:00PM-12:15PM ET - No 🔴",0,0.496591,0.995,13341.877722,13161.179876,0,13341.877722,1.0137296084167582
"Ethereum Up or Down - February 4, 8:45AM-9:00AM ET - Yes 🟢",0,0.285041,0.405,1173.866115,1687.300585,0,1173.866115,0.6957065773790388
"Ethereum Up or Down - February 4, 12PM ET - No 🔴",0,0.70198,0.9995,-856.15949,2975.576106,0,-856.15949,-0.2877289840692114
"XRP Up or Down - February 4, 12:00PM-12:15PM ET - Yes 🟢",0,0.565348,0.02,400.009289,520.288534,0,400.009289,0.7688220340446711
"Ethereum Up or Down - February 4, 12:00PM-12:15PM ET - Yes 🟢",0,0.482936,0.045,10057.165771,9393.358286,0,10057.165771,1.0706677489337704
"Bitcoin Up or Down - February 4, 12:00PM-12:15PM ET - Yes 🟢",0,0.347239,0.005,-6351.221684,6351.221685,0,-6351.221684,-0.99999999984255
"Ethereum Up or Down - February 4, 12:15PM-12:30PM ET - Yes 🟢",0,0.569044,0.005,-1392.105806,1392.105806,0,-1392.105806,-1
"Solana Up or Down - February 4, 12:15PM-12:30PM ET - Yes 🟢",0,0.408317,0.0055,-117.183927,117.183927,0,-117.183927,-1
"Solana Up or Down - February 4, 12:15PM-12:30PM ET - No 🔴",0,0.742799,0.9945,60.506535,174.743465,0,60.506535,0.34625921490111233
"Solana Up or Down - February 4, 11:45AM-12:00PM ET - No 🔴",0,0.407143,0.095,-257.824776,257.824777,0,-257.824776,-0.9999999961213968
"XRP Up or Down - February 4, 11:00AM-11:15AM ET - Yes 🟢",0,0.383944,0.355,151.027245,392.461638,0,151.027245,0.38482040122352035
"Ethereum Up or Down - February 4, 11:00AM-11:15AM ET - Yes 🟢",0,0.622083,0.525,-689.079389,5898.295316,0,-689.079389,-0.11682687150824239
"Ethereum Up or Down - February 4, 11:00AM-11:15AM ET - Yes 🟢",0,0.479164,0.475,139.229462,4133.079288,0,139.229462,0.033686617724523076
"Solana Up or Down - February 4, 11:00AM-11:15AM ET - Yes 🟢",0,0.461705,0.515,-153.486556,910.629657,0,-153.486556,-0.16854992017902182
"Bitcoin Up or Down - February 8, 3:15AM-3:30AM ET - Yes 🟢",0,0.584312,0.9975,1909.399367,2683.947969,0,1909.399367,0.7114144495548529
"Solana Up or Down - February 8, 3:15AM-3:30AM ET - Yes 🟢",0,0.476513,0.006,-932.715559,932.715559,0,-932.715559,-1
"Bitcoin Up or Down - February 8, 3:15AM-3:30AM ET - Yes 🟢",0,0.3833,0.0025,-1608.057636,1608.057637,0,-1608.057636,-0.9999999993781317
"Ethereum Up or Down - February 8, 3:15AM-3:30AM ET - Yes 🟢",0,0.617253,0.007,-876.986889,876.98689,0,-876.986889,-0.9999999988597321
"Ethereum Up or Down - February 8, 3AM ET - Yes 🟢",0,0.598139,0.9995,1928.437879,2870.330549,0,1928.437879,0.671852194748738
"XRP Up or Down - February 4, 11:15AM-11:30AM ET - Yes 🟢",0,0.458302,0.885,28.079907,390.361643,0,28.079907,0.07193305875085683
"XRP Up or Down - February 4, 11:30AM-11:45AM ET - Yes 🟢",0,0.949585,0.9995,-3.946995,307.106723,0,-3.946995,-0.01285219340509195
"Solana Up or Down - February 4, 11:30AM-11:45AM ET - Yes 🟢",0,0.290263,0.0005,-207.146189,207.14619,0,-207.146189,-0.9999999951724915
"XRP Up or Down - February 4, 11:15AM-11:30AM ET - Yes 🟢",0,0.581517,0.115,-65.499285,490.442687,0,-65.499285,-0.13355135418707956
"Bitcoin Up or Down - February 4, 11:15AM-11:30AM ET - Yes 🟢",0,0.61005,0.275,-1592.64216,12418.731906,0,-1592.64216,-0.12824515192493438
"Solana Up or Down - February 4, 11:15AM-11:30AM ET - Yes 🟢",0,0.691165,0.315,-30.628524,1758.610191,0,-30.628524,-0.0174163235017896
"Bitcoin Up or Down - February 4, 11:15AM-11:30AM ET - No 🔴",0,0.361928,0.725,2618.540442,6912.278108,0,2618.540442,0.37882452081454937
"Ethereum Up or Down - February 4, 11:15AM-11:30AM ET - Yes 🟢",0,0.919482,0.975,-2845.816009,6439.409788,0,-2845.816009,-0.44193739840928425
"Bitcoin Up or Down - February 8, 3AM ET - No 🔴",0,0.458519,0.0005,-4765.075582,4765.075582,0,-4765.075582,-1
"Ethereum Up or Down - February 4, 11:30AM-11:45AM ET - Yes 🟢",0,0.83794,0.9995,1343.345862,6945.842476,0,1343.345862,0.19340286893082712
"Ethereum Up or Down - February 8, 3:30AM-3:45AM ET - Yes 🟢",0,0.609773,0.9895,1154.520087,1804.065781,0,1154.520087,0.6399545399946811
"Bitcoin Up or Down - February 11, 4:00AM-4:15AM ET - No 🔴",0,0.634635,0.965,605.667539,1052.037877,0,605.667539,0.5757088715542511
"Ethereum Up or Down - February 11, 4:00AM-4:15AM ET - Yes 🟢",0,0.510236,0.625,153.11344,159.51354,0,153.11344,0.959877387211142
"XRP Up or Down - February 11, 4AM ET - Yes 🟢",0,0.423639,0.0005,-196.924187,196.924188,0,-196.924187,-0.9999999949219035
"Solana Up or Down - February 8, 4:15AM-4:30AM ET - Yes 🟢",0,0.624191,0.605,-576.756792,576.756792,0,-576.756792,-1
"Bitcoin Up or Down - February 8, 4:15AM-4:30AM ET - No 🔴",0,0.118484,0.365,-338.795499,338.795499,0,-338.795499,-1
"Ethereum Up or Down - February 8, 4:15AM-4:30AM ET - Yes 🟢",0,0.515604,0.435,987.649616,1051.280549,0,987.649616,0.9394729284580342
"Bitcoin Up or Down - February 11, 2:30AM-2:45AM ET - No 🔴",0,0.315065,0.015,-782.367384,782.367384,0,-782.367384,-1
"Bitcoin Up or Down - February 8, 12:45AM-1:00AM ET - Yes 🟢",0,0.599938,0.935,2434.712586,3651.125575,0,2434.712586,0.6668389065199435
"Ethereum Up or Down - February 8, 4:15AM-4:30AM ET - Yes 🟢",0,0.571711,0.565,-2174.048763,2174.048764,0,-2174.048763,-0.9999999995400286
"XRP Up or Down - February 11, 4:00AM-8:00AM ET - Yes 🟢",0,0.511493,0.98,786.824085,823.84697,0,786.824085,0.9550609684223271
"Solana Up or Down - February 11, 4:45AM-5:00AM ET - Yes 🟢",0,0.235209,0.015,-8.856745,8.856746,0,-8.856745,-0.9999998870917153
"Solana Up or Down - February 11, 4AM ET - Yes 🟢",0,0.338969,0.0005,-417.905202,417.905203,0,-417.905202,-0.9999999976071128
"Bitcoin Up or Down - February 8, 4AM ET - No 🔴",0,0.700716,0.9995,1883.959741,4410.929867,0,1883.959741,0.4271116970357397
"Bitcoin Up or Down - February 4, 12:15PM-12:30PM ET - Yes 🟢",0,0.234028,0.0045,-1095.955644,1095.955644,0,-1095.955644,-1
"Ethereum Up or Down - February 11, 4:45AM-5:00AM ET - Yes 🟢",0,0.438807,0.225,-273.327683,273.327684,0,-273.327683,-0.9999999963413877
"Solana Up or Down - February 8, 4:30AM-4:45AM ET - Yes 🟢",0,0.706229,0.9945,461.705431,1109.945384,0,461.705431,0.41597130602599086
"XRP Up or Down - February 8, 4:30AM-4:45AM ET - Yes 🟢",0,0.481237,0.985,187.366368,173.812761,0,187.366368,1.0779782043736132
"Ethereum Up or Down - February 8, 4:30AM-4:45AM ET - Yes 🟢",0,0.465004,0.035,-1296.875359,1296.87536,0,-1296.875359,-0.9999999992289158
"Bitcoin Up or Down - February 8, 4:30AM-4:45AM ET - No 🔴",0,0.694391,0.985,1827.891579,4153.252888,0,1827.891579,0.44011083078551033
"Ethereum Up or Down - February 4, 12PM ET - Yes 🟢",0,0.170317,0.0005,475.575962,1643.840588,0,475.575962,0.28930783524369336
"Ethereum Up or Down - February 4, 1:00PM-1:15PM ET - Yes 🟢",0,0.06961,0.035,1003.002936,162.415963,0,1003.002936,6.1755194346260165
"Solana Up or Down - February 4, 1:30PM-1:45PM ET - Yes 🟢",0,0.474662,0.995,770.688836,1922.724117,0,770.688836,0.4008317309726656
"Bitcoin Up or Down - February 4, 1:15PM-1:30PM ET - Yes 🟢",0,0.601061,0.975,-1750.909205,10875.430616,0,-1750.909205,-0.16099677031859794
"XRP Up or Down - February 4, 1:15PM-1:30PM ET - Yes 🟢",0,0.649427,0.915,-63.349144,301.665319,0,-63.349144,-0.20999810057714988
"XRP Up or Down - February 4, 1:30PM-1:45PM ET - No 🔴",0,0.228488,0.003,18.623084,15.879916,0,18.623084,1.1727444905879854
"XRP Up or Down - February 11, 4AM ET - No 🔴",0,0.652499,0.9995,190.594357,357.877036,0,190.594357,0.5325693962660404
"XRP Up or Down - February 4, 12:15PM-12:30PM ET - Yes 🟢",0,0.152271,0.075,-77.979863,77.979863,0,-77.979863,-1
"Solana Up or Down - February 4, 6:30PM-6:45PM ET - Yes 🟢",0,0.114577,0.005,523.117553,155.824497,0,523.117553,3.3570944432440557
"Ethereum Up or Down - February 4, 12:15PM-12:30PM ET - Yes 🟢",0,0.803269,0.995,745.355176,3043.347043,0,745.355176,0.24491297425786218
"Solana Up or Down - February 8, 3:45AM-4:00AM ET - Yes 🟢",0,0.626857,0.995,710.482494,1193.56634,0,710.482494,0.5952601629164576
"Bitcoin Up or Down - February 11, 4:15AM-4:30AM ET - Yes 🟢",0,0.370058,0.41,1189.588677,698.821172,0,1189.588677,1.7022791018129027
"Ethereum Up or Down - February 11, 4:15AM-4:30AM ET - Yes 🟢",0,0.725014,0.875,114.337344,301.455985,0,114.337344,0.3792837086979713
"Solana Up or Down - February 11, 4:15AM-4:30AM ET - Yes 🟢",0,0.343558,0.26,84.070526,43.999473,0,84.070526,1.910716657901789
"Solana Up or Down - February 8, 4:00AM-8:00AM ET - Yes 🟢",0,0.120551,0.0195,-81.632828,81.632828,0,-81.632828,-1
"Ethereum Up or Down - February 8, 4:00AM-4:15AM ET - No 🔴",0,0.611761,0.985,3873.775777,6104.036285,0,3873.775777,0.634625286635235
"Bitcoin Up or Down - February 4, 12:30PM-12:45PM ET - Yes 🟢",0,0.622977,0.385,8869.314274,14655.283096,0,8869.314274,0.6051956974083144
"Ethereum Up or Down - February 4, 12:30PM-12:45PM ET - Yes 🟢",0,0.586979,0.345,4027.641747,5724.0216,0,4027.641747,0.7036384605886183
"Solana Up or Down - February 4, 1:00PM-1:15PM ET - No 🔴",0,0.775341,0.795,-446.190573,1258.647016,0,-446.190573,-0.3545001635311548
"XRP Up or Down - February 4, 12:30PM-12:45PM ET - No 🔴",0,0.426242,0.845,-521.480114,521.480115,0,-521.480114,-0.9999999980823815
"Solana Up or Down - February 8, 4:00AM-4:15AM ET - Yes 🟢",0,0.588578,0.945,1072.972577,1534.988536,0,1072.972577,0.699010156646538
"Ethereum Up or Down - February 8, 4:00AM-4:15AM ET - Yes 🟢",0,0.472295,0.015,-4277.714973,4277.714974,0,-4277.714973,-0.9999999997662301
"XRP Up or Down - February 11, 4:30AM-4:45AM ET - Yes 🟢",0,0.708214,0.035,-19.829992,19.829992,0,-19.829992,-1
"Ethereum Up or Down - February 11, 4:30AM-4:45AM ET - Yes 🟢",0,0.641619,0.935,113.95799,204.02201,0,113.95799,0.5585573340837099
"Ethereum Up or Down - February 11, 4:30AM-4:45AM ET - Yes 🟢",0,0.406847,0.065,-107.687582,107.687582,0,-107.687582,-1
"XRP Up or Down - February 4, 12PM ET - Yes 🟢",0,0.146358,0.0005,356.938508,183.942642,0,356.938508,1.9404881006330224
"XRP Up or Down - February 4, 12PM ET - No 🔴",0,0.818369,0.9995,-344.399566,885.280804,0,-344.399566,-0.38902861605479927
"Solana Up or Down - February 4, 12:45PM-1:00PM ET - Yes 🟢",0,0.603827,0.965,240.306908,1593.249357,0,240.306908,0.1508281845175099
"XRP Up or Down - February 8, 4:15AM-4:30AM ET - Yes 🟢",0,0.516695,0.88,105.761633,113.068367,0,105.761633,0.9353777347823552
"Ethereum Up or Down - February 4, 1:00PM-1:15PM ET - No 🔴",0,0.805507,0.965,212.765334,5707.850915,0,212.765334,0.03727590947424036
"Ethereum Up or Down - February 4, 12:30PM-12:45PM ET - No 🔴",0,0.445604,0.655,-4171.402987,4171.402987,0,-4171.402987,-1
"Ethereum Up or Down - February 8, 3:15AM-3:30AM ET - Yes 🟢",0,0.524735,0.993,1302.536813,1438.116955,0,1302.536813,0.9057238414938235
"XRP Up or Down - February 4, 11:00AM-11:15AM ET - Yes 🟢",0,0.401747,0.645,93.57958,385.11612,0,93.57958,0.24299055567967398
"XRP Up or Down - February 4, 8:45AM-9:00AM ET - Yes 🟢",0,0.2154,0.155,157.096823,150.857927,0,157.096823,1.0413561032162402
"XRP Up or Down - February 8, 3:15AM-3:30AM ET - Yes 🟢",0,0.421172,0.004,-75.35944,75.35944,0,-75.35944,-1
"Ethereum Up or Down - February 4, 11:15AM-11:30AM ET - Yes 🟢",0,0.094901,0.025,2761.572266,648.135583,0,2761.572266,4.2607940968425435
"Solana Up or Down - February 4, 11:15AM-11:30AM ET - No 🔴",0,0.564843,0.685,-111.177904,927.610655,0,-111.177904,-0.11985406096914658
"Bitcoin Up or Down - February 4, 11:30AM-11:45AM ET - Yes 🟢",0,0.338666,0.0005,417.346601,877.409099,0,417.346601,0.47565793593394223
"XRP Up or Down - February 4, 11:30AM-11:45AM ET - Yes 🟢",0,0.085337,0.0005,27.791106,19.643487,0,27.791106,1.4147745764283093
"Bitcoin Up or Down - February 4, 11:30AM-11:45AM ET - No 🔴",0,0.714029,0.9995,1658.100986,7004.994861,0,1658.100986,0.2367026698665268
"XRP Up or Down - February 8, 3:30AM-3:45AM ET - Yes 🟢",0,0.522448,0.955,140.975715,154.229237,0,140.975715,0.9140660859263668
"Bitcoin Up or Down - February 4, 11:00AM-11:15AM ET - Yes 🟢",0,0.214922,0.375,4951.137113,3762.140487,0,4951.137113,1.3160425906763857
"Ethereum Up or Down - February 4, 11AM ET - No 🔴",0,0.668447,0.9995,-617.28596,2653.486248,0,-617.28596,-0.23263205545733057
"XRP Up or Down - February 11, 4:00AM-4:15AM ET - Yes 🟢",0,0.309629,0.025,-8.359983,8.359983,0,-8.359983,-1
"Ethereum Up or Down - February 4, 11:30AM-11:45AM ET - Yes 🟢",0,0.01,0.0005,-6.7909,6.7909,0,-6.7909,-1
"Solana Up or Down - February 8, 3:30AM-3:45AM ET - Yes 🟢",0,0.656567,0.985,227.551837,435.028163,0,227.551837,0.5230738061434427
"Solana Up or Down - February 8, 3AM ET - Yes 🟢",0,0.592452,0.9995,1304.659783,1896.582238,0,1304.659783,0.6879004542274956
"Solana Up or Down - February 11, 4:00AM-4:15AM ET - Yes 🟢",0,0.609179,0.955,64.972244,101.273286,0,64.972244,0.64155362747882
"Bitcoin Up or Down - February 11, 4:00AM-4:15AM ET - Yes 🟢",0,0.399662,0.035,-606.697748,606.697749,0,-606.697748,-0.9999999983517328
"Bitcoin Up or Down - February 4, 11:45AM-12:00PM ET - No 🔴",0,0.337198,0.085,-622.730522,622.730522,0,-622.730522,-1
"Bitcoin Up or Down - February 4, 11:45AM-12:00PM ET - Yes 🟢",0,0.683785,0.915,5461.298003,11809.539887,0,5461.298003,0.4624479916454513
"Ethereum Up or Down - February 8, 3:30AM-3:45AM ET - Yes 🟢",0,0.417207,0.0105,-897.519903,897.519904,0,-897.519903,-0.9999999988858186
"Bitcoin Up or Down - February 8, 3:30AM-3:45AM ET - Yes 🟢",0,0.230855,0.015,-1191.295042,1191.295043,0,-1191.295042,-0.9999999991605774
"Solana Up or Down - February 4, 11:30AM-11:45AM ET - Yes 🟢",0,0.961547,0.9995,56.65242,1416.63758,0,56.65242,0.03999076461038115
"Ethereum Up or Down - February 4, 10:45AM-11:00AM ET - Yes 🟢",0,0.414923,0.235,910.199091,6037.031959,0,910.199091,0.15076930140200373
"Solana Up or Down - February 4, 10AM ET - Yes 🟢",0,0.091542,0.0005,601.14184,203.128665,0,601.14184,2.95941412306333
"Bitcoin Up or Down - February 4, 9:00AM-9:15AM ET - No 🔴",0,0.207426,0.0005,-62.852593,800.90554,0,-62.852593,-0.07847691127220821
"Ethereum Up or Down - February 4, 10:45AM-11:00AM ET - Yes 🟢",0,0.68697,0.765,-2560.206733,9627.68455,0,-2560.206733,-0.2659213354679345
"Solana Up or Down - February 4, 8:45AM-9:00AM ET - Yes 🟢",0,0.297369,0.355,76.822648,1085.523053,0,76.822648,0.07077016723660498
"XRP Up or Down - February 4, 10AM ET - No 🔴",0,0.643758,0.9995,-106.544181,963.410991,0,-106.544181,-0.1105905807545432
"Bitcoin Up or Down - February 8, 12:00AM-4:00AM ET - Yes 🟢",0,0.69367,0.9995,1128.978382,3543.583192,0,1128.978382,0.31859796167584936
"Ethereum Up or Down - February 8, 12:00AM-4:00AM ET - Yes 🟢",0,0.577267,0.997,2242.980951,3267.843947,0,2242.980951,0.68637945611177
"Bitcoin Up or Down - February 8, 12:00AM-4:00AM ET - No 🔴",0,0.249671,0.0005,-753.118276,1074.927266,0,-753.118276,-0.7006225442605901
"XRP Up or Down - February 8, 3:00AM-3:15AM ET - Yes 🟢",0,0.174814,0.04,-52.32609,52.32609,0,-52.32609,-1
"Solana Up or Down - February 11, 3AM ET - No 🔴",0,0.549014,0.0005,-1817.048468,1817.048469,0,-1817.048468,-0.9999999994496569
"Bitcoin Up or Down - February 8, 3AM ET - Yes 🟢",0,0.624412,0.9995,4510.568185,7498.78298,0,4510.568185,0.6015066974241199
"Solana Up or Down - February 8, 12:00AM-4:00AM ET - No 🔴",0,0.536702,0.015,-1013.651342,1161.657487,0,-1013.651342,-0.8725905469931345
"Solana Up or Down - February 8, 3:00AM-3:15AM ET - No 🔴",0,0.57005,0.855,890.279857,1180.37919,0,890.279857,0.7542320845219238
"Bitcoin Up or Down - February 11, 3:45AM-4:00AM ET - No 🔴",0,0.749651,0.955,475.811404,1424.780987,0,475.811404,0.33395406616273154
"Ethereum Up or Down - February 11, 3:45AM-4:00AM ET - Yes 🟢",0,0.228569,0.0005,-113.700489,113.70049,0,-113.700489,-0.9999999912049631
"Solana Up or Down - February 11, 3:45AM-4:00AM ET - Yes 🟢",0,0.393433,0.04,-100.607086,100.607086,0,-100.607086,-1
"XRP Up or Down - February 11, 3AM ET - Yes 🟢",0,0.629421,0.9995,434.316858,737.678474,0,434.316858,0.5887617346958127
"Ethereum Up or Down - February 8, 3:00AM-3:15AM ET - Yes 🟢",0,0.48503,0.155,-1983.173956,1983.173956,0,-1983.173956,-1
"XRP Up or Down - February 4, 11AM ET - No 🔴",0,0.873976,0.9995,-160.525598,666.572224,0,-160.525598,-0.2408225128804647
"Bitcoin Up or Down - February 8, 3:00AM-3:15AM ET - Yes 🟢",0,0.648639,0.755,4480.459352,8271.267084,0,4480.459352,0.5416895992473794
"XRP Up or Down - February 8, 12:00AM-4:00AM ET - Yes 🟢",0,0.447098,0.997,239.691752,193.824047,0,239.691752,1.2366461009866334
"Solana Up or Down - February 8, 3:15AM-3:30AM ET - Yes 🟢",0,0.508835,0.994,1047.033473,1084.701226,0,1047.033473,0.965273614432146
"XRP Up or Down - February 8, 3:00AM-3:15AM ET - Yes 🟢",0,0.766416,0.96,68.011628,223.153985,0,68.011628,0.3047744273981932
"Bitcoin Up or Down - February 11, 4:15AM-4:30AM ET - No 🔴",0,0.633153,0.59,-1578.537359,1578.53736,0,-1578.537359,-0.9999999993665021
"Solana Up or Down - February 11, 4:15AM-4:30AM ET - Yes 🟢",0,0.667531,0.74,-57.96394,57.963941,0,-57.96394,-0.999999982747895
"Bitcoin Up or Down - February 4, 12PM ET - No 🔴",0,0.6463,0.9995,1692.524645,7789.322069,0,1692.524645,0.21728779860521133
"XRP Up or Down - February 8, 4:00AM-4:15AM ET - Yes 🟢",0,0.457762,0.005,-75.716904,75.716904,0,-75.716904,-1
"XRP Up or Down - February 8, 4:00AM-4:15AM ET - No 🔴",0,0.707819,0.995,64.844396,157.087887,0,64.844396,0.41279055462755065
"Bitcoin Up or Down - February 8, 4:00AM-4:15AM ET - No 🔴",0,0.679248,0.995,1861.544451,3942.143293,0,1861.544451,0.47221633325848766
"Bitcoin Up or Down - February 4, 12:30PM-12:45PM ET - No 🔴",0,0.516358,0.615,-11305.850274,11305.850275,0,-11305.850274,-0.9999999999115502
"Solana Up or Down - February 4, 12:30PM-12:45PM ET - Yes 🟢",0,0.579915,0.755,-2514.505658,2514.505658,0,-2514.505658,-1
"Solana Up or Down - February 4, 12:30PM-12:45PM ET - Yes 🟢",0,0.66264,0.245,1753.590471,3444.389347,0,1753.590471,0.5091150547563228
"XRP Up or Down - February 4, 12:30PM-12:45PM ET - Yes 🟢",0,0.541066,0.155,566.456876,667.831445,0,566.456876,0.8482033606548728
"Bitcoin Up or Down - February 4, 8:45AM-9:00AM ET - Yes 🟢",0,0.658659,0.825,-3046.407626,13008.962293,0,-3046.407626,-0.234177604438076
"Solana Up or Down - February 8, 4:00AM-4:15AM ET - Yes 🟢",0,0.498517,0.055,-1167.72455,1167.724551,0,-1167.72455,-0.9999999991436336
"Bitcoin Up or Down - February 4, 12PM ET - Yes 🟢",0,0.293729,0.0005,1060.369236,1509.961163,0,1060.369236,0.7022493438793167
"Bitcoin Up or Down - February 11, 4:30AM-4:45AM ET - Yes 🟢",0,0.490007,0.085,-261.624899,261.6249,0,-261.624899,-0.9999999961777338
"XRP Up or Down - February 11, 4:30AM-4:45AM ET - Yes 🟢",0,0.535869,0.965,21.350026,24.649974,0,21.350026,0.8661277289785376
"Bitcoin Up or Down - February 4, 12:45PM-1:00PM ET - No 🔴",0,0.725314,0.775,-3053.061427,9982.657536,0,-3053.061427,-0.3058365386160834
"Ethereum Up or Down - February 4, 12:00PM-4:00PM ET - No 🔴",0,0.164031,0.0135,286.056567,620.544434,0,286.056567,0.46097676705613627
"Solana Up or Down - February 4, 12PM ET - Yes 🟢",0,0.097587,0.0005,1110.704677,406.669973,0,1110.704677,2.7312188033120406
"Ethereum Up or Down - February 4, 12:45PM-1:00PM ET - Yes 🟢",0,0.617299,0.925,-765.460293,4163.004635,0,-765.460293,-0.18387207320512627
"Solana Up or Down - February 4, 12PM ET - No 🔴",0,0.747621,0.9995,-751.467639,2268.842358,0,-751.467639,-0.33121192239306735
"Solana Up or Down - February 4, 12:45PM-1:00PM ET - No 🔴",0,0.222513,0.035,445.890083,359.139467,0,445.890083,1.2415513302524337
"Ethereum Up or Down - February 4, 12:45PM-1:00PM ET - No 🔴",0,0.332039,0.075,-91.661158,3438.019909,0,-91.661158,-0.026661031764257884
"Bitcoin Up or Down - February 8, 4:00AM-4:15AM ET - Yes 🟢",0,0.343879,0.005,-1793.316674,1793.316675,0,-1793.316674,-0.9999999994423738
"XRP Up or Down - February 4, 11:45AM-12:00PM ET - No 🔴",0,0.37719,0.11,-221.143346,221.143346,0,-221.143346,-1
"XRP Up or Down - February 4, 11:45AM-12:00PM ET - Yes 🟢",0,0.680974,0.89,253.392461,540.876537,0,253.392461,0.4684848457384647
"Ethereum Up or Down - February 4, 11:45AM-12:00PM ET - No 🔴",0,0.304506,0.145,-2527.757812,2527.757812,0,-2527.757812,-1
"Ethereum Up or Down - February 4, 11AM ET - Yes 🟢",0,0.016051,0.0005,1363.16121,67.504228,0,1363.16121,20.193716014350983
"XRP Up or Down - February 4, 11AM ET - Yes 🟢",0,0.019121,0.0005,193.278833,12.190693,0,193.278833,15.854622292596492
"XRP Up or Down - February 4, 12:00PM-4:00PM ET - No 🔴",0,0.265578,0.04,-11.242064,735.806713,0,-11.242064,-0.015278555905210938
"Solana Up or Down - February 4, 12:00PM-12:15PM ET - Yes 🟢",0,0.441554,0.025,1696.666958,1341.526454,0,1696.666958,1.2647286625925902
"XRP Up or Down - February 8, 3:45AM-4:00AM ET - Yes 🟢",0,0.471657,0.005,-72.569146,72.569146,0,-72.569146,-1
"Solana Up or Down - February 4, 12:00PM-12:15PM ET - No 🔴",0,0.547559,0.975,-1681.235303,1681.235303,0,-1681.235303,-1
"XRP Up or Down - February 4, 12:00PM-4:00PM ET - Yes 🟢",0,0.984151,0.96,95.344048,2574.76516,0,95.344048,0.03703019191078382
"XRP Up or Down - February 8, 3:45AM-4:00AM ET - Yes 🟢",0,0.649452,0.995,101.593729,188.220303,0,101.593729,0.5397596719414482
"Ethereum Up or Down - February 11, 4:15AM-4:30AM ET - Yes 🟢",0,0.295345,0.125,-69.5567,69.556701,0,-69.5567,-0.99999998562324
"Ethereum Up or Down - February 11, 2:30AM-2:45AM ET - No 🔴",0,0.385607,0.08,-501.657751,501.657751,0,-501.657751,-1
"Ethereum Up or Down - February 4, 12:00PM-12:15PM ET - No 🔴",0,0.490942,0.955,-9654.636582,9654.636582,0,-9654.636582,-1
"Ethereum Up or Down - February 8, 3:45AM-4:00AM ET - Yes 🟢",0,0.458178,0.005,-2406.092244,2406.092245,0,-2406.092244,-0.9999999995843883
"XRP Up or Down - February 4, 12:15PM-12:30PM ET - No 🔴",0,0.730191,0.925,130.552753,353.318256,0,130.552753,0.3695046909775304
"Bitcoin Up or Down - February 8, 3:45AM-4:00AM ET - Yes 🟢",0,0.607867,0.9995,1819.527972,2820.550706,0,1819.527972,0.6450967068698392
"Ethereum Up or Down - February 8, 3:45AM-4:00AM ET - Yes 🟢",0,0.606138,0.995,2763.027446,4252.189677,0,2763.027446,0.6497893217099778
"Bitcoin Up or Down - February 4, 12:15PM-12:30PM ET - No 🔴",0,0.931615,0.9955,584.276774,7959.655008,0,584.276774,0.07340478618894435
"XRP Up or Down - February 11, 4:15AM-4:30AM ET - No 🔴",0,0.64923,0.815,-16.87998,16.87998,0,-16.87998,-1
"Solana Up or Down - February 8, 3:45AM-4:00AM ET - Yes 🟢",0,0.539038,0.005,-896.244349,896.24435,0,-896.244349,-0.9999999988842329
"Solana Up or Down - February 4, 8:00AM-12:00PM ET - Yes 🟢",0,0.004381,0.002,247.96802,3.552202,0,247.96802,69.80684657009934
"Bitcoin Up or Down - February 8, 3:45AM-4:00AM ET - No 🔴",0,0.273736,0.0005,-1332.228917,1332.228917,0,-1332.228917,-1
"XRP Up or Down - February 4, 12:00PM-12:15PM ET - No 🔴",0,0.452947,0.98,-441.048335,441.048336,0,-441.048335,-0.9999999977326748
"Ethereum Up or Down - February 11, 11:15AM-11:30AM ET - Yes 🟢",0,0.204567,0.005,-179.268428,179.268429,0,-179.268428,-0.999999994421773
"XRP Up or Down - February 8, 12:45PM-1:00PM ET - Yes 🟢",0,0.393906,0.075,-18.615997,18.615998,0,-18.615997,-0.9999999462827617
"Solana Up or Down - February 8, 12:00PM-4:00PM ET - No 🔴",0,0.246154,0.0105,-284.091219,284.09122,0,-284.091219,-0.9999999964800038
"Bitcoin Up or Down - February 8, 12:45PM-1:00PM ET - Yes 🟢",0,0.53816,0.295,-5379.18785,5379.187851,0,-5379.18785,-0.9999999998140985
"Bitcoin Up or Down - February 8, 12:45PM-1:00PM ET - No 🔴",0,0.666893,0.705,6593.84949,13201.139779,0,6593.84949,0.499490922782994
"Ethereum Up or Down - February 8, 12:45PM-1:00PM ET - No 🔴",0,0.648063,0.845,2892.473399,5326.251541,0,2892.473399,0.5430598567744211
"Solana Up or Down - February 8, 1:00PM-1:15PM ET - No 🔴",0,0.47,0.045,-329.47,329.47,0,-329.47,-1
"Bitcoin Up or Down - February 8, 1:00PM-1:15PM ET - Yes 🟢",0,0.721835,0.835,2124.445125,5512.910852,0,2124.445125,0.3853581496296614
"Solana Up or Down - February 8, 12:00PM-4:00PM ET - Yes 🟢",0,0.782544,0.9895,513.204611,1846.834254,0,513.204611,0.27788341584441933
"Ethereum Up or Down - February 8, 1PM ET - Yes 🟢",0,0.697736,0.9995,3513.473724,8110.383978,0,3513.473724,0.4332068288666172
"XRP Up or Down - February 11, 3:00AM-3:15AM ET - Yes 🟢",0,0.415,0.285,-14.11,14.11,0,-14.11,-1
"XRP Up or Down - February 8, 1:00PM-1:15PM ET - Yes 🟢",0,0.682066,0.805,177.366385,380.505329,0,177.366385,0.4661337739109562
"Bitcoin Up or Down - February 8, 1:00PM-1:15PM ET - No 🔴",0,0.153163,0.165,-1041.977681,1041.977681,0,-1041.977681,-1
"XRP Up or Down - February 11, 11AM ET - Yes 🟢",0,0.543814,0.0005,-40.028474,496.828225,0,-40.028474,-0.08056803536071247
"XRP Up or Down - February 11, 11AM ET - No 🔴",0,0.838341,0.9995,-6.645599,848.61529,0,-6.645599,-0.007831109194367686
"XRP Up or Down - February 8, 1PM ET - Yes 🟢",0,0.626341,0.9995,613.119554,1027.733615,0,613.119554,0.5965743895610537
"Solana Up or Down - February 11, 11:30AM-11:45AM ET - No 🔴",0,0.792552,0.9965,-106.581826,864.023819,0,-106.581826,-0.12335519421600577
"Ethereum Up or Down - February 11, 11:30AM-11:45AM ET - No 🔴",0,0.741389,0.9995,-542.402275,2954.049405,0,-542.402275,-0.18361313594888912
"Bitcoin Up or Down - February 11, 11:30AM-11:45AM ET - Yes 🟢",0,0.232179,0.005,5800.586365,6472.863885,0,5800.586365,0.8961390920705264
"XRP Up or Down - February 11, 11:30AM-11:45AM ET - Yes 🟢",0,0.344337,0.045,78.229072,176.327677,0,78.229072,0.44365736185590426
"Bitcoin Up or Down - February 11, 11:45AM-12:00PM ET - Yes 🟢",0,0.538671,0.375,-4232.251255,7685.450111,0,-4232.251255,-0.5506835896237854
"XRP Up or Down - February 11, 8:00AM-12:00PM ET - No 🔴",0,0.843763,0.995,-281.386499,4159.77478,0,-281.386499,-0.06764464757873262
"Ethereum Up or Down - February 8, 1:00PM-1:15PM ET - Yes 🟢",0,0.717658,0.845,982.80817,2498.105653,0,982.80817,0.39342137864334753
"Bitcoin Up or Down - February 11, 11:00AM-11:15AM ET - Yes 🟢",0,0.752663,0.9995,-1402.550079,10598.046628,0,-1402.550079,-0.13234043293360004
"Solana Up or Down - February 11, 10:45AM-11:00AM ET - Yes 🟢",0,0.786285,0.985,-113.354588,1497.968049,0,-113.354588,-0.07567223351370694
"Bitcoin Up or Down - February 11, 10:30AM-10:45AM ET - No 🔴",0,0.276948,0.205,2974.888831,3723.759469,0,2974.888831,0.7988939285057781
"Ethereum Up or Down - February 11, 11:00AM-11:15AM ET - No 🔴",0,0.388545,0.0005,55.254249,203.952451,0,55.254249,0.27091730807392944
"Solana Up or Down - February 11, 10:30AM-10:45AM ET - Yes 🟢",0,0.058451,0.295,143.475326,19.019074,0,143.475326,7.543759806602571
"Ethereum Up or Down - February 11, 10:15AM-10:30AM ET - No 🔴",0,0.440852,0.225,386.986014,3173.943086,0,386.986014,0.1219259462171717
"Ethereum Up or Down - February 11, 9AM ET - Yes 🟢",0,0.454849,0.9995,1078.319455,2437.283313,0,1078.319455,0.4424267992352189
"Solana Up or Down - February 11, 11:00AM-11:15AM ET - Yes 🟢",0,0.509581,0.005,-8.968737,365.410838,0,-8.968737,-0.024544255581165877
"Solana Up or Down - February 11, 10:45AM-11:00AM ET - Yes 🟢",0,0.418019,0.015,-2.322853,430.343263,0,-2.322853,-0.005397674832427898
"XRP Up or Down - February 11, 10:45AM-11:00AM ET - Yes 🟢",0,0.743636,0.985,-58.550318,335.777304,0,-58.550318,-0.17437247039186424
"Bitcoin Up or Down - February 11, 10:45AM-11:00AM ET - Yes 🟢",0,0.010091,0.015,5393.082852,119.879953,0,5393.082852,44.98736208213228
"Solana Up or Down - February 11, 11:15AM-11:30AM ET - Yes 🟢",0,0.44874,0.015,-107.252323,107.252323,0,-107.252323,-1
"Ethereum Up or Down - February 8, 12:30PM-12:45PM ET - No 🔴",0,0.430994,0.02,-114.235677,114.235677,0,-114.235677,-1
"Bitcoin Up or Down - February 8, 12:30PM-12:45PM ET - Yes 🟢",0,0.757602,0.975,1593.611946,4980.749007,0,1593.611946,0.31995427670824605
"Ethereum Up or Down - February 8, 12:30PM-12:45PM ET - Yes 🟢",0,0.735981,0.98,1100.461421,3067.653076,0,1100.461421,0.35873072793319993
"Solana Up or Down - February 8, 12:15PM-12:30PM ET - Yes 🟢",0,0.52332,0.995,1130.473783,1241.083201,0,1130.473783,0.9108767100296928
"XRP Up or Down - February 8, 12:15PM-12:30PM ET - Yes 🟢",0,0.666723,0.325,-290.261198,290.261199,0,-290.261198,-0.9999999965548273
"Bitcoin Up or Down - February 8, 12:15PM-12:30PM ET - No 🔴",0,0.472277,0.995,9329.457319,8349.244044,0,9329.457319,1.1174014401584547
"Ethereum Up or Down - February 8, 12:15PM-12:30PM ET - No 🔴",0,0.564599,0.995,2954.483581,3831.17741,0,2954.483581,0.7711685638175655
"Ethereum Up or Down - February 8, 12:00PM-12:15PM ET - Yes 🟢",0,0.728337,0.97,1488.382685,3990.400533,0,1488.382685,0.37299079946769853
"Bitcoin Up or Down - February 11, 11:15AM-11:30AM ET - No 🔴",0,0.685082,0.995,3104.197581,6752.963907,0,3104.197581,0.45967927916544093
"XRP Up or Down - February 11, 11:15AM-11:30AM ET - Yes 🟢",0,0.24,0.015,-4.9464,4.9464,0,-4.9464,-1
"Ethereum Up or Down - February 11, 11:15AM-11:30AM ET - No 🔴",0,0.707412,0.995,1247.428988,3016.002829,0,1247.428988,0.4136033879031882
"XRP Up or Down - February 11, 10:45AM-11:00AM ET - Yes 🟢",0,0.056619,0.015,152.291279,20.221648,0,152.291279,7.531101273249342
"Solana Up or Down - February 11, 12:15PM-12:30PM ET - Yes 🟢",0,0.032538,0.003,-21.019548,21.019548,0,-21.019548,-1
"XRP Up or Down - February 8, 2:00PM-2:15PM ET - No 🔴",0,0.34791,0.025,-19.684747,19.684748,0,-19.684747,-0.9999999491992482
"XRP Up or Down - February 8, 2PM ET - No 🔴",0,0.264463,0.0005,-83.203988,83.203988,0,-83.203988,-1
"XRP Up or Down - February 8, 2:15PM-2:30PM ET - Yes 🟢",0,0.339241,0.045,-175.52945,175.529451,0,-175.52945,-0.9999999943029504
"Bitcoin Up or Down - February 8, 2:15PM-2:30PM ET - Yes 🟢",0,0.223361,0.055,-1308.55426,1308.554261,0,-1308.55426,-0.999999999235798
"Bitcoin Up or Down - February 11, 12PM ET - Yes 🟢",0,0.738069,0.9995,-1372.756425,20335.684368,0,-1372.756425,-0.06750480584563724
"XRP Up or Down - February 11, 12PM ET - No 🔴",0,0.071769,0.0005,155.681832,26.091368,0,155.681832,5.966794535265457
"XRP Up or Down - February 8, 2:00PM-2:15PM ET - Yes 🟢",0,0.684147,0.975,130.79368,283.303005,0,130.79368,0.4616741710875958
"Solana Up or Down - February 8, 2:15PM-2:30PM ET - No 🔴",0,0.482211,0.465,1035.159969,964.032693,0,1035.159969,1.0737809791270223
"Ethereum Up or Down - February 8, 2:15PM-2:30PM ET - Yes 🟢",0,0.657607,0.835,1937.797734,3721.77397,0,1937.797734,0.5206650778956359
"Bitcoin Up or Down - February 11, 8:00AM-12:00PM ET - No 🔴",0,0.693204,0.9995,1102.541859,16235.17104,0,1102.541859,0.06791070178956365
"Bitcoin Up or Down - February 8, 2:15PM-2:30PM ET - No 🔴",0,0.567142,0.945,2294.698677,3006.574899,0,2294.698677,0.7632268458581312
"Ethereum Up or Down - February 8, 2:00PM-2:15PM ET - No 🔴",0,0.48537,0.74,-1478.575034,1478.575034,0,-1478.575034,-1
"Ethereum Up or Down - February 8, 2:15PM-2:30PM ET - No 🔴",0,0.389447,0.165,-813.399251,813.399251,0,-813.399251,-1
"Ethereum Up or Down - February 8, 2PM ET - Yes 🟢",0,0.660006,0.9995,2801.362624,5438.084614,0,2801.362624,0.5151377411061371
"XRP Up or Down - February 11, 12:30PM-12:45PM ET - No 🔴",0,0.656046,0.975,164.99926,314.7139,0,164.99926,0.5242833570426981
"Bitcoin Up or Down - February 8, 2PM ET - Yes 🟢",0,0.646222,0.9995,7646.179277,13966.751084,0,7646.179277,0.547455827845267
"Solana Up or Down - February 11, 12:30PM-12:45PM ET - No 🔴",0,0.556657,0.995,811.167801,1018.494112,0,811.167801,0.7964383803919329
"Solana Up or Down - February 11, 12:30PM-12:45PM ET - Yes 🟢",0,0.251688,0.005,-193.630577,193.630577,0,-193.630577,-1
"XRP Up or Down - February 8, 2PM ET - Yes 🟢",0,0.741745,0.9995,210.169737,603.637303,0,210.169737,0.34817221526152103
"Solana Up or Down - February 11, 12PM ET - Yes 🟢",0,0.829392,0.9995,-152.130603,5410.004253,0,-152.130603,-0.028120237228212764
"Bitcoin Up or Down - February 11, 12:15PM-12:30PM ET - Yes 🟢",0,0.67915,0.9955,2434.233875,5509.21065,0,2434.233875,0.4418480304433449
"Bitcoin Up or Down - February 8, 2:00PM-2:15PM ET - No 🔴",0,0.142647,0.015,-1087.696802,1087.696802,0,-1087.696802,-1
"Ethereum Up or Down - February 11, 8:00AM-12:00PM ET - Yes 🟢",0,0.34163,0.0005,621.232696,5777.769594,0,621.232696,0.10752119583396456
"XRP Up or Down - February 11, 11:45AM-12:00PM ET - Yes 🟢",0,0.745725,0.995,118.336083,347.050147,0,118.336083,0.3409768992260361
"Ethereum Up or Down - February 11, 8:00AM-12:00PM ET - No 🔴",0,0.621094,0.9995,1183.9705,11914.086721,0,1183.9705,0.09937568256181237
"Ethereum Up or Down - February 11, 11:45AM-12:00PM ET - Yes 🟢",0,0.534734,0.315,-2605.979347,3180.948513,0,-2605.979347,-0.8192460004774683
"Bitcoin Up or Down - February 11, 11:45AM-12:00PM ET - No 🔴",0,0.650065,0.625,15761.0548,36646.294827,0,15761.0548,0.43008590293793314
"Solana Up or Down - February 11, 11:45AM-12:00PM ET - Yes 🟢",0,0.074414,0.01,-99.699336,94.513944,0,-99.699336,-1
"XRP Up or Down - February 11, 11:45AM-12:00PM ET - Yes 🟢",0,0.123298,0.005,-23.785677,23.785677,0,-23.785677,-1
"XRP Up or Down - February 11, 12:00PM-4:00PM ET - No 🔴",0,0.244648,0.0005,88.093094,124.490784,0,88.093094,0.7076274336901918
"Bitcoin Up or Down - February 8, 1:45PM-2:00PM ET - Yes 🟢",0,0.381436,0.005,-4304.727187,4304.727187,0,-4304.727187,-1
"Bitcoin Up or Down - February 8, 1:45PM-2:00PM ET - Yes 🟢",0,0.669115,0.995,5005.65054,10122.416735,0,5005.65054,0.4945114068157361
"Ethereum Up or Down - February 8, 1:45PM-2:00PM ET - Yes 🟢",0,0.45823,0.005,-596.287559,596.28756,0,-596.287559,-0.9999999983229568
"Ethereum Up or Down - February 8, 2:00PM-2:15PM ET - Yes 🟢",0,0.733128,0.26,2381.943879,6543.473097,0,2381.943879,0.36401828871154895
"Bitcoin Up or Down - February 11, 11AM ET - No 🔴",0,0.613515,0.9995,-2366.147683,13212.406469,0,-2366.147683,-0.17908529294429779
"Ethereum Up or Down - February 11, 11AM ET - No 🔴",0,0.632564,0.9995,368.002271,4635.694389,0,368.002271,0.07938449779459782
"XRP Up or Down - February 8, 1:15PM-1:30PM ET - Yes 🟢",0,0.564976,0.725,-662.212238,662.212239,0,-662.212238,-0.9999999984899103
"Ethereum Up or Down - February 8, 1:15PM-1:30PM ET - No 🔴",0,0.566932,0.025,-4418.914918,4418.914919,0,-4418.914918,-0.9999999997737002
"Bitcoin Up or Down - February 8, 1:15PM-1:30PM ET - No 🔴",0,0.501882,0.055,-14492.277115,14492.277116,0,-14492.277115,-0.9999999999309979
"Ethereum Up or Down - February 8, 1:30PM-1:45PM ET - Yes 🟢",0,0.708193,0.985,1716.203116,4165.092112,0,1716.203116,0.4120444566052852
"Solana Up or Down - February 8, 1:15PM-1:30PM ET - No 🔴",0,0.576065,0.015,-879.613317,879.613318,0,-879.613317,-0.9999999988631368
"Bitcoin Up or Down - February 11, 11AM ET - Yes 🟢",0,0.05,0.0005,2322.749959,1080.116149,0,2322.749959,2.1504631341272544
"Solana Up or Down - February 11, 11AM ET - Yes 🟢",0,0.01,0.0005,65.754628,21.828088,0,65.754628,3.0123860596493834
"Solana Up or Down - February 8, 2PM ET - Yes 🟢",0,0.12675,0.0005,-190.824461,190.824462,0,-190.824461,-0.9999999947595817
"Bitcoin Up or Down - February 8, 2:00PM-2:15PM ET - Yes 🟢",0,0.711617,0.985,2209.958907,5453.318426,0,2209.958907,0.40525029612492325
"Bitcoin Up or Down - February 8, 12:00PM-4:00PM ET - Yes 🟢",0,0.7614,0.989,2164.730943,6907.905032,0,2164.730943,0.31337010757561906
"Ethereum Up or Down - February 8, 11AM ET - Yes 🟢",0,0.535505,0.0005,-3862.842231,3862.842231,0,-3862.842231,-1
"XRP Up or Down - February 11, 10AM ET - No 🔴",0,0.690614,0.9995,-178.888213,648.130357,0,-178.888213,-0.2760065333585355
"Solana Up or Down - February 11, 10AM ET - No 🔴",0,0.622573,0.9995,-648.053309,2964.010217,0,-648.053309,-0.21864071361262788
"Bitcoin Up or Down - February 11, 10AM ET - No 🔴",0,0.6529,0.9995,-3939.292933,18971.349334,0,-3939.292933,-0.20764432005582723
"Ethereum Up or Down - February 11, 10AM ET - No 🔴",0,0.83705,0.9995,-677.266812,3054.344952,0,-677.266812,-0.22173880902238052
"Bitcoin Up or Down - February 8, 12:00PM-12:15PM ET - Yes 🟢",0,0.770475,0.965,1673.253662,5616.817845,0,1673.253662,0.2979006455567192
"Ethereum Up or Down - February 8, 12:00PM-4:00PM ET - Yes 🟢",0,0.760097,0.9975,793.171768,2513.046864,0,793.171768,0.31562155857989604
"Bitcoin Up or Down - February 8, 12PM ET - Yes 🟢",0,0.678976,0.9995,4277.65278,9047.372079,0,4277.65278,0.47280610796685685
"Solana Up or Down - February 8, 12:00PM-12:15PM ET - Yes 🟢",0,0.814319,0.975,327.435929,1435.996675,0,327.435929,0.2280199771353927
"XRP Up or Down - February 8, 12:00PM-4:00PM ET - No 🔴",0,0.21134,0.005,-68.114228,68.114229,0,-68.114228,-0.9999999853187798
"Bitcoin Up or Down - February 11, 10:30AM-10:45AM ET - Yes 🟢",0,0.686121,0.795,-1681.739561,10966.666904,0,-1681.739561,-0.15335010862658732
"Ethereum Up or Down - February 8, 12PM ET - No 🔴",0,0.208982,0.0005,-1312.540034,1312.540034,0,-1312.540034,-1
"Bitcoin Up or Down - February 11, 10:15AM-10:30AM ET - No 🔴",0,0.437213,0.475,2036.793973,15163.064827,0,2036.793973,0.1343260083788073
"XRP Up or Down - February 11, 10:15AM-10:30AM ET - Yes 🟢",0,0.456453,0.105,60.418636,683.613164,0,60.418636,0.08838132321278705
"XRP Up or Down - February 11, 11:00AM-11:15AM ET - Yes 🟢",0,0.647934,0.995,-67.578861,299.12521,0,-67.578861,-0.22592165000068035
"Solana Up or Down - February 8, 12:30PM-12:45PM ET - Yes 🟢",0,0.437874,0.015,-45.959255,45.959255,0,-45.959255,-1
"XRP Up or Down - February 8, 12:30PM-12:45PM ET - No 🔴",0,0.13961,0.015,-23.622012,23.622012,0,-23.622012,-1
"Bitcoin Up or Down - February 8, 10:00AM-10:15AM ET - Yes 🟢",0,0.672669,0.935,1077.896993,2215.090818,0,1077.896993,0.48661525940197364
"XRP Up or Down - February 8, 10:00AM-10:15AM ET - Yes 🟢",0,0.537325,0.08,-93.38428,93.384281,0,-93.38428,-0.9999999892915598
"Solana Up or Down - February 8, 10:00AM-10:15AM ET - Yes 🟢",0,0.606469,0.895,46.294986,71.345013,0,46.294986,0.6488888858987244
"Ethereum Up or Down - February 8, 10:00AM-10:15AM ET - Yes 🟢",0,0.488656,0.72,895.34202,855.616279,0,895.34202,1.0464293889387302
"Solana Up or Down - February 8, 10:00AM-10:15AM ET - Yes 🟢",0,0.575171,0.105,-155.515555,155.515556,0,-155.515555,-0.9999999935697751
"Ethereum Up or Down - February 8, 12:00PM-4:00PM ET - No 🔴",0,0.218736,0.0025,-215.05969,215.059691,0,-215.05969,-0.9999999953501282
"Bitcoin Up or Down - February 11, 9:30AM-9:45AM ET - Yes 🟢",0,0.786836,0.985,3067.899138,11324.301883,0,3067.899138,0.27091287124776486
"Bitcoin Up or Down - February 11, 9:15AM-9:30AM ET - Yes 🟢",0,0.024016,0.0005,-97.511863,97.511863,0,-97.511863,-1
"Ethereum Up or Down - February 11, 9:30AM-9:45AM ET - Yes 🟢",0,0.308997,0.035,-909.126684,909.126685,0,-909.126684,-0.9999999989000433
"Solana Up or Down - February 11, 9:30AM-9:45AM ET - Yes 🟢",0,0.319935,0.075,-601.382637,601.382638,0,-601.382637,-0.9999999983371651
"Solana Up or Down - February 8, 10AM ET - No 🔴",0,0.656045,0.9995,582.699983,1111.416932,0,582.699983,0.5242856809383213
"Solana Up or Down - February 11, 9:45AM-10:00AM ET - Yes 🟢",0,0.655845,0.995,775.008185,1476.907915,0,775.008185,0.5247505122890482
"XRP Up or Down - February 11, 9:45AM-10:00AM ET - Yes 🟢",0,0.833338,0.995,32.993903,164.975062,0,32.993903,0.19999327534727646
"XRP Up or Down - February 11, 9:45AM-10:00AM ET - Yes 🟢",0,0.233467,0.005,-22.237739,22.23774,0,-22.237739,-0.9999999550314017
"Ethereum Up or Down - February 11, 9:45AM-10:00AM ET - No 🔴",0,0.689518,0.995,970.008809,2154.194234,0,970.008809,0.45028846224272273
"XRP Up or Down - February 8, 10AM ET - Yes 🟢",0,0.381274,0.0005,-10.713717,10.713717,0,-10.713717,-1
"Solana Up or Down - February 8, 10AM ET - Yes 🟢",0,0.272968,0.0005,-437.906801,437.906801,0,-437.906801,-1
"Ethereum Up or Down - February 8, 11AM ET - No 🔴",0,0.517305,0.9995,4190.164336,4490.605791,0,4190.164336,0.9330955623844471
"Solana Up or Down - February 11, 10:00AM-10:15AM ET - Yes 🟢",0,0.640481,0.995,277.54121,494.438046,0,277.54121,0.5613265650677699
"Bitcoin Up or Down - February 11, 10:00AM-10:15AM ET - No 🔴",0,0.72724,0.9995,4069.497631,10850.20332,0,4069.497631,0.3750618777344718
"Ethereum Up or Down - February 11, 10:00AM-10:15AM ET - Yes 🟢",0,0.169121,0.0005,-454.685798,454.685798,0,-454.685798,-1
"XRP Up or Down - February 11, 10:00AM-10:15AM ET - Yes 🟢",0,0.297645,0.005,-194.057547,194.057547,0,-194.057547,-1
"Solana Up or Down - February 11, 10:00AM-10:15AM ET - Yes 🟢",0,0.281977,0.005,-256.425524,256.425524,0,-256.425524,-1
"Bitcoin Up or Down - February 8, 10AM ET - No 🔴",0,0.677839,0.9995,8640.994569,18180.981304,0,8640.994569,0.4752765774583847
"Solana Up or Down - February 11, 10:15AM-10:30AM ET - Yes 🟢",0,0.804579,0.75,-1292.451051,3489.857752,0,-1292.451051,-0.37034490883168814
"XRP Up or Down - February 8, 11AM ET - Yes 🟢",0,0.488649,0.0005,-423.069837,423.069838,0,-423.069837,-0.9999999976363241
"Bitcoin Up or Down - February 8, 11AM ET - No 🔴",0,0.617383,0.9995,7675.97066,12385.789953,0,7675.97066,0.6197400964434069
"Solana Up or Down - February 11, 10AM ET - Yes 🟢",0,0.506746,0.0005,-158.585038,2303.760576,0,-158.585038,-0.06883746499184817
"XRP Up or Down - February 8, 11AM ET - No 🔴",0,0.603747,0.9995,497.58298,758.137432,0,497.58298,0.6563229290596485
"Ethereum Up or Down - February 8, 10AM ET - Yes 🟢",0,0.239478,0.0005,-872.51849,872.518491,0,-872.51849,-0.9999999988538925
"XRP Up or Down - February 11, 10AM ET - Yes 🟢",0,0.030705,0.0005,138.403042,29.501634,0,138.403042,4.691368688256386
"XRP Up or Down - February 8, 12:00PM-4:00PM ET - Yes 🟢",0,0.836812,0.995,72.629332,372.43607,0,72.629332,0.19501154117537545
"XRP Up or Down - February 8, 12:00PM-12:15PM ET - Yes 🟢",0,0.753237,0.965,101.038312,308.416558,0,101.038312,0.3276033967021965
"XRP Up or Down - February 8, 12PM ET - Yes 🟢",0,0.671103,0.9995,145.944302,297.794322,0,145.944302,0.4900842333723206
"Solana Up or Down - February 8, 12PM ET - Yes 🟢",0,0.75897,0.9995,791.580662,2492.577586,0,791.580662,0.31757513444959623
"Bitcoin Up or Down - February 8, 12:00PM-12:15PM ET - Yes 🟢",0,0.01,0.035,-2.39,2.39,0,-2.39,-1
"Bitcoin Up or Down - February 8, 12PM ET - No 🔴",0,0.037329,0.0005,-265.67509,265.675091,0,-265.67509,-0.9999999962360039
"Solana Up or Down - February 11, 10:30AM-10:45AM ET - Yes 🟢",0,0.756362,0.705,413.946711,1789.532631,0,413.946711,0.2313155422981499
"Bitcoin Up or Down - February 11, 11:00AM-11:15AM ET - Yes 🟢",0,0.168091,0.0005,3237.293625,1647.942675,0,3237.293625,1.9644455320631828
"Solana Up or Down - February 11, 10:15AM-10:30AM ET - Yes 🟢",0,0.411095,0.25,360.234751,1779.853999,0,360.234751,0.2023956747027541
"XRP Up or Down - February 11, 10:30AM-10:45AM ET - Yes 🟢",0,0.264332,0.32,313.272856,353.608844,0,313.272856,0.8859304887747661
"Bitcoin Up or Down - February 8, 8:00AM-12:00PM ET - No 🔴",0,0.497641,0.996,1430.49731,2275.22052,0,1430.49731,0.6287290824891119
"Ethereum Up or Down - February 11, 10:15AM-10:30AM ET - Yes 🟢",0,0.678162,0.775,-923.637789,5557.177057,0,-923.637789,-0.1662062913465311
"Ethereum Up or Down - February 11, 10:30AM-10:45AM ET - No 🔴",0,0.353195,0.245,162.660687,406.619363,0,162.660687,0.400031827800586
"XRP Up or Down - February 11, 11:00AM-11:15AM ET - Yes 🟢",0,0.247482,0.005,102.727673,127.385977,0,102.727673,0.8064284265763413
"XRP Up or Down - February 11, 10:15AM-10:30AM ET - Yes 🟢",0,0.584398,0.895,-119.715479,877.881264,0,-119.715479,-0.13636864563497508
"Ethereum Up or Down - February 11, 10:45AM-11:00AM ET - Yes 🟢",0,0.131928,0.025,503.33101,298.582057,0,503.33101,1.6857376329214582
"Ethereum Up or Down - February 11, 10:30AM-10:45AM ET - Yes 🟢",0,0.629746,0.755,864.276933,2438.263397,0,864.276933,0.3544641379038016
"Bitcoin Up or Down - February 11, 10:45AM-11:00AM ET - Yes 🟢",0,0.758038,0.985,-514.568841,14002.84579,0,-514.568841,-0.036747447534377226
"Solana Up or Down - February 11, 11:00AM-11:15AM ET - Yes 🟢",0,0.770989,0.995,-26.666571,1110.223115,0,-26.666571,-0.024019109888556055
"XRP Up or Down - February 11, 10:30AM-10:45AM ET - Yes 🟢",0,0.785521,0.68,-330.773324,1230.983862,0,-330.773324,-0.2687064666002908
"Ethereum Up or Down - February 11, 11:00AM-11:15AM ET - Yes 🟢",0,0.710931,0.9995,589.203949,2086.565598,0,589.203949,0.28237978694020427
"Ethereum Up or Down - February 11, 10:45AM-11:00AM ET - No 🔴",0,0.759668,0.975,-4.124019,3175.607099,0,-4.124019,-0.0012986553032012856
"Bitcoin Up or Down - February 11, 10:15AM-10:30AM ET - Yes 🟢",0,0.692242,0.525,-6531.868814,23995.576796,0,-6531.868814,-0.27221136918404254
"Ethereum Up or Down - February 8, 10:00AM-10:15AM ET - Yes 🟢",0,0.62482,0.28,-1023.227526,1023.227527,0,-1023.227526,-0.9999999990227002
"Solana Up or Down - February 11, 9AM ET - Yes 🟢",0,0.576015,0.0005,-220.149379,1465.07203,0,-220.149379,-0.150265225526147
"XRP Up or Down - February 11, 9AM ET - Yes 🟢",0,0.631735,0.0005,-139.601477,669.458578,0,-139.601477,-0.2085289241002152
"Ethereum Up or Down - February 11, 9:15AM-9:30AM ET - Yes 🟢",0,0.049987,0.0015,-11.165345,11.165345,0,-11.165345,-1
"Bitcoin Up or Down - February 11, 9:30AM-9:45AM ET - Yes 🟢",0,0.208775,0.015,-3077.77718,3077.77718,0,-3077.77718,-1
"Ethereum Up or Down - February 11, 9:15AM-9:30AM ET - No 🔴",0,0.79187,0.9985,226.776595,862.814505,0,226.776595,0.26283354496920514
"XRP Up or Down - February 11, 9:30AM-9:45AM ET - Yes 🟢",0,0.245564,0.035,-182.071464,182.071465,0,-182.071464,-0.9999999945076512
"XRP Up or Down - February 11, 9:30AM-9:45AM ET - Yes 🟢",0,0.897061,0.965,83.578628,728.345216,0,83.578628,0.11475139283402665
"Solana Up or Down - February 11, 9:30AM-9:45AM ET - Yes 🟢",0,0.845867,0.925,193.167537,1060.084767,0,193.167537,0.18221895362826207
"XRP Up or Down - February 8, 10AM ET - No 🔴",0,0.697547,0.9995,107.192453,247.217831,0,107.192453,0.4335951519613486
"Ethereum Up or Down - February 8, 10AM ET - No 🔴",0,0.713356,0.9995,1361.66737,3388.710697,0,1361.66737,0.4018246146552061
"Bitcoin Up or Down - February 11, 10AM ET - Yes 🟢",0,0.540053,0.0005,1004.391607,15518.13634,0,1004.391607,0.06472372616105009
"Bitcoin Up or Down - February 11, 9:45AM-10:00AM ET - No 🔴",0,0.685865,0.9975,5987.905585,13073.662166,0,5987.905585,0.4580128742023362
"Ethereum Up or Down - February 11, 9:45AM-10:00AM ET - Yes 🟢",0,0.101758,0.005,-187.259141,187.259142,0,-187.259141,-0.9999999946598068
"Solana Up or Down - February 11, 9:45AM-10:00AM ET - Yes 🟢",0,0.084526,0.005,-16.889575,16.889575,0,-16.889575,-1
"Ethereum Up or Down - February 11, 10:00AM-10:15AM ET - No 🔴",0,0.620083,0.9995,1395.267517,2277.291272,0,1395.267517,0.6126873334804579
"Bitcoin Up or Down - February 11, 10:00AM-10:15AM ET - Yes 🟢",0,0.137933,0.0005,-2267.267005,2267.267006,0,-2267.267005,-0.9999999995589404
"XRP Up or Down - February 11, 10:00AM-10:15AM ET - Yes 🟢",0,0.671674,0.995,223.142927,456.495381,0,223.142927,0.48881749145233955
"Bitcoin Up or Down - February 8, 10AM ET - Yes 🟢",0,0.405449,0.0005,-11801.06565,11801.065651,0,-11801.06565,-0.999999999915262
"Bitcoin Up or Down - February 8, 11AM ET - Yes 🟢",0,0.503683,0.0005,-5899.337881,5899.337881,0,-5899.337881,-1
"Solana Up or Down - February 8, 11AM ET - No 🔴",0,0.657493,0.9995,1549.997792,2975.450717,0,1549.997792,0.5209287396844489
"Solana Up or Down - February 8, 11AM ET - Yes 🟢",0,0.419379,0.0005,-1080.956982,1080.956983,0,-1080.956982,-0.9999999990748937
"Ethereum Up or Down - February 11, 10AM ET - Yes 🟢",0,0.013636,0.0005,825.549176,46.823421,0,825.549176,17.631116188627054
"Bitcoin Up or Down - February 11, 9:45AM-10:00AM ET - Yes 🟢",0,0.227685,0.0025,-3989.800353,3989.800354,0,-3989.800353,-0.9999999997493609
"Solana Up or Down - February 8, 3:45PM-4:00PM ET - No 🔴",0,0.57319,0.989,335.754828,450.906282,0,335.754828,0.7446222006727331
"Ethereum Up or Down - February 8, 3:45PM-4:00PM ET - Yes 🟢",0,0.60913,0.985,3296.207512,5136.79454,0,3296.207512,0.6416856828383095
"Bitcoin Up or Down - February 8, 3:30PM-3:45PM ET - Yes 🟢",0,0.271682,0.085,-1519.297916,1519.297916,0,-1519.297916,-1
"Solana Up or Down - February 8, 3:30PM-3:45PM ET - Yes 🟢",0,0.644552,0.88,647.6227,1174.367297,0,647.6227,0.5514652031390823
"XRP Up or Down - February 8, 3:30PM-3:45PM ET - Yes 🟢",0,0.578643,0.545,-525.691452,525.691453,0,-525.691452,-0.9999999980977434
"Ethereum Up or Down - February 8, 3:30PM-3:45PM ET - Yes 🟢",0,0.696392,0.675,-6735.936152,6735.936153,0,-6735.936152,-0.9999999998515426
"Bitcoin Up or Down - February 8, 3:30PM-3:45PM ET - Yes 🟢",0,0.681569,0.915,2460.355185,5266.138734,0,2460.355185,0.4672028803789581
"Solana Up or Down - February 8, 3:30PM-3:45PM ET - No 🔴",0,0.457569,0.12,-37.662504,37.662504,0,-37.662504,-1
"XRP Up or Down - February 8, 3:30PM-3:45PM ET - Yes 🟢",0,0.552921,0.455,511.479922,632.568272,0,511.479922,0.808576630602807
"Ethereum Up or Down - February 8, 3:30PM-3:45PM ET - No 🔴",0,0.519041,0.325,1688.916952,1822.644225,0,1688.916952,0.9266300734033819
"Ethereum Up or Down - February 11, 12:00PM-12:15PM ET - No 🔴",0,0.522811,0.465,-321.411902,5960.316253,0,-321.411902,-0.05392531006022106
"XRP Up or Down - February 8, 4:00PM-4:15PM ET - Yes 🟢",0,0.258142,0.055,-15.562516,15.562516,0,-15.562516,-1
"XRP Up or Down - February 8, 4:00PM-4:15PM ET - Yes 🟢",0,0.648706,0.945,57.974306,107.056427,0,57.974306,0.541530365103629
"Ethereum Up or Down - February 8, 4:00PM-4:15PM ET - Yes 🟢",0,0.40718,0.025,-747.407392,747.407393,0,-747.407392,-0.9999999986620416
"Bitcoin Up or Down - February 8, 4:00PM-4:15PM ET - Yes 🟢",0,0.643653,0.985,2156.595823,3895.358657,0,2156.595823,0.5536321589090584
"Ethereum Up or Down - February 11, 1:15PM-1:30PM ET - No 🔴",0,0.155516,0.0015,-294.207605,294.207606,0,-294.207605,-0.9999999966010397
"Bitcoin Up or Down - February 11, 1:00PM-1:15PM ET - No 🔴",0,0.722867,0.985,4226.289458,11023.750985,0,4226.289458,0.3833803451974474
"Solana Up or Down - February 11, 1:00PM-1:15PM ET - Yes 🟢",0,0.055437,0.015,-61.649638,61.649638,0,-61.649638,-1
"Ethereum Up or Down - February 11, 1:00PM-1:15PM ET - Yes 🟢",0,0.750034,0.9875,617.236714,1852.045966,0,617.236714,0.33327289134896126
"XRP Up or Down - February 11, 1:00PM-1:15PM ET - Yes 🟢",0,0.728678,0.975,103.790163,278.744845,0,103.790163,0.3723482778668068
"XRP Up or Down - February 11, 1:15PM-1:30PM ET - Yes 🟢",0,0.925538,0.998,29.971451,372.535214,0,29.971451,0.08045266561029046
"Solana Up or Down - February 11, 1:15PM-1:30PM ET - Yes 🟢",0,0.86881,0.997,162.098834,1073.504751,0,162.098834,0.15099964285113818
"XRP Up or Down - February 8, 3:45PM-4:00PM ET - Yes 🟢",0,0.715929,0.975,177.496097,447.333954,0,177.496097,0.39678655155248954
"XRP Up or Down - February 8, 3PM ET - No 🔴",0,0.808849,0.9995,145.757544,616.768127,0,145.757544,0.23632470229772426
"XRP Up or Down - February 8, 3:00PM-3:15PM ET - Yes 🟢",0,0.937585,0.955,21.72042,326.27958,0,21.72042,0.0665699643232347
"Solana Up or Down - February 8, 3PM ET - Yes 🟢",0,0.765674,0.9995,603.156858,1970.850544,0,603.156858,0.30603886217360987
"Ethereum Up or Down - February 8, 3PM ET - No 🔴",0,0.680149,0.9995,2148.922346,4569.588293,0,2148.922346,0.4702660739243976
"Solana Up or Down - February 8, 3:15PM-3:30PM ET - Yes 🟢",0,0.479264,0.155,-978.355357,978.355357,0,-978.355357,-1
"Solana Up or Down - February 11, 12:00PM-4:00PM ET - No 🔴",0,0.244501,0.006,363.532807,556.896648,0,363.532807,0.652783255754127
"Bitcoin Up or Down - February 8, 3:15PM-3:30PM ET - Yes 🟢",0,0.446035,0.475,-6141.529007,6141.529008,0,-6141.529007,-0.999999999837174
"XRP Up or Down - February 8, 3:00PM-3:15PM ET - Yes 🟢",0,0.171078,0.045,-52.126417,52.126417,0,-52.126417,-1
"XRP Up or Down - February 8, 3:15PM-3:30PM ET - Yes 🟢",0,0.579288,0.89,276.307051,380.453515,0,276.307051,0.7262570592888332
"XRP Up or Down - February 8, 3:45PM-4:00PM ET - Yes 🟢",0,0.513167,0.025,-70.277236,70.277236,0,-70.277236,-1
"Ethereum Up or Down - February 11, 12:30PM-12:45PM ET - Yes 🟢",0,0.715909,0.615,1454.484188,3665.298516,0,1454.484188,0.3968255741383112
"Ethereum Up or Down - February 8, 3:45PM-4:00PM ET - Yes 🟢",0,0.674288,0.015,-2843.47417,2843.474171,0,-2843.47417,-0.9999999996483175
"Solana Up or Down - February 11, 12:45PM-1:00PM ET - Yes 🟢",0,0.680518,0.985,1304.503497,2778.679585,0,1304.503497,0.46946884557760193
"Solana Up or Down - February 8, 3:45PM-4:00PM ET - Yes 🟢",0,0.550094,0.011,-64.305988,64.305989,0,-64.305988,-0.9999999844493489
"XRP Up or Down - February 11, 12:45PM-1:00PM ET - Yes 🟢",0,0.369862,0.095,-135.388978,135.388978,0,-135.388978,-1
"Bitcoin Up or Down - February 11, 12:30PM-12:45PM ET - Yes 🟢",0,0.550966,0.055,-6031.116363,6031.116364,0,-6031.116363,-0.9999999998341932
"Bitcoin Up or Down - February 11, 12:30PM-12:45PM ET - No 🔴",0,0.598514,0.945,4652.035211,6935.006956,0,4652.035211,0.6708046928453578
"Bitcoin Up or Down - February 11, 12:45PM-1:00PM ET - No 🔴",0,0.615023,0.625,7747.76758,12377.506346,0,7747.76758,0.6259554520449768
"Bitcoin Up or Down - February 11, 12:45PM-1:00PM ET - Yes 🟢",0,0.619657,0.375,-8130.900742,8130.900742,0,-8130.900742,-1
"Ethereum Up or Down - February 8, 3PM ET - Yes 🟢",0,0.005002,0.0005,-7.155673,7.155673,0,-7.155673,-1
"XRP Up or Down - February 11, 12:45PM-1:00PM ET - Yes 🟢",0,0.693547,0.905,117.421779,265.742292,0,117.421779,0.44186334857080256
"Ethereum Up or Down - February 11, 12:45PM-1:00PM ET - Yes 🟢",0,0.548935,0.285,-2161.025421,2161.025422,0,-2161.025421,-0.9999999995372566
"Bitcoin Up or Down - February 8, 3:45PM-4:00PM ET - Yes 🟢",0,0.715758,0.997,2091.997824,5267.920219,0,2091.997824,0.3971202556285335
"Ethereum Up or Down - February 11, 12:45PM-1:00PM ET - Yes 🟢",0,0.634122,0.715,2408.106204,4173.612851,0,2408.106204,0.5769836086792326
"XRP Up or Down - February 11, 1PM ET - Yes 🟢",0,0.808794,0.9995,-164.997402,837.933331,0,-164.997402,-0.1969099400820947
"Ethereum Up or Down - February 8, 4PM ET - Yes 🟢",0,0.464535,0.0005,-3239.916743,3239.916744,0,-3239.916743,-0.9999999996913502
"Ethereum Up or Down - February 8, 4PM ET - No 🔴",0,0.492011,0.9995,3301.698832,3197.849056,0,3301.698832,1.032474883642538
"Ethereum Up or Down - February 8, 4:00PM-8:00PM ET - No 🔴",0,0.778777,0.9995,286.096642,3046.230874,0,286.096642,0.09391823989503692
"XRP Up or Down - February 8, 4PM ET - No 🔴",0,0.56689,0.9995,186.575912,244.205904,0,186.575912,0.7640106522567939
"Ethereum Up or Down - February 11, 12:00PM-4:00PM ET - No 🔴",0,0.01782,0.0005,478.741576,35.753973,0,478.741576,13.389884698967581
"XRP Up or Down - February 11, 12:00PM-4:00PM ET - Yes 🟢",0,0.784661,0.9995,39.721765,838.60621,0,39.721765,0.04736640931862404
"Solana Up or Down - February 8, 4PM ET - No 🔴",0,0.66502,0.9995,1533.469643,3044.324981,0,1533.469643,0.5037141739369381
"Solana Up or Down - February 8, 4:45PM-5:00PM ET - Yes 🟢",0,0.664798,0.765,870.214623,1725.875566,0,870.214623,0.5042163178756075
"XRP Up or Down - February 8, 4:45PM-5:00PM ET - Yes 🟢",0,0.611442,0.745,257.940054,405.899204,0,257.940054,0.6354780976609158
"XRP Up or Down - February 11, 1:15PM-1:30PM ET - Yes 🟢",0,0.085581,0.002,-40.373882,40.373883,0,-40.373882,-0.999999975231513
"Bitcoin Up or Down - February 8, 5:00PM-5:15PM ET - Yes 🟢",0,0.826698,0.685,1836.077517,8758.592582,0,1836.077517,0.20963157034765703
"Solana Up or Down - February 8, 5:15PM-5:30PM ET - Yes 🟢",0,0.583472,0.215,-1445.340844,1445.340844,0,-1445.340844,-1
"XRP Up or Down - February 8, 5:15PM-5:30PM ET - Yes 🟢",0,0.681891,0.505,289.985133,621.605339,0,289.985133,0.46651004231480714
"Solana Up or Down - February 11, 2:00PM-2:15PM ET - Yes 🟢",0,0.293591,0.085,278.304101,401.279849,0,278.304101,0.6935411825277078
"Solana Up or Down - February 8, 2PM ET - Yes 🟢",0,0.728063,0.9995,753.260011,2016.719841,0,753.260011,0.3735075123902646
"Solana Up or Down - February 8, 2:45PM-3:00PM ET - Yes 🟢",0,0.757142,0.925,719.272245,2242.426548,0,719.272245,0.32075621189978887
"Solana Up or Down - February 11, 12PM ET - No 🔴",0,0.152369,0.0005,354.729276,519.04753,0,354.729276,0.6834234930277002
"Bitcoin Up or Down - February 8, 2:30PM-2:45PM ET - No 🔴",0,0.308195,0.065,-2720.24963,2720.249631,0,-2720.24963,-0.9999999996323865
"XRP Up or Down - February 8, 2:30PM-2:45PM ET - Yes 🟢",0,0.483755,0.515,222.434756,208.435773,0,222.434756,1.0671620940998452
"Solana Up or Down - February 8, 3:15PM-3:30PM ET - Yes 🟢",0,0.750112,0.845,781.967308,2347.30384,0,781.967308,0.3331342515930958
"XRP Up or Down - February 8, 3:15PM-3:30PM ET - No 🔴",0,0.539557,0.11,-85.339931,85.339931,0,-85.339931,-1
"XRP Up or Down - February 8, 5:00PM-5:15PM ET - No 🔴",0,0.525455,0.21,-210.739382,210.739382,0,-210.739382,-1
"XRP Up or Down - February 8, 4:15PM-4:30PM ET - Yes 🟢",0,0.664408,0.865,223.299943,442.091197,0,223.299943,0.5050992747996292
"XRP Up or Down - February 8, 4:15PM-4:30PM ET - Yes 🟢",0,0.485271,0.135,-114.160002,114.160003,0,-114.160002,-0.9999999912403646
"Ethereum Up or Down - February 8, 4:15PM-4:30PM ET - No 🔴",0,0.550244,0.235,4202.993048,5142.058599,0,4202.993048,0.8173755641013846
"Ethereum Up or Down - February 8, 4:15PM-4:30PM ET - Yes 🟢",0,0.717164,0.765,-10936.580406,10936.580406,0,-10936.580406,-1
"Bitcoin Up or Down - February 8, 4:15PM-4:30PM ET - Yes 🟢",0,0.535068,0.35,-9879.808025,9879.808026,0,-9879.808025,-0.9999999998987835
"XRP Up or Down - February 8, 4:30PM-4:45PM ET - Yes 🟢",0,0.339965,0.015,-36.825572,36.825573,0,-36.825572,-0.9999999728449577
"Solana Up or Down - February 8, 4:30PM-4:45PM ET - Yes 🟢",0,0.720926,0.985,381.974778,986.747419,0,381.974778,0.3871049172716407
"Ethereum Up or Down - February 8, 4:00PM-8:00PM ET - Yes 🟢",0,0.368876,0.0005,-537.680826,1442.331614,0,-537.680826,-0.3727858564431356
"XRP Up or Down - February 11, 1:30PM-1:45PM ET - Yes 🟢",0,0.690632,0.975,-34.420522,166.84334,0,-34.420522,-0.20630444104031959
"Solana Up or Down - February 11, 1:30PM-1:45PM ET - Yes 🟢",0,0.59289,0.075,-131.068433,806.222585,0,-131.068433,-0.16257102621356112
"Bitcoin Up or Down - February 11, 1:30PM-1:45PM ET - Yes 🟢",0,0.61759,0.955,-1331.139594,8005.534892,0,-1331.139594,-0.16627740831286852
"XRP Up or Down - February 8, 4PM ET - Yes 🟢",0,0.332093,0.0005,-161.446749,161.446749,0,-161.446749,-1
"Ethereum Up or Down - February 8, 4:30PM-4:45PM ET - No 🔴",0,0.791745,0.9755,276.226465,1050.159289,0,276.226465,0.26303292071342144
"Bitcoin Up or Down - February 8, 4:30PM-4:45PM ET - No 🔴",0,0.76573,0.955,1253.319688,4096.574403,0,1253.319688,0.30594334795485956
"Bitcoin Up or Down - February 8, 4:30PM-4:45PM ET - Yes 🟢",0,0.051785,0.045,-210.508774,210.508774,0,-210.508774,-1
"Ethereum Up or Down - February 11, 1PM ET - No 🔴",0,0.035262,0.0005,1355.862966,197.434937,0,1355.862966,6.867391286477326
"XRP Up or Down - February 8, 4:30PM-4:45PM ET - Yes 🟢",0,0.858274,0.985,84.744774,513.203201,0,84.744774,0.16512908305106225
"XRP Up or Down - February 11, 1PM ET - No 🔴",0,0.019198,0.0005,250.231652,15.445087,0,250.231652,16.20137536292285
"Bitcoin Up or Down - February 11, 1:45PM-2:00PM ET - Yes 🟢",0,0.672291,0.9845,2777.692103,9058.911516,0,2777.692103,0.30662537083997277
"Solana Up or Down - February 11, 1PM ET - No 🔴",0,0.008344,0.0005,395.583207,12.701569,0,395.583207,31.14443632908659
"Ethereum Up or Down - February 11, 1:45PM-2:00PM ET - Yes 🟢",0,0.745557,0.91,-102.134253,700.558333,0,-102.134253,-0.14578979106940407
"Ethereum Up or Down - February 11, 1PM ET - Yes 🟢",0,0.91372,0.9995,-1402.053936,6050.94732,0,-1402.053936,-0.23170817094471086
"Bitcoin Up or Down - February 11, 12:00PM-4:00PM ET - No 🔴",0,0.05,0.003,355.699822,153.859139,0,355.699822,2.3118537144550118
"Bitcoin Up or Down - February 11, 1PM ET - Yes 🟢",0,0.620018,0.9995,-332.937529,14071.067231,0,-332.937529,-0.02366114265068001
"XRP Up or Down - February 8, 12:45PM-1:00PM ET - Yes 🟢",0,0.646768,0.925,179.109303,327.94924,0,179.109303,0.5461494681311048
"Solana Up or Down - February 8, 12:45PM-1:00PM ET - Yes 🟢",0,0.649748,0.535,912.24621,1692.296263,0,912.24621,0.5390582192640581
"Bitcoin Up or Down - February 8, 1PM ET - No 🔴",0,0.435262,0.0005,-1762.353064,1762.353065,0,-1762.353064,-0.9999999994325768
"XRP Up or Down - February 8, 1:00PM-1:15PM ET - Yes 🟢",0,0.319224,0.195,-334.428894,334.428894,0,-334.428894,-1
"Solana Up or Down - February 8, 1PM ET - Yes 🟢",0,0.708099,0.9995,698.546548,1694.547509,0,698.546548,0.4122319051486683
"Solana Up or Down - February 8, 1:00PM-1:15PM ET - Yes 🟢",0,0.76699,0.955,295.389246,972.321352,0,295.389246,0.30379796287760635
"Ethereum Up or Down - February 8, 1:00PM-1:15PM ET - No 🔴",0,0.372714,0.155,-419.083348,419.083349,0,-419.083348,-0.9999999976138398
"Bitcoin Up or Down - February 8, 1PM ET - Yes 🟢",0,0.64849,0.9995,5901.436344,10887.37861,0,5901.436344,0.5420438248174415
"Solana Up or Down - February 8, 1PM ET - No 🔴",0,0.22,0.0005,-13.86,13.86,0,-13.86,-1
"XRP Up or Down - February 11, 11:30AM-11:45AM ET - Yes 🟢",0,0.761703,0.955,-16.534576,760.824535,0,-16.534576,-0.02173244321044405
"Bitcoin Up or Down - February 8, 3:00PM-3:15PM ET - Yes 🟢",0,0.808445,0.945,876.83664,3700.630093,0,876.83664,0.23694252545224598
"Ethereum Up or Down - February 11, 11:30AM-11:45AM ET - Yes 🟢",0,0.315573,0.0005,573.721305,999.111246,0,573.721305,0.5742316556809131
"Bitcoin Up or Down - February 11, 11:30AM-11:45AM ET - No 🔴",0,0.76802,0.995,-6550.253047,18947.883077,0,-6550.253047,-0.3456984097052543
"XRP Up or Down - February 8, 1:45PM-2:00PM ET - Yes 🟢",0,0.598041,0.045,-65.150586,65.150587,0,-65.150586,-0.9999999846509442
"Bitcoin Up or Down - February 11, 8:00AM-12:00PM ET - Yes 🟢",0,0.141063,0.0005,1952.212474,3509.641267,0,1952.212474,0.5562427397797064
"Solana Up or Down - February 11, 8:00AM-12:00PM ET - No 🔴",0,0.694876,0.9985,131.464398,3828.02077,0,131.464398,0.034342655356073205
"Solana Up or Down - February 11, 11:45AM-12:00PM ET - Yes 🟢",0,0.801834,0.99,134.990068,1958.415851,0,134.990068,0.06892819414787305
"Ethereum Up or Down - February 11, 11:45AM-12:00PM ET - No 🔴",0,0.635855,0.685,2686.33794,5961.868786,0,2686.33794,0.45058655874953357
"Solana Up or Down - February 11, 8:00AM-12:00PM ET - Yes 🟢",0,0.249926,0.0015,271.770664,905.171877,0,271.770664,0.30024205447116425
"XRP Up or Down - February 11, 8:00AM-12:00PM ET - Yes 🟢",0,0.249622,0.005,623.908789,1041.441153,0,623.908789,0.5990821346004559
"Ethereum Up or Down - February 8, 1PM ET - Yes 🟢",0,0.369953,0.0005,-3103.88231,3103.88231,0,-3103.88231,-1
"XRP Up or Down - February 8, 1:45PM-2:00PM ET - Yes 🟢",0,0.613142,0.955,202.448352,320.866023,0,202.448352,0.6309435636318527
"Solana Up or Down - February 11, 11:30AM-11:45AM ET - Yes 🟢",0,0.550279,0.0035,-38.059771,370.797122,0,-38.059771,-0.102643113287163
"XRP Up or Down - February 11, 12:00PM-12:15PM ET - Yes 🟢",0,0.526807,0.545,23.428057,245.916085,0,23.428057,0.09526850185501284
"Solana Up or Down - February 11, 12:00PM-12:15PM ET - Yes 🟢",0,0.703003,0.465,-2135.785973,4512.032074,0,-2135.785973,-0.473353455377055
"XRP Up or Down - February 11, 12:15PM-12:30PM ET - Yes 🟢",0,0.827996,0.9965,39.213109,188.764783,0,39.213109,0.20773530092210052
"Ethereum Up or Down - February 11, 12:00PM-12:15PM ET - Yes 🟢",0,0.638867,0.535,-1128.622557,7978.972285,0,-1128.622557,-0.1414496148986185
"Ethereum Up or Down - February 11, 12:15PM-12:30PM ET - Yes 🟢",0,0.763531,0.997,789.255577,2962.025433,0,789.255577,0.2664580689304298
"Bitcoin Up or Down - February 11, 12:15PM-12:30PM ET - No 🔴",0,0.044218,0.0045,-339.556492,367.748153,0,-339.556492,-0.92333976181792
"XRP Up or Down - February 11, 12:00PM-12:15PM ET - Yes 🟢",0,0.141974,0.455,141.27139,56.18936,0,141.27139,2.514201799059466
"Ethereum Up or Down - February 8, 2:45PM-3:00PM ET - No 🔴",0,0.598536,0.015,-3615.712715,3615.712715,0,-3615.712715,-1
"Ethereum Up or Down - February 8, 2:45PM-3:00PM ET - Yes 🟢",0,0.669219,0.985,3249.691941,6574.608552,0,3249.691941,0.4942791521803137
"Solana Up or Down - February 8, 12:30PM-12:45PM ET - Yes 🟢",0,0.721211,0.985,419.167349,1084.361662,0,419.167349,0.38655677684775985
"XRP Up or Down - February 8, 12:30PM-12:45PM ET - Yes 🟢",0,0.774896,0.985,95.214666,327.766119,0,95.214666,0.2904957543827158
"Solana Up or Down - February 8, 12:45PM-1:00PM ET - Yes 🟢",0,0.524264,0.465,-572.014231,572.014232,0,-572.014231,-0.9999999982517918
"Ethereum Up or Down - February 8, 12:15PM-12:30PM ET - Yes 🟢",0,0.425103,0.005,-2422.67954,2422.679541,0,-2422.67954,-0.999999999587234
"Bitcoin Up or Down - February 8, 12:15PM-12:30PM ET - Yes 🟢",0,0.672714,0.005,-18485.174797,18485.174797,0,-18485.174797,-1
"Solana Up or Down - February 8, 12:15PM-12:30PM ET - Yes 🟢",0,0.732055,0.005,-1524.413428,1524.413428,0,-1524.413428,-1
"XRP Up or Down - February 8, 12:15PM-12:30PM ET - No 🔴",0,0.385527,0.675,306.879349,192.53942,0,306.879349,1.59385204858309
"Bitcoin Up or Down - February 8, 12:00PM-4:00PM ET - No 🔴",0,0.069994,0.011,-485.091197,485.091197,0,-485.091197,-1
"XRP Up or Down - February 11, 11:15AM-11:30AM ET - No 🔴",0,0.768177,0.985,152.340835,504.802052,0,152.340835,0.30178331168907374
"Bitcoin Up or Down - February 11, 11:15AM-11:30AM ET - Yes 🟢",0,0.193471,0.005,-427.282306,427.282307,0,-427.282306,-0.999999997659627
"Solana Up or Down - February 11, 11:15AM-11:30AM ET - No 🔴",0,0.729153,0.985,719.61515,1937.291333,0,719.61515,0.3714542762577878
"Ethereum Up or Down - February 8, 12:45PM-1:00PM ET - Yes 🟢",0,0.592733,0.155,-1935.922577,1935.922577,0,-1935.922577,-1
"Ethereum Up or Down - February 8, 12PM ET - Yes 🟢",0,0.722888,0.9995,2185.698601,5701.720932,0,2185.698601,0.3833401576589122
"Solana Up or Down - February 8, 12PM ET - No 🔴",0,0.011753,0.0005,-13.168724,13.168724,0,-13.168724,-1
"Bitcoin Up or Down - February 8, 12:30PM-12:45PM ET - No 🔴",0,0.156171,0.025,-333.348765,333.348766,0,-333.348765,-0.9999999970001389
"XRP Up or Down - February 11, 12:15PM-12:30PM ET - Yes 🟢",0,0.03474,0.0035,-3.66592,3.66592,0,-3.66592,-1
"Bitcoin Up or Down - February 11, 12:00PM-12:15PM ET - No 🔴",0,0.347938,0.475,2240.110869,5524.219281,0,2240.110869,0.4055072318915068
"Bitcoin Up or Down - February 8, 2:45PM-3:00PM ET - Yes 🟢",0,0.656058,0.98,5349.107402,10203.245618,0,5349.107402,0.5242554773515793
"Bitcoin Up or Down - February 11, 12PM ET - No 🔴",0,0.080985,0.0005,2260.388195,1682.59862,0,2260.388195,1.3433912093663787
"Solana Up or Down - February 8, 2:45PM-3:00PM ET - Yes 🟢",0,0.419316,0.075,-828.139414,828.139415,0,-828.139414,-0.9999999987924738
"XRP Up or Down - February 8, 2:45PM-3:00PM ET - Yes 🟢",0,0.557896,0.225,-660.189143,660.189144,0,-660.189143,-0.9999999984852824
"XRP Up or Down - February 8, 2:45PM-3:00PM ET - Yes 🟢",0,0.658192,0.775,573.085779,1103.544901,0,573.085779,0.5193135127358085
"XRP Up or Down - February 8, 2:30PM-2:45PM ET - Yes 🟢",0,0.58392,0.485,-571.58214,571.582141,0,-571.58214,-0.9999999982504701
"Ethereum Up or Down - February 8, 2:30PM-2:45PM ET - No 🔴",0,0.489083,0.025,-1046.460911,1046.460911,0,-1046.460911,-1
"Solana Up or Down - February 8, 2:30PM-2:45PM ET - Yes 🟢",0,0.699679,0.975,587.760906,1369.348008,0,587.760906,0.4292268309926953
"Solana Up or Down - February 8, 2:30PM-2:45PM ET - Yes 🟢",0,0.004127,0.025,-2.264804,2.264805,0,-2.264804,-0.9999995584608828
"Solana Up or Down - February 8, 1:45PM-2:00PM ET - Yes 🟢",0,0.563006,0.0005,-184.963504,184.963504,0,-184.963504,-1
"Ethereum Up or Down - February 8, 2:30PM-2:45PM ET - Yes 🟢",0,0.655495,0.975,998.689192,1900.221397,0,998.689192,0.5255646492438691
"XRP Up or Down - February 8, 12PM ET - No 🔴",0,0.11,0.0005,-0.55,0.55,0,-0.55,-1
"Bitcoin Up or Down - February 8, 2PM ET - No 🔴",0,0.226554,0.0005,-4350.087383,4350.087384,0,-4350.087383,-0.9999999997701194
"Bitcoin Up or Down - February 8, 2:45PM-3:00PM ET - No 🔴",0,0.373718,0.02,-4937.934383,4937.934383,0,-4937.934383,-1
"Ethereum Up or Down - February 8, 3:00PM-3:15PM ET - Yes 🟢",0,0.446973,0.065,-138.757002,138.757003,0,-138.757002,-0.9999999927931565
"Ethereum Up or Down - February 11, 12PM ET - No 🔴",0,0.184215,0.0005,690.038274,836.019095,0,690.038274,0.8253857814096938
"Solana Up or Down - February 8, 3:00PM-3:15PM ET - Yes 🟢",0,0.12,0.035,-6.272781,6.272781,0,-6.272781,-1
"XRP Up or Down - February 8, 3PM ET - Yes 🟢",0,0.130309,0.0005,-47.298218,47.298219,0,-47.298218,-0.9999999788575548
"Solana Up or Down - February 8, 3:00PM-3:15PM ET - Yes 🟢",0,0.866429,0.965,115.45945,748.945626,0,115.45945,0.15416266013415506
"Bitcoin Up or Down - February 8, 3PM ET - No 🔴",0,0.702199,0.9995,3793.837482,8945.668034,0,3793.837482,0.4240977272553237
"Ethereum Up or Down - February 8, 3:00PM-3:15PM ET - No 🔴",0,0.846745,0.935,249.279085,1377.285044,0,249.279085,0.18099309658952487
"Bitcoin Up or Down - February 8, 2:30PM-2:45PM ET - Yes 🟢",0,0.627013,0.935,3982.887358,6695.467004,0,3982.887358,0.5948632642981508
"XRP Up or Down - February 8, 1PM ET - Yes 🟢",0,0.375891,0.0005,-563.942178,563.942179,0,-563.942178,-0.9999999982267685
"Solana Up or Down - February 8, 1:45PM-2:00PM ET - Yes 🟢",0,0.67167,0.9995,535.549946,1095.583201,0,535.549946,0.48882635797187624
"Ethereum Up or Down - February 8, 1:45PM-2:00PM ET - No 🔴",0,0.637124,0.995,2019.708558,3546.128142,0,2019.708558,0.5695531794462717
"Ethereum Up or Down - February 11, 11AM ET - Yes 🟢",0,0.050092,0.0005,194.421045,251.23254,0,194.421045,0.773868882589811
"XRP Up or Down - February 8, 1:15PM-1:30PM ET - Yes 🟢",0,0.645314,0.275,227.392402,413.716642,0,227.392402,0.549633200397097
"Solana Up or Down - February 11, 11AM ET - No 🔴",0,0.696194,0.9995,26.750587,2159.109791,0,26.750587,0.012389637206735265
"XRP Up or Down - February 8, 1:30PM-1:45PM ET - Yes 🟢",0,0.747136,0.965,80.580454,238.090667,0,80.580454,0.33844440445874346
"Ethereum Up or Down - February 8, 1:15PM-1:30PM ET - Yes 🟢",0,0.64336,0.975,3928.866495,7087.470695,0,3928.866495,0.5543397163915893
"Solana Up or Down - February 8, 1:30PM-1:45PM ET - Yes 🟢",0,0.670554,0.985,511.133995,1040.361532,0,511.133995,0.4913042046233598
"Bitcoin Up or Down - February 8, 1:15PM-1:30PM ET - Yes 🟢",0,0.607106,0.945,13013.723079,20109.009972,0,13013.723079,0.6471588157308813
"Bitcoin Up or Down - February 8, 1:30PM-1:45PM ET - Yes 🟢",0,0.48038,0.0145,-1654.662988,1654.662988,0,-1654.662988,-1
"Ethereum Up or Down - February 11, 12:15PM-12:30PM ET - No 🔴",0,0.128762,0.003,-448.466362,499.741885,0,-448.466362,-0.8973959867302297
"Solana Up or Down - February 8, 1:15PM-1:30PM ET - Yes 🟢",0,0.645613,0.985,842.861349,1535.502838,0,842.861349,0.5489155266543375
"XRP Up or Down - February 11, 12PM ET - Yes 🟢",0,0.748292,0.9995,-60.815704,359.58939,0,-60.815704,-0.16912541273812334
"Ethereum Up or Down - February 8, 2PM ET - Yes 🟢",0,0.408086,0.0005,-1774.722853,1774.722853,0,-1774.722853,-1
"Solana Up or Down - February 8, 2:00PM-2:15PM ET - Yes 🟢",0,0.624161,0.935,450.445506,748.061052,0,450.445506,0.6021507265960426
"Solana Up or Down - February 8, 2:00PM-2:15PM ET - Yes 🟢",0,0.288107,0.065,-200.037454,200.037455,0,-200.037454,-0.9999999950009362
"XRP Up or Down - February 8, 2:15PM-2:30PM ET - Yes 🟢",0,0.719237,0.955,183.484592,470.036677,0,183.484592,0.3903622865583316
"Solana Up or Down - February 8, 2:15PM-2:30PM ET - Yes 🟢",0,0.513301,0.535,-2625.900911,2625.900912,0,-2625.900911,-0.9999999996191784
"Ethereum Up or Down - February 11, 12PM ET - Yes 🟢",0,0.693813,0.9995,476.424452,5753.092455,0,476.424452,0.08281188868882866
"Solana Up or Down - February 11, 12:15PM-12:30PM ET - Yes 🟢",0,0.699461,0.997,321.278387,747.728921,0,321.278387,0.4296722755759236
"Solana Up or Down - February 11, 12:00PM-12:15PM ET - Yes 🟢",0,0.495782,0.535,32.502153,2368.447827,0,32.502153,0.013722976132080953
"Bitcoin Up or Down - February 11, 12:00PM-12:15PM ET - Yes 🟢",0,0.656995,0.525,-2391.506489,10291.156924,0,-2391.506489,-0.2323846100745747
"Bitcoin Up or Down - February 8, 1:30PM-1:45PM ET - Yes 🟢",0,0.674743,0.9855,4520.655518,9378.063091,0,4520.655518,0.4820457565846844
"Bitcoin Up or Down - February 8, 7:45AM-8:00AM ET - No 🔴",0,0.050071,0.015,-161.721492,161.721493,0,-161.721492,-0.9999999938165299
"XRP Up or Down - February 8, 4:00AM-8:00AM ET - Yes 🟢",0,0.506555,0.39,676.50203,694.475547,0,676.50203,0.9741192946567491
"XRP Up or Down - February 4, 8:00PM-8:15PM ET - Yes 🟢",0,0.926913,0.96,-293.247744,637.011005,0,-293.247744,-0.4603495727675851
"Ethereum Up or Down - February 8, 7AM ET - Yes 🟢",0,0.462176,0.0005,345.911315,4226.732236,0,345.911315,0.08183894689467147
"Solana Up or Down - February 8, 7AM ET - Yes 🟢",0,0.286363,0.0005,281.864886,377.816964,0,281.864886,0.7460355485784911
"Ethereum Up or Down - February 8, 7AM ET - No 🔴",0,0.629326,0.9995,-680.088797,6608.734124,0,-680.088797,-0.10290757416465254
"Solana Up or Down - February 11, 7:30AM-7:45AM ET - Yes 🟢",0,0.711319,0.975,62.914765,155.023948,0,62.914765,0.405839006241797
"Ethereum Up or Down - February 8, 7:45AM-8:00AM ET - Yes 🟢",0,0.432695,0.245,3430.083874,2616.194361,0,3430.083874,1.3110967308594395
"Ethereum Up or Down - February 8, 7:45AM-8:00AM ET - No 🔴",0,0.673225,0.755,-5224.434226,5224.434226,0,-5224.434226,-1
"XRP Up or Down - February 4, 8:00PM-12:00AM ET - Yes 🟢",0,0.067481,0.0045,288.645389,86.16088,0,288.645389,3.3500747555038903
"Ethereum Up or Down - February 11, 9AM ET - Yes 🟢",0,0.619016,0.0005,-438.655424,2281.497576,0,-438.655424,-0.19226644315312652
"Bitcoin Up or Down - February 4, 8:00PM-8:15PM ET - No 🔴",0,0.146577,0.0025,1283.670571,533.996329,0,1283.670571,2.4038939994285995
"Solana Up or Down - February 4, 8:00PM-8:15PM ET - Yes 🟢",0,0.131311,0.0045,228.056887,81.366714,0,228.056887,2.8028277877855556
"Bitcoin Up or Down - February 4, 8:00PM-8:15PM ET - Yes 🟢",0,0.95574,0.9975,-1656.72382,3475.366916,0,-1656.72382,-0.4767047221324241
"Bitcoin Up or Down - February 8, 8:00AM-8:15AM ET - No 🔴",0,0.604774,0.895,1618.294604,2476.311025,0,1618.294604,0.6535102366634256
"Solana Up or Down - February 11, 7:45AM-8:00AM ET - Yes 🟢",0,0.36,0.545,-1.755,1.755,0,-1.755,-1
"XRP Up or Down - February 11, 7:45AM-8:00AM ET - Yes 🟢",0,0.65,0.825,5.95,11.05,0,5.95,0.5384615384615384
"Ethereum Up or Down - February 11, 4:00AM-8:00AM ET - No 🔴",0,0.595021,0.32,-3377.116054,3377.116055,0,-3377.116054,-0.9999999997038894
"Solana Up or Down - February 11, 7:45AM-8:00AM ET - Yes 🟢",0,0.598915,0.455,12.11481,18.090285,0,12.11481,0.6696859668048347
"Solana Up or Down - February 11, 4:00AM-8:00AM ET - Yes 🟢",0,0.413042,0.87,1688.037615,1187.871079,0,1688.037615,1.4210612959960782
"Solana Up or Down - February 11, 7AM ET - No 🔴",0,0.631115,0.9995,919.329583,1572.855199,0,919.329583,0.5844972783155736
"Bitcoin Up or Down - February 11, 4:00AM-8:00AM ET - No 🔴",0,0.592451,0.02,-8237.404228,8237.404229,0,-8237.404228,-0.9999999998786024
"XRP Up or Down - February 4, 8:00PM-12:00AM ET - No 🔴",0,0.979999,0.9955,-247.394356,1312.598825,0,-247.394356,-0.18847674650325852
"Solana Up or Down - February 4, 7:00PM-7:15PM ET - No 🔴",0,0.912961,0.375,-724.724431,1960.593837,0,-724.724431,-0.3696453683180685
"XRP Up or Down - February 4, 7:15PM-7:30PM ET - No 🔴",0,0.16102,0.005,119.979984,57.106267,0,119.979984,2.100995044904616
"Bitcoin Up or Down - February 4, 7:15PM-7:30PM ET - Yes 🟢",0,0.097465,0.0015,777.459654,192.645645,0,777.459654,4.035698050687832
"Solana Up or Down - February 8, 7:30AM-7:45AM ET - Yes 🟢",0,0.089358,0.385,-51.48263,51.482631,0,-51.48263,-0.9999999805759733
"Solana Up or Down - February 4, 7:15PM-7:30PM ET - Yes 🟢",0,0.792884,0.9985,-312.42756,850.942438,0,-312.42756,-0.3671547522465909
"XRP Up or Down - February 4, 7:15PM-7:30PM ET - Yes 🟢",0,0.739769,0.995,-64.293581,320.640202,0,-64.293581,-0.20051628148612508
"XRP Up or Down - February 8, 7:30AM-7:45AM ET - No 🔴",0,0.816241,0.855,27.20194,120.82858,0,27.20194,0.22512835953215704
"Solana Up or Down - February 8, 7:30AM-7:45AM ET - Yes 🟢",0,0.782739,0.615,176.982051,637.623661,0,176.982051,0.2775650620029297
"XRP Up or Down - February 8, 7:45AM-8:00AM ET - Yes 🟢",0,0.67783,0.995,47.448707,99.829772,0,47.448707,0.47529615714238027
"Ethereum Up or Down - February 8, 4:00AM-8:00AM ET - No 🔴",0,0.342248,0.0025,-487.925581,487.925581,0,-487.925581,-1
"Solana Up or Down - February 4, 7:45PM-8:00PM ET - Yes 🟢",0,0.266467,0.025,-433.51789,491.31424,0,-433.51789,-0.882363780052457
"Bitcoin Up or Down - February 8, 7AM ET - No 🔴",0,0.241833,0.0005,847.700588,5766.986412,0,847.700588,0.14699195167793297
"Bitcoin Up or Down - February 4, 7PM ET - No 🔴",0,0.854049,0.9995,-2247.218586,7046.097934,0,-2247.218586,-0.31893093270196377
"Solana Up or Down - February 4, 7PM ET - No 🔴",0,0.613915,0.9995,-67.099592,1522.407577,0,-67.099592,-0.04407465715076377
"Solana Up or Down - February 4, 7:30PM-7:45PM ET - Yes 🟢",0,0.98,0.993,-165.912,338.737,0,-165.912,-0.4897959183673469
"Ethereum Up or Down - February 4, 4:00PM-8:00PM ET - No 🔴",0,0.890661,0.994,-1117.654069,2968.346336,0,-1117.654069,-0.37652414593443173
"Bitcoin Up or Down - February 4, 7:30PM-7:45PM ET - Yes 🟢",0,0.122803,0.145,1969.028193,889.99336,0,1969.028193,2.212407734143095
"Ethereum Up or Down - February 4, 7:45PM-8:00PM ET - Yes 🟢",0,0.269244,0.005,-877.43554,1023.71199,0,-877.43554,-0.857111715571486
"XRP Up or Down - February 4, 7:30PM-7:45PM ET - Yes 🟢",0,0.015438,0.006,119.221069,4.124254,0,119.221069,28.90730517567541
"Ethereum Up or Down - February 4, 4:00PM-8:00PM ET - Yes 🟢",0,0.059352,0.006,933.234677,195.781226,0,933.234677,4.766721999176775
"XRP Up or Down - February 8, 7AM ET - Yes 🟢",0,0.5221,0.9995,87.007201,487.494517,0,87.007201,0.17847831712125697
"XRP Up or Down - February 8, 7AM ET - No 🔴",0,0.596673,0.0005,-69.453184,428.670135,0,-69.453184,-0.1620201136708532
"XRP Up or Down - February 8, 4:00AM-8:00AM ET - No 🔴",0,0.600692,0.61,-708.058512,708.058513,0,-708.058512,-0.9999999985876875
"Bitcoin Up or Down - February 4, 7:45PM-8:00PM ET - No 🔴",0,0.604638,0.995,-419.139232,2442.389656,0,-419.139232,-0.17161030426506196
"Ethereum Up or Down - February 11, 8:00AM-8:15AM ET - Yes 🟢",0,0.751865,0.985,402.914663,1220.85733,0,402.914663,0.3300260014820896
"XRP Up or Down - February 11, 8:00AM-8:15AM ET - Yes 🟢",0,0.95139,0.9895,10.406637,203.677647,0,10.406637,0.051093662722841646
"XRP Up or Down - February 11, 8:00AM-8:15AM ET - Yes 🟢",0,0.002,0.0105,-0.12484,0.12484,0,-0.12484,-1
"Bitcoin Up or Down - February 4, 8:00PM-12:00AM ET - Yes 🟢",0,0.03,0.0015,1310.976837,194.241403,0,1310.976837,6.749214208466153
"Ethereum Up or Down - February 4, 8:00PM-12:00AM ET - No 🔴",0,0.907407,0.9985,-425.36321,2936.774423,0,-425.36321,-0.14484027328373392
"XRP Up or Down - February 11, 8:15AM-8:30AM ET - Yes 🟢",0,0.727319,0.98,93.307801,248.878863,0,93.307801,0.37491251717909047
"Solana Up or Down - February 4, 9:00PM-9:15PM ET - Yes 🟢",0,0.810881,0.985,-384.369165,1745.198555,0,-384.369165,-0.2202438020010852
"XRP Up or Down - February 4, 9:00PM-9:15PM ET - Yes 🟢",0,0.297279,0.015,57.177978,84.609673,0,57.177978,0.6757853561258887
"Ethereum Up or Down - February 4, 9:00PM-9:15PM ET - Yes 🟢",0,0.260911,0.005,497.356856,721.493894,0,497.356856,0.6893431256120928
"Bitcoin Up or Down - February 4, 9:00PM-9:15PM ET - Yes 🟢",0,0.224145,0.035,-325.86127,1875.15137,0,-325.86127,-0.17377864806722243
"Ethereum Up or Down - February 11, 7AM ET - Yes 🟢",0,0.621103,0.0005,-3169.038871,3169.038871,0,-3169.038871,-1
"Ethereum Up or Down - February 4, 9:15PM-9:30PM ET - No 🔴",0,0.383526,0.175,395.272472,1470.876978,0,395.272472,0.2687325166632664
"Ethereum Up or Down - February 4, 9:15PM-9:30PM ET - Yes 🟢",0,0.569793,0.825,-248.681019,2142.276137,0,-248.681019,-0.11608261638401472
"XRP Up or Down - February 4, 9:15PM-9:30PM ET - No 🔴",0,0.168167,0.12,259.654904,131.897846,0,259.654904,1.9686060983892033
"Bitcoin Up or Down - February 4, 9:15PM-9:30PM ET - Yes 🟢",0,0.765902,0.935,-4079.938632,11846.294905,0,-4079.938632,-0.3444063029595834
"Solana Up or Down - February 4, 9:30PM-9:45PM ET - Yes 🟢",0,0.261598,0.0055,108.975136,329.889264,0,108.975136,0.3303385344483354
"Solana Up or Down - February 4, 9:30PM-9:45PM ET - Yes 🟢",0,0.969783,0.9945,-412.337385,851.356774,0,-412.337385,-0.4843297165096615
"Bitcoin Up or Down - February 4, 9:30PM-9:45PM ET - No 🔴",0,0.176615,0.015,623.395475,1940.669624,0,623.395475,0.32122699674924166
"XRP Up or Down - February 4, 9:30PM-9:45PM ET - No 🔴",0,0.22477,0.025,125.777551,103.879649,0,125.777551,1.2108006930212096
"XRP Up or Down - February 4, 9:30PM-9:45PM ET - Yes 🟢",0,0.870575,0.975,-167.86531,415.642065,0,-167.86531,-0.4038698777997843
"XRP Up or Down - February 4, 9PM ET - No 🔴",0,0.666555,0.9995,-107.822964,431.508802,0,-107.822964,-0.2498743096322749
"Bitcoin Up or Down - February 11, 8:15AM-8:30AM ET - Yes 🟢",0,0.590988,0.405,-9851.355569,9851.35557,0,-9851.355569,-0.9999999998984912
"Solana Up or Down - February 4, 9:15PM-9:30PM ET - Yes 🟢",0,0.753086,0.925,-349.101504,1040.476471,0,-349.101504,-0.33552080583281163
"Solana Up or Down - February 11, 7AM ET - Yes 🟢",0,0.566022,0.0005,-1136.132008,1136.132009,0,-1136.132008,-0.9999999991198207
"Bitcoin Up or Down - February 11, 7AM ET - No 🔴",0,0.29699,0.0005,-5628.89997,5628.89997,0,-5628.89997,-1
"Solana Up or Down - February 4, 8:30PM-8:45PM ET - No 🔴",0,0.737337,0.895,-788.945686,2481.804073,0,-788.945686,-0.3178920103255065
"Bitcoin Up or Down - February 4, 8:15PM-8:30PM ET - No 🔴",0,0.925614,0.9925,-4114.470006,8950.7835,0,-4114.470006,-0.4596770781015986
"XRP Up or Down - February 4, 8:00PM-8:15PM ET - No 🔴",0,0.15654,0.04,224.222073,119.253926,0,224.222073,1.880207054986181
"Ethereum Up or Down - February 4, 8:30PM-8:45PM ET - No 🔴",0,0.662064,0.9985,-1508.172841,6313.730518,0,-1508.172841,-0.23887190571411082
"Ethereum Up or Down - February 4, 8:30PM-8:45PM ET - Yes 🟢",0,0.343765,0.0015,455.091563,4275.786088,0,455.091563,0.1064345955652962
"Ethereum Up or Down - February 4, 8:00PM-8:15PM ET - No 🔴",0,0.079875,0.065,687.264608,130.698792,0,687.264608,5.258385310860409
"Ethereum Up or Down - February 4, 8:15PM-8:30PM ET - Yes 🟢",0,0.902649,0.994,-1619.048313,3995.280344,0,-1619.048313,-0.40524022686704364
"XRP Up or Down - February 4, 8:15PM-8:30PM ET - Yes 🟢",0,0.07669,0.0115,205.831359,37.323042,0,205.831359,5.5148602035171725
"XRP Up or Down - February 4, 8:30PM-8:45PM ET - No 🔴",0,0.667511,0.995,-230.63584,933.223518,0,-230.63584,-0.24713890675866998
"XRP Up or Down - February 4, 9:00PM-9:15PM ET - Yes 🟢",0,0.707389,0.985,-54.708567,210.51425,0,-54.708567,-0.25988058765618005
"XRP Up or Down - February 4, 8PM ET - Yes 🟢",0,0.400445,0.0005,86.512845,347.985055,0,86.512845,0.2486108060014244
"Bitcoin Up or Down - February 4, 8:30PM-8:45PM ET - No 🔴",0,0.716616,0.985,-1943.724739,6499.434217,0,-1943.724739,-0.29906060652417554
"Bitcoin Up or Down - February 4, 8PM ET - Yes 🟢",0,0.475651,0.0005,23.461399,12093.474701,0,23.461399,0.0019400048025949065
"Bitcoin Up or Down - February 4, 8PM ET - No 🔴",0,0.979999,0.9995,-240.931629,23749.170526,0,-240.931629,-0.010144843953022866
"Ethereum Up or Down - February 4, 8:45PM-9:00PM ET - Yes 🟢",0,0.908258,0.975,-124.55699,350.077449,0,-124.55699,-0.35579838220313353
"Solana Up or Down - February 4, 8PM ET - Yes 🟢",0,0.703986,0.9995,-563.268225,2315.56619,0,-563.268225,-0.24325291474393138
"Ethereum Up or Down - February 4, 8:45PM-9:00PM ET - Yes 🟢",0,0.337857,0.025,-171.669035,351.703117,0,-171.669035,-0.48810780087570277
"Bitcoin Up or Down - February 4, 8:45PM-9:00PM ET - Yes 🟢",0,0.415999,0.035,-212.357537,1732.117192,0,-212.357537,-0.12259998225339479
"Solana Up or Down - February 4, 8PM ET - No 🔴",0,0.099809,0.0005,405.217212,308.091034,0,405.217212,1.3152515564604195
"Solana Up or Down - February 4, 8:45PM-9:00PM ET - Yes 🟢",0,0.301828,0.255,202.5956,432.248808,0,202.5956,0.46870135035745425
"Ethereum Up or Down - February 4, 8PM ET - No 🔴",0,0.506193,0.9995,-80.305986,3519.15008,0,-80.305986,-0.02281971049100583
"Solana Up or Down - February 4, 8:30PM-8:45PM ET - Yes 🟢",0,0.309364,0.105,605.904801,1067.138799,0,605.904801,0.5677844358838648
"Solana Up or Down - February 11, 7:15AM-7:30AM ET - Yes 🟢",0,0.08,0.003,-2.24,2.24,0,-2.24,-1
"Bitcoin Up or Down - February 4, 7:00PM-7:15PM ET - No 🔴",0,0.904991,0.995,-1905.674493,5193.191123,0,-1905.674493,-0.3669563564799308
"Solana Up or Down - February 4, 7:15PM-7:30PM ET - No 🔴",0,0.100105,0.0015,380.625576,154.083924,0,380.625576,2.470248460183296
"Bitcoin Up or Down - February 4, 7:15PM-7:30PM ET - Yes 🟢",0,0.927773,0.9985,-829.837288,1801.775988,0,-829.837288,-0.4605662932166903
"Ethereum Up or Down - February 4, 7:15PM-7:30PM ET - Yes 🟢",0,0.728231,0.9985,272.243123,1519.729186,0,272.243123,0.17913923448200464
"Ethereum Up or Down - February 11, 7:15AM-7:30AM ET - Yes 🟢",0,0.16635,0.025,-86.713382,86.713383,0,-86.713382,-0.9999999884677547
"XRP Up or Down - February 11, 7AM ET - No 🔴",0,0.653206,0.9995,239.783775,451.646225,0,239.783775,0.5309106148291176
"XRP Up or Down - February 8, 7:30AM-7:45AM ET - Yes 🟢",0,0.193445,0.145,-21.753823,21.753824,0,-21.753823,-0.9999999540310704
"Ethereum Up or Down - February 4, 7:15PM-7:30PM ET - No 🔴",0,0.17228,0.0015,193.273006,101.632594,0,193.273006,1.9016832926649498
"XRP Up or Down - February 11, 7:30AM-7:45AM ET - Yes 🟢",0,0.7,0.9995,3.9,9.1,0,3.9,0.4285714285714286
"Solana Up or Down - February 4, 7:00PM-7:15PM ET - Yes 🟢",0,0.269654,0.625,342.183458,656.620038,0,342.183458,0.521128564766706
"Bitcoin Up or Down - February 8, 7:30AM-7:45AM ET - Yes 🟢",0,0.266807,0.355,-1549.966178,1549.966179,0,-1549.966178,-0.9999999993548245
"Solana Up or Down - February 11, 6:30AM-6:45AM ET - Yes 🟢",0,0.464064,0.06,-990.40782,990.40782,0,-990.40782,-1
"Solana Up or Down - February 11, 6:30AM-6:45AM ET - No 🔴",0,0.602685,0.94,844.361537,1280.807503,0,844.361537,0.6592415605173106
"XRP Up or Down - February 8, 6:30AM-6:45AM ET - Yes 🟢",0,0.151096,0.09,-14.16749,14.16749,0,-14.16749,-1
"Bitcoin Up or Down - February 11, 6:30AM-6:45AM ET - No 🔴",0,0.71906,0.985,4990.320224,12772.61928,0,4990.320224,0.3907045308877318
"Ethereum Up or Down - February 11, 6:30AM-6:45AM ET - Yes 🟢",0,0.686057,0.965,132.353135,289.230196,0,132.353135,0.45760483113595796
"XRP Up or Down - February 4, 4:45PM-5:00PM ET - No 🔴",0,0.479421,0.135,-15.138594,109.511688,0,-15.138594,-0.1382372445943852
"Bitcoin Up or Down - February 4, 5:30PM-5:45PM ET - Yes 🟢",0,0.14635,0.0005,1311.618022,544.783828,0,1311.618022,2.4075935345129227
"XRP Up or Down - February 4, 5:30PM-5:45PM ET - No 🔴",0,0.793921,0.9975,-26.353011,468.128415,0,-26.353011,-0.056294405884334105
"Ethereum Up or Down - February 4, 5:30PM-5:45PM ET - Yes 🟢",0,0.177973,0.0005,447.904376,249.555374,0,447.904376,1.7948095800172994
"Ethereum Up or Down - February 4, 5:30PM-5:45PM ET - No 🔴",0,0.693721,0.9995,377.4988,2434.777835,0,377.4988,0.1550444539840326
"Ethereum Up or Down - February 8, 7:30AM-7:45AM ET - Yes 🟢",0,0.465936,0.485,-1549.716294,1549.716295,0,-1549.716294,-0.9999999993547207
"Solana Up or Down - February 4, 6:30PM-6:45PM ET - Yes 🟢",0,0.846013,0.995,-436.714634,1330.810675,0,-436.714634,-0.3281568462020339
"Bitcoin Up or Down - February 4, 6:45PM-7:00PM ET - Yes 🟢",0,0.447699,0.015,421.571577,3786.926974,0,421.571577,0.11132286941216311
"Bitcoin Up or Down - February 4, 6:30PM-6:45PM ET - No 🔴",0,0.6165,0.365,-1060.835921,5383.820522,0,-1060.835921,-0.19704147206711065
"XRP Up or Down - February 4, 6:45PM-7:00PM ET - Yes 🟢",0,0.756809,0.995,-20.37054,203.388616,0,-20.37054,-0.1001557530633868
"XRP Up or Down - February 4, 6:45PM-7:00PM ET - Yes 🟢",0,0.341097,0.005,26.9154,58.8115,0,26.9154,0.45765539052736287
"Bitcoin Up or Down - February 4, 5:45PM-6:00PM ET - Yes 🟢",0,0.324946,0.015,992.934591,1867.236809,0,992.934591,0.5317668258327485
"Ethereum Up or Down - February 4, 6:30PM-6:45PM ET - Yes 🟢",0,0.660844,0.895,-70.888894,3143.492012,0,-70.888894,-0.0225510017933521
"Ethereum Up or Down - February 4, 6:45PM-7:00PM ET - No 🔴",0,0.665202,0.995,-312.154059,1957.717355,0,-312.154059,-0.15944797046558337
"Solana Up or Down - February 11, 7:00AM-7:15AM ET - Yes 🟢",0,0.744978,0.965,161.983952,473.192433,0,161.983952,0.3423215180619763
"XRP Up or Down - February 4, 6:30PM-6:45PM ET - Yes 🟢",0,0.564669,0.425,-30.692853,249.031554,0,-30.692853,-0.1232488514286828
"Solana Up or Down - February 4, 6:00PM-6:15PM ET - No 🔴",0,0.466618,0.705,-271.665576,967.455476,0,-271.665576,-0.2808042155316717
"Ethereum Up or Down - February 4, 7:00PM-7:15PM ET - Yes 🟢",0,0.914341,0.975,-1286.167436,2975.293989,0,-1286.167436,-0.4322824704903472
"XRP Up or Down - February 4, 6:15PM-6:30PM ET - Yes 🟢",0,0.69684,0.9995,-149.096144,621.702499,0,-149.096144,-0.23981911644205892
"Bitcoin Up or Down - February 4, 6:15PM-6:30PM ET - Yes 🟢",0,0.7768,0.985,-2565.243882,8156.225876,0,-2565.243882,-0.3145135901089162
"Bitcoin Up or Down - February 4, 6:45PM-7:00PM ET - No 🔴",0,0.703307,0.985,-1216.718914,7091.975749,0,-1216.718914,-0.17156275727135173
"Solana Up or Down - February 8, 7:15AM-7:30AM ET - Yes 🟢",0,0.484573,0.545,-756.871551,756.871551,0,-756.871551,-1
"Bitcoin Up or Down - February 8, 7:15AM-7:30AM ET - Yes 🟢",0,0.541374,0.775,3083.860079,3640.268251,0,3083.860079,0.847151876280779
"Ethereum Up or Down - February 11, 7:00AM-7:15AM ET - Yes 🟢",0,0.782504,0.985,140.526207,505.583181,0,140.526207,0.277948737776544
"Bitcoin Up or Down - February 11, 7:15AM-7:30AM ET - Yes 🟢",0,0.517309,0.9995,414.072557,443.769328,0,414.072557,0.9330806138994808
"Bitcoin Up or Down - February 11, 7:15AM-7:30AM ET - No 🔴",0,0.094169,0.0005,-76.734456,76.734456,0,-76.734456,-1
"XRP Up or Down - February 11, 7:15AM-7:30AM ET - Yes 🟢",0,0.498387,0.025,-15.449997,15.449997,0,-15.449997,-1
"XRP Up or Down - February 4, 7:00PM-7:15PM ET - Yes 🟢",0,0.071069,0.005,193.531113,39.723965,0,193.531113,4.871898185390104
"XRP Up or Down - February 11, 7:15AM-7:30AM ET - Yes 🟢",0,0.508999,0.975,19.64004,20.35996,0,19.64004,0.9646404020440119
"Bitcoin Up or Down - February 4, 6:15PM-6:30PM ET - Yes 🟢",0,0.285269,0.015,2088.970084,2819.823766,0,2088.970084,0.7408158301195055
"Ethereum Up or Down - February 8, 7:15AM-7:30AM ET - Yes 🟢",0,0.570364,0.715,437.167609,580.362601,0,437.167609,0.7532663342653949
"XRP Up or Down - February 8, 7:15AM-7:30AM ET - Yes 🟢",0,0.39,0.465,-29.25,29.25,0,-29.25,-1
"Solana Up or Down - February 8, 7:15AM-7:30AM ET - Yes 🟢",0,0.569363,0.455,750.227531,991.906868,0,750.227531,0.7563487613637533
"XRP Up or Down - February 4, 6PM ET - No 🔴",0,0.253604,0.0005,349.736033,359.967116,0,349.736033,0.971577728783426
"Ethereum Up or Down - February 4, 6:00PM-6:15PM ET - Yes 🟢",0,0.161739,0.055,196.539386,240.097214,0,196.539386,0.8185825346561498
"Solana Up or Down - February 4, 6:45PM-7:00PM ET - Yes 🟢",0,0.649441,0.995,452.465026,977.999923,0,452.465026,0.4626432122939953
"Solana Up or Down - February 4, 6:15PM-6:30PM ET - Yes 🟢",0,0.785887,0.965,-283.979108,2823.705324,0,-283.979108,-0.10056966836671233
"XRP Up or Down - February 4, 6:30PM-6:45PM ET - No 🔴",0,0.556899,0.575,92.280364,390.392814,0,92.280364,0.23637823415468914
"XRP Up or Down - February 4, 6PM ET - Yes 🟢",0,0.781281,0.9995,-364.520123,1233.020181,0,-364.520123,-0.2956319195881839
"Ethereum Up or Down - February 4, 6:30PM-6:45PM ET - Yes 🟢",0,0.461504,0.105,118.598189,1565.582461,0,118.598189,0.07575339655009077
"Ethereum Up or Down - February 4, 6:45PM-7:00PM ET - Yes 🟢",0,0.410812,0.005,218.995743,1078.482857,0,218.995743,0.20305908580612703
"Bitcoin Up or Down - February 4, 5:45PM-6:00PM ET - No 🔴",0,0.586261,0.985,-384.381622,3508.151252,0,-384.381622,-0.10956814412744138
"Bitcoin Up or Down - February 4, 6:30PM-6:45PM ET - Yes 🟢",0,0.492111,0.635,1868.777543,5999.409832,0,1868.777543,0.31149356275549067
"Solana Up or Down - February 4, 6:45PM-7:00PM ET - Yes 🟢",0,0.468566,0.005,3.726688,71.718712,0,3.726688,0.051962561737026174
"Ethereum Up or Down - February 4, 6:15PM-6:30PM ET - Yes 🟢",0,0.822155,0.985,-957.339917,4256.131481,0,-957.339917,-0.22493194142937237
"Solana Up or Down - February 11, 7:00AM-7:15AM ET - Yes 🟢",0,0.391068,0.035,-231.457964,231.457964,0,-231.457964,-1
"Bitcoin Up or Down - February 8, 7:15AM-7:30AM ET - No 🔴",0,0.372293,0.225,-2370.900185,2370.900186,0,-2370.900185,-0.9999999995782193
"Bitcoin Up or Down - February 11, 7:00AM-7:15AM ET - Yes 🟢",0,0.640919,0.765,3960.858981,7069.685607,0,3960.858981,0.5602595647362568
"Solana Up or Down - February 11, 7:15AM-7:30AM ET - Yes 🟢",0,0.757658,0.997,22.780148,71.219852,0,22.780148,0.3198567163548725
"Ethereum Up or Down - February 11, 7:15AM-7:30AM ET - Yes 🟢",0,0.775472,0.975,117.549483,405.990938,0,117.549483,0.2895372088329715
"Bitcoin Up or Down - February 4, 7:00PM-7:15PM ET - Yes 🟢",0,0.179462,0.005,892.135151,1643.451811,0,892.135151,0.5428422939016129
"Ethereum Up or Down - February 4, 7:00PM-7:15PM ET - Yes 🟢",0,0.227744,0.025,730.672519,847.685717,0,730.672519,0.8619615788571793
"XRP Up or Down - February 4, 7:00PM-7:15PM ET - No 🔴",0,0.828333,0.995,-142.849197,435.241657,0,-142.849197,-0.3282066288981158
"Ethereum Up or Down - February 4, 6:00PM-6:15PM ET - Yes 🟢",0,0.673401,0.945,-150.856674,589.237837,0,-150.856674,-0.25602000504254785
"Bitcoin Up or Down - February 4, 5PM ET - No 🔴",0,0.618534,0.9995,-538.478871,13092.162473,0,-538.478871,-0.04112986468893174
"Solana Up or Down - February 4, 5PM ET - No 🔴",0,0.635756,0.9995,-363.215433,3668.883516,0,-363.215433,-0.09899890018748693
"XRP Up or Down - February 4, 5:45PM-6:00PM ET - No 🔴",0,0.664339,0.985,-62.473902,340.012062,0,-62.473902,-0.18374025213258463
"Ethereum Up or Down - February 4, 5PM ET - No 🔴",0,0.594147,0.9995,-274.709132,4895.900577,0,-274.709132,-0.056110030765438884
"Ethereum Up or Down - February 11, 6:45AM-7:00AM ET - Yes 🟢",0,0.658337,0.975,61.286314,118.09019,0,61.286314,0.5189788753832981
"Bitcoin Up or Down - February 4, 6:00PM-6:15PM ET - Yes 🟢",0,0.566092,0.935,-90.714507,787.965566,0,-90.714507,-0.11512496346826405
"Solana Up or Down - February 4, 6PM ET - Yes 🟢",0,0.667066,0.9995,197.779125,2695.304612,0,197.779125,0.07337913648774627
"XRP Up or Down - February 4, 6:00PM-6:15PM ET - No 🔴",0,0.445247,0.575,-3.673216,202.918916,0,-3.673216,-0.01810189051078905
"Bitcoin Up or Down - February 4, 6PM ET - No 🔴",0,0.361765,0.0005,521.596417,1365.033033,0,521.596417,0.3821126700895011
"XRP Up or Down - February 11, 6:45AM-7:00AM ET - Yes 🟢",0,0.650203,0.9855,95.882855,178.227144,0,95.882855,0.5379812123343007
"Ethereum Up or Down - February 8, 6:45AM-7:00AM ET - Yes 🟢",0,0.547874,0.985,1153.638396,1397.947658,0,1153.638396,0.8252371892453215
"XRP Up or Down - February 11, 7AM ET - Yes 🟢",0,0.278508,0.0005,-123.152305,123.152305,0,-123.152305,-1
"Bitcoin Up or Down - February 4, 6PM ET - Yes 🟢",0,0.762711,0.9995,256.512782,6888.638557,0,256.512782,0.03723707955897039
"Solana Up or Down - February 11, 6:45AM-7:00AM ET - Yes 🟢",0,0.69891,0.825,454.497157,1055.008829,0,454.497157,0.4307993871774508
"Solana Up or Down - February 4, 6:15PM-6:30PM ET - Yes 🟢",0,0.346411,0.035,319.565226,733.725523,0,319.565226,0.4355378353112026
"XRP Up or Down - February 11, 6:45AM-7:00AM ET - Yes 🟢",0,0.057574,0.0145,-11.90273,11.902731,0,-11.90273,-0.9999999159856675
"Bitcoin Up or Down - February 8, 6:45AM-7:00AM ET - Yes 🟢",0,0.683069,0.825,2024.223992,4362.730874,0,2024.223992,0.4639809446105201
"Ethereum Up or Down - February 8, 6:45AM-7:00AM ET - Yes 🟢",0,0.443304,0.015,-678.733009,678.733009,0,-678.733009,-1
"Bitcoin Up or Down - February 8, 6:45AM-7:00AM ET - No 🔴",0,0.298085,0.175,-1891.9299,1891.9299,0,-1891.9299,-1
"Ethereum Up or Down - February 12, 11:30PM-11:45PM ET - Yes 🟢",0,0.735187,0.945,167.059002,463.797498,0,167.059002,0.3601981526860241
"Solana Up or Down - February 8, 7:00AM-7:15AM ET - Yes 🟢",0,0.331046,0.045,-129.566831,129.566832,0,-129.566831,-0.9999999922819753
"Ethereum Up or Down - February 8, 7:00AM-7:15AM ET - No 🔴",0,0.666279,0.795,578.46268,1154.909449,0,578.46268,0.5008727571679951
"Bitcoin Up or Down - February 8, 7:00AM-7:15AM ET - No 🔴",0,0.719436,0.815,2006.281115,5144.604655,0,2006.281115,0.38997770471052845
"Solana Up or Down - February 4, 6:00PM-6:15PM ET - Yes 🟢",0,0.397589,0.295,144.507476,554.593117,0,144.507476,0.2605648565955787
"Bitcoin Up or Down - February 8, 8:00AM-8:15AM ET - Yes 🟢",0,0.419451,0.105,-518.462408,518.462409,0,-518.462408,-0.9999999980712198
"XRP Up or Down - February 8, 8:00AM-8:15AM ET - Yes 🟢",0,0.348029,0.17,-84.153412,84.153412,0,-84.153412,-1
"Ethereum Up or Down - February 11, 8:15AM-8:30AM ET - Yes 🟢",0,0.656601,0.685,765.614609,1463.904433,0,765.614609,0.5229949385637253
"Bitcoin Up or Down - February 11, 8:00AM-8:15AM ET - No 🔴",0,0.708575,0.985,861.852471,2095.520682,0,861.852471,0.4112832091818983
"Solana Up or Down - February 11, 8:15AM-8:30AM ET - Yes 🟢",0,0.066289,0.005,-65.032601,65.032602,0,-65.032601,-0.9999999846230971
"Solana Up or Down - February 11, 8:15AM-8:30AM ET - Yes 🟢",0,0.683532,0.995,356.943183,770.953424,0,356.943183,0.4629892959655627
"Ethereum Up or Down - February 11, 8:15AM-8:30AM ET - Yes 🟢",0,0.468073,0.315,-1064.542729,1064.542729,0,-1064.542729,-1
"Ethereum Up or Down - February 8, 8:00AM-8:15AM ET - Yes 🟢",0,0.667914,0.825,879.638831,1769.189579,0,879.638831,0.49719874084788507
"XRP Up or Down - February 8, 8:00AM-8:15AM ET - Yes 🟢",0,0.685251,0.83,79.971425,174.108574,0,79.971425,0.45931928085287743
"Solana Up or Down - February 8, 8:15AM-8:30AM ET - Yes 🟢",0,0.049511,0.025,-14.847836,14.847837,0,-14.847836,-0.9999999326501227
"Bitcoin Up or Down - February 8, 7:30AM-7:45AM ET - No 🔴",0,0.724904,0.645,1567.8317,4131.384938,0,1567.8317,0.37949300864687424
"Ethereum Up or Down - February 8, 8:15AM-8:30AM ET - Yes 🟢",0,0.02209,0.105,-16.337725,16.337725,0,-16.337725,-1
"Ethereum Up or Down - February 11, 8AM ET - No 🔴",0,0.566235,0.0005,-9425.725553,9425.725554,0,-9425.725553,-0.9999999998939073
"Solana Up or Down - February 11, 8AM ET - Yes 🟢",0,0.612917,0.9995,2517.437713,3986.174466,0,2517.437713,0.6315422805681079
"Bitcoin Up or Down - February 11, 8AM ET - Yes 🟢",0,0.606832,0.9995,15535.936033,23978.816015,0,15535.936033,0.647902549620526
"XRP Up or Down - February 11, 8AM ET - Yes 🟢",0,0.512741,0.9995,1182.83277,1244.690929,0,1182.83277,0.9503023943062735
"Bitcoin Up or Down - February 11, 8:30AM-8:45AM ET - Yes 🟢",0,0.152694,0.055,-2226.630031,2226.630032,0,-2226.630031,-0.9999999995508909
"XRP Up or Down - February 11, 8:30AM-8:45AM ET - Yes 🟢",0,0.888287,0.981,113.976137,906.282357,0,113.976137,0.12576228161087327
"Solana Up or Down - February 11, 8:30AM-8:45AM ET - No 🔴",0,0.070544,0.025,-196.456778,196.456779,0,-196.456778,-0.9999999949098217
"Bitcoin Up or Down - February 11, 8:45AM-9:00AM ET - No 🔴",0,0.273212,0.105,-4215.346208,4215.346209,0,-4215.346208,-0.9999999997627714
"XRP Up or Down - February 8, 8:00AM-12:00PM ET - No 🔴",0,0.287866,0.9965,103.72062,106.822897,0,103.72062,0.9709586887537792
"XRP Up or Down - February 11, 9:00AM-9:15AM ET - Yes 🟢",0,0.194722,0.002,-73.987096,73.987097,0,-73.987096,-0.9999999864841297
"Ethereum Up or Down - February 8, 8:15AM-8:30AM ET - Yes 🟢",0,0.7096,0.895,189.499227,463.046322,0,189.499227,0.40924464356289614
"Solana Up or Down - February 8, 8:45AM-9:00AM ET - Yes 🟢",0,0.361819,0.025,-360.64505,360.64505,0,-360.64505,-1
"Solana Up or Down - February 8, 8:30AM-8:45AM ET - Yes 🟢",0,0.784198,0.94,399.47698,1451.650353,0,399.47698,0.27518815338310326
"Solana Up or Down - February 8, 7:00AM-7:15AM ET - Yes 🟢",0,0.726303,0.955,174.073781,461.935314,0,174.073781,0.3768358376688213
"XRP Up or Down - February 8, 8:30AM-8:45AM ET - Yes 🟢",0,0.288808,0.23,-221.57,221.570001,0,-221.57,-0.9999999954867537
"XRP Up or Down - February 8, 8:45AM-9:00AM ET - Yes 🟢",0,0.097676,0.065,-75.958718,75.958718,0,-75.958718,-1
"Ethereum Up or Down - February 8, 8:30AM-8:45AM ET - Yes 🟢",0,0.628504,0.935,1159.357124,1961.422439,0,1159.357124,0.5910797699403704
"Ethereum Up or Down - February 11, 9:00AM-9:15AM ET - Yes 🟢",0,0.905603,0.9995,237.188808,2275.484358,0,237.188808,0.10423662424490285
"Ethereum Up or Down - February 11, 9:00AM-9:15AM ET - No 🔴",0,0.064701,0.0005,-220.659506,220.659506,0,-220.659506,-1
"XRP Up or Down - February 11, 9:15AM-9:30AM ET - Yes 🟢",0,0.55,0.0025,-5.5,5.5,0,-5.5,-1
"Solana Up or Down - February 8, 9:00AM-9:15AM ET - Yes 🟢",0,0.175716,0.005,447.650768,243.622233,0,447.650768,1.8374791269563646
"Ethereum Up or Down - February 8, 9:00AM-9:15AM ET - Yes 🟢",0,0.240643,0.365,438.111967,606.736633,0,438.111967,0.7220793061954445
"Solana Up or Down - February 8, 9:45AM-10:00AM ET - Yes 🟢",0,0.632281,0.395,415.804482,714.962441,0,415.804482,0.5815752802600718
"Ethereum Up or Down - February 8, 9:00AM-9:15AM ET - Yes 🟢",0,0.529689,0.635,-52.707499,1117.401523,0,-52.707499,-0.04716970392029795
"XRP Up or Down - February 11, 9:15AM-9:30AM ET - Yes 🟢",0,0.549114,0.9975,59.44481,72.39519,0,59.44481,0.8211154636102205
"Solana Up or Down - February 11, 9:15AM-9:30AM ET - Yes 🟢",0,0.385724,0.005,-40.807421,40.807421,0,-40.807421,-1
"Solana Up or Down - February 11, 9:15AM-9:30AM ET - Yes 🟢",0,0.666199,0.995,170.847879,340.977667,0,170.847879,0.5010529883178537
"Solana Up or Down - February 8, 8:00AM-12:00PM ET - No 🔴",0,0.405161,0.9945,136.781426,93.165545,0,136.781426,1.4681546273356745
"XRP Up or Down - February 8, 8:00AM-12:00PM ET - Yes 🟢",0,0.681229,0.0035,-74.117902,234.879383,0,-74.117902,-0.3155572918036829
"Ethereum Up or Down - February 8, 8:00AM-12:00PM ET - No 🔴",0,0.658408,0.9985,129.270899,743.664748,0,129.270899,0.17382953723120406
"XRP Up or Down - February 8, 9:45AM-10:00AM ET - Yes 🟢",0,0.455909,0.235,-144.208515,144.208515,0,-144.208515,-1
"Ethereum Up or Down - February 8, 9:45AM-10:00AM ET - No 🔴",0,0.427889,0.405,-957.076951,957.076952,0,-957.076951,-0.9999999989551519
"Bitcoin Up or Down - February 8, 9:45AM-10:00AM ET - Yes 🟢",0,0.736193,0.655,2727.884333,7612.570368,0,2727.884333,0.35833945712565923
"Solana Up or Down - February 8, 9:45AM-10:00AM ET - Yes 🟢",0,0.383106,0.605,-353.534248,353.534249,0,-353.534248,-0.9999999971714197
"Bitcoin Up or Down - February 8, 9:00AM-9:15AM ET - Yes 🟢",0,0.762664,0.705,-3412.060483,10012.486479,0,-3412.060483,-0.340780533402606
"Bitcoin Up or Down - February 8, 10:00AM-10:15AM ET - Yes 🟢",0,0.577136,0.065,-1042.697477,1042.697478,0,-1042.697477,-0.9999999990409489
"XRP Up or Down - February 8, 10:00AM-10:15AM ET - Yes 🟢",0,0.538426,0.92,54.367341,63.419495,0,54.367341,0.8572654354942436
"Bitcoin Up or Down - February 8, 9:30AM-9:45AM ET - Yes 🟢",0,0.274428,0.705,-4482.773601,4482.773602,0,-4482.773601,-0.9999999997769238
"Solana Up or Down - February 8, 9:30AM-9:45AM ET - Yes 🟢",0,0.565948,0.155,-820.644967,820.644967,0,-820.644967,-1
"Bitcoin Up or Down - February 8, 9:15AM-9:30AM ET - Yes 🟢",0,0.25565,0.085,-3913.65729,3913.65729,0,-3913.65729,-1
"Ethereum Up or Down - February 8, 9:30AM-9:45AM ET - Yes 🟢",0,0.533308,0.165,-5215.661741,5215.661741,0,-5215.661741,-1
"XRP Up or Down - February 8, 9:15AM-9:30AM ET - Yes 🟢",0,0.221077,0.12,-75.835733,75.835733,0,-75.835733,-1
"Ethereum Up or Down - February 8, 9:15AM-9:30AM ET - No 🔴",0,0.714065,0.64,4149.366974,10362.207246,0,4149.366974,0.40043273363421006
"Solana Up or Down - February 8, 9:15AM-9:30AM ET - Yes 🟢",0,0.800005,0.855,553.440876,2213.832688,0,553.440876,0.24999218730480685
"XRP Up or Down - February 8, 9:30AM-9:45AM ET - Yes 🟢",0,0.879803,0.965,49.907877,365.309455,0,49.907877,0.1366180817849349
"Bitcoin Up or Down - February 8, 9:30AM-9:45AM ET - No 🔴",0,0.680389,0.295,4999.849989,10643.697916,0,4999.849989,0.4697474532308965
"Bitcoin Up or Down - February 11, 8:45AM-9:00AM ET - Yes 🟢",0,0.507088,0.895,7845.923284,8071.569665,0,7845.923284,0.9720442998864955
"Ethereum Up or Down - February 8, 9:15AM-9:30AM ET - Yes 🟢",0,0.457925,0.36,-3579.458576,3579.458576,0,-3579.458576,-1
"Ethereum Up or Down - February 8, 9:30AM-9:45AM ET - Yes 🟢",0,0.565699,0.835,1680.681851,2189.173045,0,1680.681851,0.7677245317991753
"Solana Up or Down - February 8, 9:30AM-9:45AM ET - Yes 🟢",0,0.70694,0.845,349.790905,843.79029,0,349.790905,0.4145472034289468
"XRP Up or Down - February 8, 9:30AM-9:45AM ET - No 🔴",0,0.04469,0.035,-20.355313,20.355314,0,-20.355313,-0.9999999508727794
"XRP Up or Down - February 8, 9:15AM-9:30AM ET - Yes 🟢",0,0.855562,0.88,49.633092,293.995954,0,49.633092,0.16882236413362342
"Solana Up or Down - February 8, 9:15AM-9:30AM ET - Yes 🟢",0,0.267719,0.145,-693.920662,693.920662,0,-693.920662,-1
"Ethereum Up or Down - February 8, 8:00AM-12:00PM ET - Yes 🟢",0,0.368197,0.0015,-167.84191,466.656559,0,-167.84191,-0.35966902588848
"Bitcoin Up or Down - February 8, 8:00AM-12:00PM ET - Yes 🟢",0,0.503709,0.004,-2342.054874,3233.889927,0,-2342.054874,-0.7242221989208724
"XRP Up or Down - February 11, 9AM ET - No 🔴",0,0.399552,0.9995,148.942876,451.68922,0,148.942876,0.3297463596762394
"Bitcoin Up or Down - February 11, 9AM ET - Yes 🟢",0,0.584871,0.0005,-1924.706505,8494.097505,0,-1924.706505,-0.22659340840707717
"Bitcoin Up or Down - February 11, 9AM ET - No 🔴",0,0.443297,0.9995,745.008356,5824.382646,0,745.008356,0.12791198677711327
"Bitcoin Up or Down - February 8, 9:15AM-9:30AM ET - No 🔴",0,0.750959,0.915,3075.785361,9274.732673,0,3075.785361,0.3316306215438453
"Solana Up or Down - February 11, 8:45AM-9:00AM ET - Yes 🟢",0,0.349844,0.015,-310.758457,310.758458,0,-310.758457,-0.9999999967820666
"XRP Up or Down - February 11, 8:45AM-9:00AM ET - Yes 🟢",0,0.334979,0.025,-113.793445,113.793446,0,-113.793445,-0.9999999912121477
"XRP Up or Down - February 11, 8:45AM-9:00AM ET - Yes 🟢",0,0.582391,0.975,116.767164,162.841667,0,116.767164,0.7170594980460375
"Ethereum Up or Down - February 8, 8:45AM-9:00AM ET - Yes 🟢",0,0.661488,0.945,2185.202388,4270.114967,0,2185.202388,0.5117432211749627
"Bitcoin Up or Down - February 8, 8:30AM-8:45AM ET - Yes 🟢",0,0.137098,0.175,-2187.367209,2187.36721,0,-2187.367209,-0.9999999995428294
"Ethereum Up or Down - February 8, 8:45AM-9:00AM ET - Yes 🟢",0,0.140474,0.055,-788.652205,788.652205,0,-788.652205,-1
"XRP Up or Down - February 8, 8:30AM-8:45AM ET - Yes 🟢",0,0.73988,0.77,272.987014,776.478672,0,272.987014,0.3515705245281998
"Bitcoin Up or Down - February 8, 8:30AM-8:45AM ET - Yes 🟢",0,0.766815,0.825,3477.226737,11434.653261,0,3477.226737,0.3040955119172459
"XRP Up or Down - February 8, 8:45AM-9:00AM ET - Yes 🟢",0,0.719163,0.935,345.518063,884.797257,0,345.518063,0.3905053505381742
"Solana Up or Down - February 8, 8:30AM-8:45AM ET - Yes 🟢",0,0.079777,0.06,-145.551045,145.551046,0,-145.551045,-0.9999999931295579
"Bitcoin Up or Down - February 8, 8:45AM-9:00AM ET - Yes 🟢",0,0.650508,0.995,3651.676014,6796.849315,0,3651.676014,0.5372601104957702
"Bitcoin Up or Down - February 8, 9:45AM-10:00AM ET - Yes 🟢",0,0.108923,0.345,-1025.123896,1025.123896,0,-1025.123896,-1
"XRP Up or Down - February 11, 9:00AM-9:15AM ET - Yes 🟢",0,0.953527,0.998,22.841107,468.650888,0,22.841107,0.048738000044075455
"Bitcoin Up or Down - February 11, 9:00AM-9:15AM ET - No 🔴",0,0.109845,0.0005,-578.258871,578.258871,0,-578.258871,-1
"Solana Up or Down - February 11, 9AM ET - No 🔴",0,0.331205,0.9995,420.273467,824.649228,0,420.273467,0.5096390716562945
"XRP Up or Down - February 8, 9:00AM-9:15AM ET - No 🔴",0,0.284658,0.295,149.442565,198.760936,0,149.442565,0.7518709058604957
"XRP Up or Down - February 8, 9:00AM-9:15AM ET - Yes 🟢",0,0.698077,0.705,15.218129,840.268151,0,15.218129,0.01811103869864514
"Bitcoin Up or Down - February 8, 9:00AM-9:15AM ET - Yes 🟢",0,0.192022,0.295,3829.573518,2698.306632,0,3829.573518,1.4192506784010308
"Solana Up or Down - February 8, 9:00AM-9:15AM ET - No 🔴",0,0.683635,0.995,-147.0508,1176.012971,0,-147.0508,-0.1250418180974298
"Bitcoin Up or Down - February 11, 9:15AM-9:30AM ET - Yes 🟢",0,0.73183,0.9995,1377.795485,3759.973413,0,1377.795485,0.3664375604987822
"Ethereum Up or Down - February 11, 9:30AM-9:45AM ET - No 🔴",0,0.902168,0.965,223.230122,2058.539877,0,223.230122,0.1084409996105215
"XRP Up or Down - February 8, 9:45AM-10:00AM ET - Yes 🟢",0,0.645301,0.765,209.241668,380.671663,0,209.241668,0.5496644177583557
"Ethereum Up or Down - February 8, 9:45AM-10:00AM ET - Yes 🟢",0,0.694598,0.595,947.477902,2154.917965,0,947.477902,0.4396816572087003
"Solana Up or Down - February 8, 8:45AM-9:00AM ET - Yes 🟢",0,0.642002,0.975,795.329622,1426.273913,0,795.329622,0.5576275459789609
"Solana Up or Down - February 8, 7AM ET - No 🔴",0,0.744206,0.9995,-136.024886,1523.525394,0,-136.024886,-0.08928297915853448
"Ethereum Up or Down - February 11, 7:30AM-7:45AM ET - Yes 🟢",0,0.277557,0.0005,-61.579031,61.579032,0,-61.579031,-0.9999999837607061
"Ethereum Up or Down - February 8, 4:00AM-8:00AM ET - Yes 🟢",0,0.729315,0.9975,484.222107,1304.65466,0,484.222107,0.37114963970618864
"Solana Up or Down - February 4, 8:00PM-12:00AM ET - No 🔴",0,0.672359,0.9895,793.563182,3390.077702,0,793.563182,0.2340840687904681
"Solana Up or Down - February 4, 8:00PM-8:15PM ET - Yes 🟢",0,0.9689,0.9955,-254.225454,1719.661854,0,-254.225454,-0.14783456027047515
"Solana Up or Down - February 11, 7:30AM-7:45AM ET - Yes 🟢",0,0.435926,0.025,-79.58265,79.582651,0,-79.58265,-0.9999999874344474
"Ethereum Up or Down - February 11, 7:45AM-8:00AM ET - Yes 🟢",0,0.458775,0.035,-130.039419,130.03942,0,-130.039419,-0.999999992310024
"Bitcoin Up or Down - February 11, 4:00AM-8:00AM ET - Yes 🟢",0,0.524288,0.98,6458.757381,7118.275322,0,6458.757381,0.9073486327563546
"Bitcoin Up or Down - February 11, 7:45AM-8:00AM ET - Yes 🟢",0,0.513818,0.945,716.120515,756.82689,0,716.120515,0.9462144176721838
"Ethereum Up or Down - February 11, 7:45AM-8:00AM ET - Yes 🟢",0,0.650223,0.965,161.834822,300.845178,0,161.834822,0.537933906987866
"Bitcoin Up or Down - February 8, 8:45AM-9:00AM ET - Yes 🟢",0,0.22222,0.005,-2163.569547,2163.569548,0,-2163.569547,-0.9999999995378009
"Bitcoin Up or Down - February 11, 7:45AM-8:00AM ET - No 🔴",0,0.616745,0.055,-455.203147,455.203148,0,-455.203147,-0.9999999978031786
"Ethereum Up or Down - February 11, 7AM ET - No 🔴",0,0.439999,0.9995,4038.893657,3173.403566,0,4038.893657,1.2727324379013445
"XRP Up or Down - February 4, 8PM ET - No 🔴",0,0.645959,0.9995,-114.961915,583.003509,0,-114.961915,-0.1971890618586311
"XRP Up or Down - February 4, 8:30PM-8:45PM ET - Yes 🟢",0,0.31881,0.005,188.889412,506.587538,0,188.889412,0.3728662823916525
"Solana Up or Down - February 4, 8:15PM-8:30PM ET - No 🔴",0,0.532761,0.991,-67.704151,1056.803153,0,-67.704151,-0.06406505393914168
"Bitcoin Up or Down - February 4, 8:30PM-8:45PM ET - Yes 🟢",0,0.374062,0.015,1088.967175,3424.942525,0,1088.967175,0.31795195599669224
"Bitcoin Up or Down - February 4, 8:15PM-8:30PM ET - Yes 🟢",0,0.11675,0.0075,3564.776662,1269.013688,0,3564.776662,2.8090923649674613
"XRP Up or Down - February 4, 8:15PM-8:30PM ET - Yes 🟢",0,0.893993,0.9885,-190.780865,441.683799,0,-190.780865,-0.43193992044068613
"Ethereum Up or Down - February 4, 8:15PM-8:30PM ET - Yes 🟢",0,0.227137,0.006,1115.615227,934.325424,0,1115.615227,1.194032826618234
"Solana Up or Down - February 4, 8:15PM-8:30PM ET - Yes 🟢",0,0.369539,0.009,571.594518,914.786358,0,571.594518,0.6248393551142135
"Ethereum Up or Down - February 4, 8:00PM-8:15PM ET - Yes 🟢",0,0.924067,0.935,-431.61738,4701.63971,0,-431.61738,-0.09180145792158115
"Bitcoin Up or Down - February 11, 7AM ET - Yes 🟢",0,0.703402,0.9995,5482.895803,13003.054215,0,5482.895803,0.4216621504719305
"Ethereum Up or Down - February 8, 7:30AM-7:45AM ET - Yes 🟢",0,0.564866,0.515,1612.134212,2092.780165,0,1612.134212,0.7703313701847896
"Bitcoin Up or Down - February 8, 7:45AM-8:00AM ET - Yes 🟢",0,0.608538,0.985,1213.984338,1887.170661,0,1213.984338,0.6432827528998979
"Solana Up or Down - February 8, 7:45AM-8:00AM ET - Yes 🟢",0,0.618764,0.955,318.118712,516.321667,0,318.118712,0.6161250482637599
"Ethereum Up or Down - February 11, 7:30AM-7:45AM ET - Yes 🟢",0,0.703392,0.9995,82.074672,194.636247,0,82.074672,0.4216823601207231
"Bitcoin Up or Down - February 8, 7AM ET - Yes 🟢",0,0.492432,0.9995,100.119909,6514.567105,0,100.119909,0.015368620414264657
"Bitcoin Up or Down - February 11, 7:30AM-7:45AM ET - No 🔴",0,0.628141,0.9995,490.443683,828.453219,0,490.443683,0.5919992484210506
"Bitcoin Up or Down - February 8, 4:00AM-8:00AM ET - Yes 🟢",0,0.624247,0.9945,3994.610212,6636.336746,0,3994.610212,0.6019300051956706
"XRP Up or Down - February 4, 7PM ET - Yes 🟢",0,0.079164,0.0005,278.685154,67.444991,0,278.685154,4.132036343514376
"Bitcoin Up or Down - February 4, 7PM ET - Yes 🟢",0,0.171183,0.0005,1584.961794,1623.771981,0,1584.961794,0.9760987457265405
"Ethereum Up or Down - February 4, 7:30PM-7:45PM ET - Yes 🟢",0,0.115583,0.175,800.501358,360.393014,0,800.501358,2.2211899978727114
"Bitcoin Up or Down - February 4, 7:45PM-8:00PM ET - Yes 🟢",0,0.316542,0.005,569.58099,1446.59326,0,569.58099,0.39373955744823536
"Bitcoin Up or Down - February 8, 4:00AM-8:00AM ET - No 🔴",0,0.336314,0.0055,-3448.710078,3448.710078,0,-3448.710078,-1
"XRP Up or Down - February 4, 7:30PM-7:45PM ET - Yes 🟢",0,0.964013,0.994,-97.501547,330.898834,0,-97.501547,-0.2946566653661886
"Solana Up or Down - February 4, 7:30PM-7:45PM ET - Yes 🟢",0,0.187976,0.007,98.907172,73.917828,0,98.907172,1.338069240887327
"Ethereum Up or Down - February 4, 7:30PM-7:45PM ET - No 🔴",0,0.799802,0.825,-667.299247,1905.268866,0,-667.299247,-0.35023888696662303
"Solana Up or Down - February 4, 7PM ET - Yes 🟢",0,0.290927,0.0005,223.876023,916.028078,0,223.876023,0.2443986471340456
"Bitcoin Up or Down - February 4, 4:00PM-8:00PM ET - No 🔴",0,0.814446,0.9955,-2220.587226,10289.757047,0,-2220.587226,-0.2158056031699424
"Bitcoin Up or Down - February 4, 7:30PM-7:45PM ET - No 🔴",0,0.877616,0.855,-2081.168452,5091.663692,0,-2081.168452,-0.4087403603010786
"Bitcoin Up or Down - February 4, 4:00PM-8:00PM ET - Yes 🟢",0,0.068296,0.0045,2785.57639,858.484983,0,2785.57639,3.2447584351047407
"Bitcoin Up or Down - February 11, 7:30AM-7:45AM ET - Yes 🟢",0,0.42431,0.0005,-551.294769,551.294769,0,-551.294769,-1
"Solana Up or Down - February 4, 7:45PM-8:00PM ET - Yes 🟢",0,0.988726,0.975,23.305665,1279.00883,0,23.305665,0.01822166075272522
"Ethereum Up or Down - February 4, 7PM ET - Yes 🟢",0,0.386351,0.9995,311.59458,1988.330155,0,311.59458,0.15671169056931594
"Ethereum Up or Down - February 4, 7PM ET - No 🔴",0,0.221894,0.0005,1204.731494,1017.198203,0,1204.731494,1.1843625858234041
"Solana Up or Down - February 4, 4:00PM-8:00PM ET - Yes 🟢",0,0.013365,0.005,430.814056,17.876584,0,430.814056,24.099350077173582
"Solana Up or Down - February 8, 8:00AM-8:15AM ET - Yes 🟢",0,0.71955,0.865,386.046068,990.477621,0,386.046068,0.38975748650458397
"XRP Up or Down - February 8, 8:15AM-8:30AM ET - Yes 🟢",0,0.8,0.975,10.4,41.6,0,10.4,0.25
"XRP Up or Down - February 8, 8:15AM-8:30AM ET - Yes 🟢",0,0.091135,0.025,-4.699961,4.699962,0,-4.699961,-0.9999997872323223
"Bitcoin Up or Down - February 8, 8:15AM-8:30AM ET - Yes 🟢",0,0.625421,0.935,2542.399565,4244.952543,0,2542.399565,0.5989229653915591
"Solana Up or Down - February 8, 8:15AM-8:30AM ET - Yes 🟢",0,0.674519,0.975,117.630925,243.775502,0,117.630925,0.48253792540646684
"Bitcoin Up or Down - February 8, 8:15AM-8:30AM ET - No 🔴",0,0.075462,0.065,-652.415473,652.415473,0,-652.415473,-1
"Solana Up or Down - February 11, 8AM ET - Yes 🟢",0,0.596612,0.0005,-3543.787805,3543.787806,0,-3543.787805,-0.9999999997178161
"Ethereum Up or Down - February 11, 8AM ET - Yes 🟢",0,0.618791,0.9995,6400.929723,10390.199876,0,6400.929723,0.6160545320966644
"Bitcoin Up or Down - February 11, 8AM ET - No 🔴",0,0.542157,0.0005,-19148.211915,19148.211916,0,-19148.211915,-0.9999999999477758
"XRP Up or Down - February 11, 8AM ET - Yes 🟢",0,0.635226,0.0005,-1424.027383,1424.027383,0,-1424.027383,-1
"Ethereum Up or Down - February 11, 8:30AM-8:45AM ET - Yes 🟢",0,0.693629,0.965,1618.846744,3665.095745,0,1618.846744,0.44169289334622824
"XRP Up or Down - February 4, 8:45PM-9:00PM ET - Yes 🟢",0,0.80424,0.9845,-82.524553,375.541694,0,-82.524553,-0.21974804480697688
"XRP Up or Down - February 11, 8:30AM-8:45AM ET - Yes 🟢",0,0.04909,0.019,-62.424055,62.424056,0,-62.424055,-0.9999999839805347
"Ethereum Up or Down - February 11, 8:30AM-8:45AM ET - Yes 🟢",0,0.195066,0.035,-918.255607,918.255607,0,-918.255607,-1
"Solana Up or Down - February 11, 8:30AM-8:45AM ET - Yes 🟢",0,0.864593,0.975,354.910941,2266.15696,0,354.910941,0.15661357411006518
"Solana Up or Down - February 8, 8:00AM-12:00PM ET - Yes 🟢",0,0.533321,0.0055,-155.261714,155.261714,0,-155.261714,-1
"Bitcoin Up or Down - February 11, 9:00AM-9:15AM ET - Yes 🟢",0,0.629569,0.9995,3415.558435,5804.939944,0,3415.558435,0.5883882465537528
"Solana Up or Down - February 11, 9:00AM-9:15AM ET - Yes 🟢",0,0.178564,0.0055,-89.459303,89.459303,0,-89.459303,-1
"Ethereum Up or Down - February 11, 8:45AM-9:00AM ET - Yes 🟢",0,0.726557,0.925,1444.610682,3838.430693,0,1444.610682,0.37635450462463255
"Ethereum Up or Down - February 11, 8:45AM-9:00AM ET - Yes 🟢",0,0.28373,0.075,-1355.416192,1355.416192,0,-1355.416192,-1
"Solana Up or Down - February 11, 8:45AM-9:00AM ET - Yes 🟢",0,0.464913,0.985,438.901723,381.341944,0,438.901723,1.150940068108532
"Solana Up or Down - February 11, 9:00AM-9:15AM ET - Yes 🟢",0,0.86311,0.9945,167.76624,1057.788881,0,167.76624,0.15860087302241174
"Ethereum Up or Down - February 8, 8:30AM-8:45AM ET - Yes 🟢",0,0.0279,0.065,-35.593248,35.593248,0,-35.593248,-1
"Bitcoin Up or Down - February 11, 8:30AM-8:45AM ET - Yes 🟢",0,0.776053,0.945,4092.789523,14182.91644,0,4092.789523,0.2885717856630057
"XRP Up or Down - February 4, 8:45PM-9:00PM ET - Yes 🟢",0,0.020491,0.0155,150.458137,7.970621,0,150.458137,18.876589038670886
"Bitcoin Up or Down - February 4, 8:45PM-9:00PM ET - No 🔴",0,0.766335,0.965,-710.104948,2551.490334,0,-710.104948,-0.27830987189622647
"Ethereum Up or Down - February 4, 8PM ET - Yes 🟢",0,0.602934,0.0005,-1968.04415,5137.614495,0,-1968.04415,-0.3830657500509874
"Solana Up or Down - February 4, 8:45PM-9:00PM ET - Yes 🟢",0,0.820438,0.745,-295.062738,1467.042431,0,-295.062738,-0.20112761005751714
"Solana Up or Down - February 11, 8:00AM-8:15AM ET - Yes 🟢",0,0.127093,0.025,-34.067563,34.067563,0,-34.067563,-1
"Solana Up or Down - February 11, 8:00AM-8:15AM ET - Yes 🟢",0,0.932485,0.975,21.546511,297.590152,0,21.546511,0.07240330654490207
"Solana Up or Down - February 4, 8:00PM-12:00AM ET - Yes 🟢",0,0.221474,0.0105,-105.707856,1177.180968,0,-105.707856,-0.08979745584877653
"Bitcoin Up or Down - February 4, 8:00PM-12:00AM ET - No 🔴",0,0.820869,0.9985,-1078.82351,6333.162068,0,-1078.82351,-0.17034516066643002
"XRP Up or Down - February 11, 8:15AM-8:30AM ET - Yes 🟢",0,0.262174,0.02,-28.046009,28.04601,0,-28.046009,-0.9999999643443043
"Ethereum Up or Down - February 4, 9:00PM-9:15PM ET - Yes 🟢",0,0.8318,0.995,-807.351132,2034.990382,0,-807.351132,-0.3967346180803719
"Solana Up or Down - February 4, 9:00PM-9:15PM ET - Yes 🟢",0,0.264942,0.015,370.595123,420.800727,0,370.595123,0.880690310689506
"Solana Up or Down - February 8, 8:00AM-8:15AM ET - Yes 🟢",0,0.243488,0.135,-317.679579,317.67958,0,-317.679579,-0.9999999968521742
"Solana Up or Down - February 4, 9:15PM-9:30PM ET - No 🔴",0,0.118186,0.075,428.152054,262.090047,0,428.152054,1.633606689383363
"Bitcoin Up or Down - February 4, 9:15PM-9:30PM ET - No 🔴",0,0.245756,0.065,3241.659856,4459.099644,0,3241.659856,0.7269763214109508
"XRP Up or Down - February 4, 9:15PM-9:30PM ET - Yes 🟢",0,0.859257,0.88,-278.88856,687.831676,0,-278.88856,-0.4054604778044563
"Ethereum Up or Down - February 4, 9:30PM-9:45PM ET - No 🔴",0,0.228509,0.007,1031.275756,882.560794,0,1031.275756,1.1685039297134243
"Bitcoin Up or Down - February 4, 9:30PM-9:45PM ET - Yes 🟢",0,0.890775,0.985,-2002.76385,4577.643583,0,-2002.76385,-0.4375097828580771
"Ethereum Up or Down - February 4, 9:30PM-9:45PM ET - Yes 🟢",0,0.870497,0.993,-1416.756013,3341.290291,0,-1416.756013,-0.42401464392846433
"Ethereum Up or Down - February 4, 9:45PM-10:00PM ET - No 🔴",0,0.953331,0.9985,-265.251917,1196.109449,0,-265.251917,-0.2217622452709175
"Bitcoin Up or Down - February 11, 8:15AM-8:30AM ET - Yes 🟢",0,0.556274,0.595,5086.778869,6377.004793,0,5086.778869,0.7976752463137124
"Bitcoin Up or Down - February 11, 8:00AM-8:15AM ET - Yes 🟢",0,0.051455,0.015,-83.609057,83.609057,0,-83.609057,-1
"Ethereum Up or Down - February 11, 8:00AM-8:15AM ET - Yes 🟢",0,0.152602,0.015,-152.336253,152.336254,0,-152.336253,-0.9999999934355744
"Ethereum Up or Down - February 8, 8:00AM-8:15AM ET - Yes 🟢",0,0.431284,0.175,-1015.306455,1015.306456,0,-1015.306455,-0.9999999990150757
"Bitcoin Up or Down - February 4, 9:00PM-9:15PM ET - No 🔴",0,0.512448,0.965,-28.725247,1598.209869,0,-28.725247,-0.017973388575039516
"Ethereum Up or Down - February 3, 10:15PM-10:30PM ET - No 🔴",0,0.70361,0.955,878.994842,2158.754939,0,878.994842,0.4071767601408137
"XRP Up or Down - February 3, 10:15PM-10:30PM ET - No 🔴",0,0.640711,0.965,114.571022,204.311611,0,114.571022,0.5607660839207028
"Solana Up or Down - February 3, 10:15PM-10:30PM ET - No 🔴",0,0.706484,0.965,621.438489,1529.738165,0,621.438489,0.40623846826754173
"Bitcoin Up or Down - February 3, 10:15PM-10:30PM ET - No 🔴",0,0.641219,0.9755,934.374566,4527.946227,0,934.374566,0.20635725760795345
"Bitcoin Up or Down - February 10, 9:00PM-9:15PM ET - No 🔴",0,0.630948,0.795,1926.865598,4344.208521,0,1926.865598,0.443548137407652
"Bitcoin Up or Down - February 7, 4PM ET - Yes 🟢",0,0.411401,0.0005,-2385.393551,2385.393551,0,-2385.393551,-1
"Ethereum Up or Down - February 7, 4PM ET - Yes 🟢",0,0.474635,0.0005,-1754.177199,1754.1772,0,-1754.177199,-0.9999999994299321
"XRP Up or Down - February 7, 4:45PM-5:00PM ET - Yes 🟢",0,0.646195,0.975,42.225288,77.120929,0,42.225288,0.5475204791685017
"Ethereum Up or Down - February 7, 4:45PM-5:00PM ET - Yes 🟢",0,0.574388,0.865,103.740447,140.003731,0,103.740447,0.7409834456483165
"XRP Up or Down - February 3, 10:15PM-10:30PM ET - Yes 🟢",0,0.06,0.035,-0.6,0.6,0,-0.6,-1
"Ethereum Up or Down - February 8, 3:15PM-3:30PM ET - Yes 🟢",0,0.555693,0.355,-2554.070415,2554.070415,0,-2554.070415,-1
"Ethereum Up or Down - February 3, 10:30PM-10:45PM ET - Yes 🟢",0,0.111074,0.0015,-239.754253,239.754254,0,-239.754253,-0.9999999958290625
"Bitcoin Up or Down - February 3, 10:30PM-10:45PM ET - No 🔴",0,0.01,0.0015,-14.3969,14.3969,0,-14.3969,-1
"Solana Up or Down - February 3, 10PM ET - No 🔴",0,0.0305,0.0005,-19.183818,19.183818,0,-19.183818,-1
"XRP Up or Down - February 7, 4PM ET - Yes 🟢",0,0.351441,0.0005,-85.769228,85.769228,0,-85.769228,-1
"XRP Up or Down - February 3, 10PM ET - No 🔴",0,0.043167,0.0005,-12.874466,23.987876,0,-12.874466,-0.5367072099255474
"Ethereum Up or Down - February 3, 10PM ET - No 🔴",0,0.034005,0.0005,-45.001585,45.594326,0,-45.001585,-0.9869996762316433
"XRP Up or Down - February 3, 10PM ET - Yes 🟢",0,0.818564,0.9995,53.184802,445.680434,0,53.184802,0.11933393961826917
"XRP Up or Down - February 3, 10:45PM-11:00PM ET - No 🔴",0,0.468548,0.385,-64.948995,64.948996,0,-64.948995,-0.9999999846033032
"XRP Up or Down - February 3, 10:45PM-11:00PM ET - Yes 🟢",0,0.512953,0.615,79.665153,83.902538,0,79.665153,0.9494963430069302
"Solana Up or Down - February 3, 10:45PM-11:00PM ET - No 🔴",0,0.643782,0.895,303.432871,548.385036,0,303.432871,0.5533208440793413
"XRP Up or Down - February 10, 9:30PM-9:45PM ET - Yes 🟢",0,0.470519,0.195,-112.86804,112.868041,0,-112.86804,-0.999999991140096
"Ethereum Up or Down - February 3, 10:30PM-10:45PM ET - Yes 🟢",0,0.613649,0.9985,1083.875778,1721.54152,0,1083.875778,0.629596071548713
"Solana Up or Down - February 7, 4PM ET - Yes 🟢",0,0.335149,0.0005,-498.943643,498.943644,0,-498.943643,-0.9999999979957657
"Bitcoin Up or Down - February 3, 10PM ET - No 🔴",0,0.005902,0.0005,-25.869607,13.597085,0,-25.869607,-1
"XRP Up or Down - February 3, 10:00PM-10:15PM ET - No 🔴",0,0.330294,0.0035,53.607331,104.63727,0,53.607331,0.5123158411911932
"Ethereum Up or Down - February 10, 9:00PM-9:15PM ET - Yes 🟢",0,0.305534,0.135,204.58971,287.384166,0,204.58971,0.7119032090306604
"Bitcoin Up or Down - February 7, 4:30PM-4:45PM ET - Yes 🟢",0,0.403869,0.505,1418.018498,960.684334,0,1418.018498,1.476050402628924
"XRP Up or Down - February 7, 4:30PM-4:45PM ET - Yes 🟢",0,0.635082,0.39,-219.262361,219.262362,0,-219.262361,-0.9999999954392539
"Solana Up or Down - February 7, 4:30PM-4:45PM ET - No 🔴",0,0.756483,0.875,397.04544,1233.417486,0,397.04544,0.3219067708271488
"Solana Up or Down - February 3, 10:00PM-10:15PM ET - Yes 🟢",0,0.277323,0.004,162.605521,203.071179,0,162.605521,0.8007316538010546
"Ethereum Up or Down - February 3, 10:00PM-10:15PM ET - Yes 🟢",0,0.754016,0.997,-550.233162,2741.740159,0,-550.233162,-0.20068756705255672
"XRP Up or Down - February 7, 4:00PM-8:00PM ET - No 🔴",0,0.67989,0.9965,58.673961,124.619161,0,58.673961,0.47082615971070446
"Bitcoin Up or Down - February 3, 10:00PM-10:15PM ET - Yes 🟢",0,0.717361,0.9975,1496.964364,6242.23338,0,1496.964364,0.23981230320485067
"Bitcoin Up or Down - February 10, 9:00PM-9:15PM ET - Yes 🟢",0,0.63638,0.205,-7269.809889,10392.06129,0,-7269.809889,-0.6995541775716376
"Solana Up or Down - February 3, 10:00PM-10:15PM ET - Yes 🟢",0,0.781905,0.996,51.148947,1494.38574,0,51.148947,0.034227405703162024
"Solana Up or Down - February 3, 10PM ET - Yes 🟢",0,0.803436,0.9995,160.833186,657.389817,0,160.833186,0.24465420948252992
"Bitcoin Up or Down - February 3, 10PM ET - Yes 🟢",0,0.627873,0.9995,1579.824175,3289.341731,0,1579.824175,0.48028581527761
"Ethereum Up or Down - February 7, 4:30PM-4:45PM ET - Yes 🟢",0,0.424918,0.265,-1822.213207,1822.213207,0,-1822.213207,-1
"XRP Up or Down - February 7, 4:30PM-4:45PM ET - Yes 🟢",0,0.630585,0.61,153.186783,261.487184,0,153.186783,0.5858290286226799
"Ethereum Up or Down - February 7, 4:30PM-4:45PM ET - Yes 🟢",0,0.606097,0.735,1795.613158,2762.902919,0,1795.613158,0.6499009232832187
"Bitcoin Up or Down - February 7, 4PM ET - No 🔴",0,0.668963,0.9995,2082.19319,4207.717576,0,2082.19319,0.4948509856926766
"Solana Up or Down - February 3, 10:15PM-10:30PM ET - Yes 🟢",0,0.09364,0.035,-82.911845,84.956599,0,-82.911845,-0.9759317813557956
"Ethereum Up or Down - February 3, 10:15PM-10:30PM ET - Yes 🟢",0,0.076853,0.045,-69.041925,91.654213,0,-69.041925,-0.7532869765626596
"Ethereum Up or Down - February 7, 4PM ET - No 🔴",0,0.598118,0.9995,1542.882598,2296.260729,0,1542.882598,0.6719108934427976
"Bitcoin Up or Down - February 3, 10:15PM-10:30PM ET - Yes 🟢",0,0.044299,0.0245,517.131253,251.980878,0,517.131253,2.052263874562736
"Ethereum Up or Down - February 3, 10PM ET - Yes 🟢",0,0.760682,0.9995,348.433978,1342.723587,0,348.433978,0.25949792002871847
"Bitcoin Up or Down - February 3, 9:30PM-9:45PM ET - No 🔴",0,0.72246,0.995,1441.117201,4022.53996,0,1441.117201,0.35826050588196023
"Bitcoin Up or Down - February 10, 8:45PM-9:00PM ET - No 🔴",0,0.658551,0.845,5206.433022,10041.621658,0,5206.433022,0.518485280497709
"Bitcoin Up or Down - February 7, 4:15PM-4:30PM ET - Yes 🟢",0,0.568229,0.625,-7558.022799,7558.022799,0,-7558.022799,-1
"Ethereum Up or Down - February 7, 4:15PM-4:30PM ET - Yes 🟢",0,0.645708,0.285,2165.199052,3946.141459,0,2165.199052,0.5486876419652446
"Ethereum Up or Down - February 7, 4:15PM-4:30PM ET - No 🔴",0,0.645275,0.715,-3647.04728,3647.04728,0,-3647.04728,-1
"Solana Up or Down - February 7, 4:15PM-4:30PM ET - Yes 🟢",0,0.558936,0.265,-821.796198,821.796199,0,-821.796198,-0.9999999987831533
"Ethereum Up or Down - February 10, 8PM ET - Yes 🟢",0,0.505227,0.0005,-28.956067,2798.810318,0,-28.956067,-0.010345848310539207
"Ethereum Up or Down - February 10, 8:45PM-9:00PM ET - No 🔴",0,0.663845,0.885,1087.566077,2147.745245,0,1087.566077,0.506375734986204
"XRP Up or Down - February 3, 9:30PM-9:45PM ET - Yes 🟢",0,0.24716,0.025,80.779369,79.525431,0,80.779369,1.0157677611329137
"Bitcoin Up or Down - February 10, 8PM ET - Yes 🟢",0,0.365653,0.0005,2458.43071,6691.12504,0,2458.43071,0.36741664448106026
"Ethereum Up or Down - February 3, 10:45PM-11:00PM ET - No 🔴",0,0.539412,0.405,-1082.573021,1082.573021,0,-1082.573021,-1
"XRP Up or Down - February 10, 8PM ET - No 🔴",0,0.403593,0.0005,54.654819,228.804131,0,54.654819,0.23887164432358957
"Solana Up or Down - February 3, 8:00PM-12:00AM ET - No 🔴",0,0.085295,0.044,160.192163,168.839391,0,160.192163,0.9487842976168992
"Solana Up or Down - February 3, 9:45PM-10:00PM ET - Yes 🟢",0,0.238578,0.15,328.992771,302.333629,0,328.992771,1.0881778917157774
"Ethereum Up or Down - February 3, 9:45PM-10:00PM ET - No 🔴",0,0.877327,0.905,-1139.045894,2657.859658,0,-1139.045894,-0.42855757660926136
"XRP Up or Down - February 10, 9:00PM-9:15PM ET - Yes 🟢",0,0.780006,0.9975,-24.905123,147.890254,0,-24.905123,-0.1684027332862651
"Bitcoin Up or Down - February 3, 9PM ET - No 🔴",0,0.811138,0.9995,-1550.312248,4041.67026,0,-1550.312248,-0.3835820708441464
"XRP Up or Down - February 3, 9:45PM-10:00PM ET - Yes 🟢",0,0.488211,0.965,49.57451,158.098779,0,49.57451,0.3135666847876162
"Ethereum Up or Down - February 3, 9:45PM-10:00PM ET - Yes 🟢",0,0.056221,0.095,1327.823763,182.859638,0,1327.823763,7.261437119327558
"Solana Up or Down - February 3, 9:45PM-10:00PM ET - No 🔴",0,0.74812,0.85,-281.467661,1039.131013,0,-281.467661,-0.2708683096536548
"Bitcoin Up or Down - February 3, 9:45PM-10:00PM ET - No 🔴",0,0.564467,0.66,-564.731242,6935.8844,0,-564.731242,-0.08142166296773919
"Bitcoin Up or Down - February 3, 9:45PM-10:00PM ET - Yes 🟢",0,0.381108,0.34,1388.276937,4528.063062,0,1388.276937,0.3065939935003494
"XRP Up or Down - February 3, 9:30PM-9:45PM ET - No 🔴",0,0.750039,0.975,-64.944458,286.140539,0,-64.944458,-0.2269669940056973
"Bitcoin Up or Down - February 3, 10:45PM-11:00PM ET - No 🔴",0,0.195758,0.185,-1272.304834,1272.304834,0,-1272.304834,-1
"Ethereum Up or Down - February 10, 9:30PM-9:45PM ET - Yes 🟢",0,0.255482,0.0015,-648.907139,648.907139,0,-648.907139,-1
"Bitcoin Up or Down - February 3, 8:30PM-8:45PM ET - Yes 🟢",0,0.77653,0.985,1066.58315,3706.241616,0,1066.58315,0.28778025301845295
"Bitcoin Up or Down - February 10, 8:00PM-8:15PM ET - Yes 🟢",0,0.395137,0.115,3911.599295,2555.318495,0,3911.599295,1.5307678094350428
"Ethereum Up or Down - February 10, 8:00PM-8:15PM ET - Yes 🟢",0,0.369074,0.105,2422.434491,1417.05618,0,2422.434491,1.7094837347944807
"Ethereum Up or Down - February 3, 8:30PM-8:45PM ET - No 🔴",0,0.148594,0.015,-390.674877,390.674877,0,-390.674877,-1
"XRP Up or Down - February 10, 8:15PM-8:30PM ET - Yes 🟢",0,0.565995,0.195,-28.529919,28.52992,0,-28.529919,-0.999999964949078
"Solana Up or Down - February 3, 8PM ET - No 🔴",0,0.040748,0.0005,393.888815,54.283535,0,393.888815,7.256137887851262
"Ethereum Up or Down - February 3, 8PM ET - No 🔴",0,0.02319,0.0005,1269.899455,63.656095,0,1269.899455,19.949377274870535
"Solana Up or Down - February 10, 8:30PM-8:45PM ET - Yes 🟢",0,0.845485,0.997,72.01259,394.043069,0,72.01259,0.18275309392639008
"Solana Up or Down - February 3, 8PM ET - Yes 🟢",0,0.971742,0.9995,-422.843439,871.015873,0,-422.843439,-0.4854600841470543
"Bitcoin Up or Down - February 10, 8PM ET - No 🔴",0,0.682517,0.9995,-3303.125925,12568.508376,0,-3303.125925,-0.26280970073644006
"Ethereum Up or Down - February 7, 3:45PM-4:00PM ET - Yes 🟢",0,0.778051,0.9895,654.617742,2294.788395,0,654.617742,0.28526279086399164
"Solana Up or Down - February 7, 3:45PM-4:00PM ET - No 🔴",0,0.417014,0.155,-461.927377,461.927378,0,-461.927377,-0.9999999978351576
"Bitcoin Up or Down - February 3, 8:45PM-9:00PM ET - No 🔴",0,0.976905,0.994,184.59115,7808.097776,0,184.59115,0.023640988534670216
"Solana Up or Down - February 3, 8:45PM-9:00PM ET - Yes 🟢",0,0.118825,0.12,-129.096143,129.096144,0,-129.096143,-0.9999999922538353
"Solana Up or Down - February 3, 8:45PM-9:00PM ET - No 🔴",0,0.932372,0.88,87.125022,1201.173052,0,87.125022,0.07253328057512898
"Solana Up or Down - February 10, 8:30PM-8:45PM ET - Yes 🟢",0,0.015529,0.003,-6.397016,6.397016,0,-6.397016,-1
"Bitcoin Up or Down - February 7, 3PM ET - No 🔴",0,0.385557,0.0005,-5017.163585,5017.163586,0,-5017.163585,-0.9999999998006843
"XRP Up or Down - February 7, 3PM ET - No 🔴",0,0.263697,0.0005,-197.500714,197.500714,0,-197.500714,-1
"Bitcoin Up or Down - February 10, 8:30PM-8:45PM ET - Yes 🟢",0,0.70144,0.995,4041.968159,9496.24245,0,4041.968159,0.4256386860678773
"Bitcoin Up or Down - February 7, 3:45PM-4:00PM ET - Yes 🟢",0,0.30003,0.085,-3354.238317,3354.238317,0,-3354.238317,-1
"Bitcoin Up or Down - February 7, 3:45PM-4:00PM ET - Yes 🟢",0,0.692473,0.915,3562.2551,8021.297239,0,3562.2551,0.4440996255169443
"Ethereum Up or Down - February 3, 8PM ET - Yes 🟢",0,0.998677,0.9995,-1330.026962,2663.582522,0,-1330.026962,-0.4993376217986761
"Bitcoin Up or Down - February 3, 8PM ET - No 🔴",0,0.023593,0.0005,3246.204548,186.647752,0,3246.204548,17.392143828231053
"Solana Up or Down - February 7, 3PM ET - No 🔴",0,0.388969,0.0005,-791.376547,791.376548,0,-791.376547,-0.999999998736379
"Ethereum Up or Down - February 7, 3PM ET - No 🔴",0,0.334594,0.0005,-2024.787551,2024.787551,0,-2024.787551,-1
"Ethereum Up or Down - February 7, 3PM ET - Yes 🟢",0,0.692815,0.9995,2041.421364,4604.154964,0,2041.421364,0.4433867626007212
"Bitcoin Up or Down - February 3, 8PM ET - Yes 🟢",0,0.959738,0.9995,-3156.425298,6589.277678,0,-3156.425298,-0.4790244776811483
"XRP Up or Down - February 10, 8:30PM-8:45PM ET - Yes 🟢",0,0.348144,0.005,-101.751176,101.751177,0,-101.751176,-0.9999999901721038
"Bitcoin Up or Down - February 3, 8:45PM-9:00PM ET - Yes 🟢",0,0.040242,0.006,-388.268729,388.268729,0,-388.268729,-1
"XRP Up or Down - February 3, 8:45PM-9:00PM ET - Yes 🟢",0,0.144081,0.02,-48.414307,48.414308,0,-48.414307,-0.9999999793449491
"Ethereum Up or Down - February 3, 8:45PM-9:00PM ET - Yes 🟢",0,0.057748,0.0145,-303.236053,303.236054,0,-303.236053,-0.9999999967022392
"Ethereum Up or Down - February 3, 8:45PM-9:00PM ET - No 🔴",0,0.964714,0.9855,92.691736,2534.178323,0,92.691736,0.03657664307153811
"XRP Up or Down - February 3, 9:45PM-10:00PM ET - No 🔴",0,0.600025,0.035,-24.106721,140.266323,0,-24.106721,-0.17186392631109323
"Bitcoin Up or Down - February 7, 3PM ET - Yes 🟢",0,0.648915,0.9995,3941.401603,7284.944163,0,3941.401603,0.541033879575667
"Bitcoin Up or Down - February 10, 8:30PM-8:45PM ET - No 🔴",0,0.434257,0.005,-4901.308364,4901.308365,0,-4901.308364,-0.9999999997959731
"Ethereum Up or Down - February 10, 8:30PM-8:45PM ET - Yes 🟢",0,0.656448,0.955,676.65095,1292.922653,0,676.65095,0.5233499068408696
"XRP Up or Down - February 10, 8:30PM-8:45PM ET - Yes 🟢",0,0.767569,0.995,169.394947,559.401761,0,169.394947,0.3028144686158755
"XRP Up or Down - February 7, 3PM ET - Yes 🟢",0,0.768444,0.9995,180.528128,599.102409,0,180.528128,0.3013309999893524
"Solana Up or Down - February 7, 3:45PM-4:00PM ET - Yes 🟢",0,0.693073,0.845,369.709191,834.841699,0,369.709191,0.4428494545047875
"XRP Up or Down - February 7, 3:45PM-4:00PM ET - Yes 🟢",0,0.571279,0.275,160.161099,213.417754,0,160.161099,0.7504581788448584
"XRP Up or Down - February 7, 3:45PM-4:00PM ET - No 🔴",0,0.54568,0.725,-377.3121,377.3121,0,-377.3121,-1
"Ethereum Up or Down - February 3, 9:00PM-9:15PM ET - Yes 🟢",0,0.432158,0.315,80.500212,563.622988,0,80.500212,0.1428263461816075
"Solana Up or Down - February 3, 9PM ET - No 🔴",0,0.843864,0.9995,-124.193422,641.121091,0,-124.193422,-0.19371289409039266
"Solana Up or Down - February 3, 9:00PM-9:15PM ET - Yes 🟢",0,0.256835,0.055,110.935077,122.814623,0,110.935077,0.903272544345147
"Ethereum Up or Down - February 7, 3:45PM-4:00PM ET - No 🔴",0,0.047059,0.0105,-131.410818,131.410818,0,-131.410818,-1
"Ethereum Up or Down - February 10, 8:15PM-8:30PM ET - Yes 🟢",0,0.082707,0.0005,-3.613468,3.613469,0,-3.613468,-0.9999997232576231
"XRP Up or Down - February 3, 7PM ET - No 🔴",0,0.532064,0.9995,0.894504,315.044189,0,0.894504,0.0028392969343103798
"Bitcoin Up or Down - February 3, 7:45PM-8:00PM ET - Yes 🟢",0,0.462194,0.825,-4787.515902,4787.515902,0,-4787.515902,-1
"XRP Up or Down - February 3, 7PM ET - Yes 🟢",0,0.35091,0.0005,82.350841,193.827559,0,82.350841,0.4248665227218798
"Bitcoin Up or Down - February 3, 7:45PM-8:00PM ET - No 🔴",0,0.645543,0.175,3466.241092,6312.776087,0,3466.241092,0.549083484703043
"Bitcoin Up or Down - February 3, 7PM ET - No 🔴",0,0.21552,0.0005,1083.349725,1665.919225,0,1083.349725,0.6503014724498422
"Solana Up or Down - February 3, 7PM ET - Yes 🟢",0,0.85937,0.9995,-663.1842,1585.888108,0,-663.1842,-0.4181784305302326
"Solana Up or Down - February 10, 8:15PM-8:30PM ET - Yes 🟢",0,0.721099,0.995,34.810331,90.002169,0,34.810331,0.38677213434711777
"Solana Up or Down - February 10, 8:15PM-8:30PM ET - Yes 🟢",0,0.131969,0.005,-18.472895,18.472896,0,-18.472895,-0.9999999458666363
"XRP Up or Down - February 3, 8:00PM-8:15PM ET - Yes 🟢",0,0.890663,0.985,15.87461,129.315127,0,15.87461,0.1227591107728642
"Ethereum Up or Down - February 3, 8:00PM-8:15PM ET - Yes 🟢",0,0.898403,0.985,54.294452,480.115547,0,54.294452,0.11308621922214071
"Solana Up or Down - February 3, 8:30PM-8:45PM ET - No 🔴",0,0.660643,0.285,423.836792,825.103976,0,423.836792,0.5136768265918524
"XRP Up or Down - February 3, 8PM ET - No 🔴",0,0.104834,0.0005,166.913136,44.280564,0,166.913136,3.7694446710299356
"XRP Up or Down - February 3, 8:00PM-8:15PM ET - No 🔴",0,0.03,0.015,-1.41,1.41,0,-1.41,-1
"Solana Up or Down - February 7, 3:30PM-3:45PM ET - Yes 🟢",0,0.71934,0.845,203.400704,521.322108,0,203.400704,0.39016320405118904
"Solana Up or Down - February 3, 8:15PM-8:30PM ET - Yes 🟢",0,0.305241,0.355,104.33571,45.839689,0,104.33571,2.2760998662098255
"Solana Up or Down - February 3, 8:15PM-8:30PM ET - No 🔴",0,0.459307,0.645,-40.561806,40.561806,0,-40.561806,-1
"Solana Up or Down - February 7, 3:30PM-3:45PM ET - No 🔴",0,0.119994,0.155,-48.295849,48.295849,0,-48.295849,-1
"Ethereum Up or Down - February 3, 8:15PM-8:30PM ET - Yes 🟢",0,0.279463,0.045,-638.845293,638.845294,0,-638.845293,-0.9999999984346758
"XRP Up or Down - February 3, 8:15PM-8:30PM ET - Yes 🟢",0,0.256182,0.525,-47.085692,47.085693,0,-47.085692,-0.9999999787621264
"Ethereum Up or Down - February 7, 3:30PM-3:45PM ET - Yes 🟢",0,0.463105,0.325,1370.69867,1182.312012,0,1370.69867,1.1593375150450556
"XRP Up or Down - February 7, 3:30PM-3:45PM ET - Yes 🟢",0,0.189742,0.125,-78.025373,78.025373,0,-78.025373,-1
"Ethereum Up or Down - February 10, 8:30PM-8:45PM ET - No 🔴",0,0.377936,0.045,-686.809349,686.809349,0,-686.809349,-1
"Bitcoin Up or Down - February 3, 8:00PM-8:15PM ET - Yes 🟢",0,0.873852,0.975,380.973526,2639.078524,0,380.973526,0.14435854126180597
"Ethereum Up or Down - February 3, 9:15PM-9:30PM ET - Yes 🟢",0,0.282939,0.805,59.601439,229.675811,0,59.601439,0.25950246454120496
"Solana Up or Down - February 10, 8PM ET - No 🔴",0,0.327166,0.0005,259.92085,492.017,0,259.92085,0.5282761571246521
"Ethereum Up or Down - February 10, 8:45PM-9:00PM ET - Yes 🟢",0,0.495233,0.115,-814.497114,814.497115,0,-814.497114,-0.9999999987722485
"XRP Up or Down - February 7, 4:15PM-4:30PM ET - Yes 🟢",0,0.573236,0.245,168.570503,226.426506,0,168.570503,0.7444821985638025
"Bitcoin Up or Down - February 3, 9:30PM-9:45PM ET - Yes 🟢",0,0.283114,0.005,44.693191,59.48726,0,44.693191,0.7513069353000962
"Solana Up or Down - February 10, 8PM ET - Yes 🟢",0,0.690713,0.9995,-267.775505,1081.252125,0,-267.775505,-0.24765315952558248
"Bitcoin Up or Down - February 7, 4:15PM-4:30PM ET - No 🔴",0,0.576795,0.375,3140.944582,4280.859466,0,3140.944582,0.7337182187236978
"Solana Up or Down - February 7, 4:15PM-4:30PM ET - No 🔴",0,0.705943,0.735,579.870181,1392.095054,0,579.870181,0.4165449617350627
"XRP Up or Down - February 10, 8:45PM-9:00PM ET - Yes 🟢",0,0.485045,0.135,-212.708178,212.708178,0,-212.708178,-1
"XRP Up or Down - February 10, 8PM ET - Yes 🟢",0,0.701026,0.9995,29.849247,734.636429,0,29.849247,0.04063131886970446
"XRP Up or Down - February 7, 4:15PM-4:30PM ET - Yes 🟢",0,0.698434,0.755,-354.535567,354.535567,0,-354.535567,-1
"Ethereum Up or Down - February 3, 9PM ET - No 🔴",0,0.821554,0.9995,-1308.773656,3343.849658,0,-1308.773656,-0.39139727854355594
"XRP Up or Down - February 10, 8:45PM-9:00PM ET - Yes 🟢",0,0.638437,0.865,210.056334,370.911117,0,210.056334,0.5663252579188669
"Bitcoin Up or Down - February 10, 8:45PM-9:00PM ET - Yes 🟢",0,0.459118,0.155,-4901.459986,4901.459987,0,-4901.459986,-0.999999999795979
"Solana Up or Down - February 3, 9:30PM-9:45PM ET - No 🔴",0,0.830127,0.97,-212.964744,602.839366,0,-212.964744,-0.35326947112475066
"Ethereum Up or Down - February 10, 8PM ET - No 🔴",0,0.633892,0.9995,342.287175,5388.468846,0,342.287175,0.06352215903671572
"Solana Up or Down - February 10, 8:45PM-9:00PM ET - Yes 🟢",0,0.689761,0.545,-1204.905858,1204.905858,0,-1204.905858,-1
"Solana Up or Down - February 3, 9:30PM-9:45PM ET - Yes 🟢",0,0.031041,0.03,315.435603,20.891147,0,315.435603,15.099008350283496
"Ethereum Up or Down - February 3, 9:30PM-9:45PM ET - Yes 🟢",0,0.188447,0.015,1331.883145,807.405705,0,1331.883145,1.6495835200966282
"Ethereum Up or Down - February 3, 9:30PM-9:45PM ET - No 🔴",0,0.810035,0.985,-1321.376556,3487.682392,0,-1321.376556,-0.37886952063953877
"XRP Up or Down - February 3, 9PM ET - Yes 🟢",0,0.255042,0.0005,95.978655,110.837594,0,95.978655,0.8659395385287776
"Bitcoin Up or Down - February 3, 9PM ET - Yes 🟢",0,0.213373,0.0005,1052.574464,1438.783486,0,1052.574464,0.7315725223718615
"Ethereum Up or Down - February 3, 9PM ET - Yes 🟢",0,0.264267,0.0005,874.290885,1160.785115,0,874.290885,0.753189262768932
"Solana Up or Down - February 10, 8:45PM-9:00PM ET - Yes 🟢",0,0.496021,0.455,628.536628,618.611821,0,628.536628,1.0160436749882282
"XRP Up or Down - February 7, 4PM ET - No 🔴",0,0.659833,0.9995,90.133654,174.835182,0,90.133654,0.5155349911209519
"Solana Up or Down - February 3, 9PM ET - Yes 🟢",0,0.208547,0.0005,141.539414,101.277485,0,141.539414,1.3975407663411072
"XRP Up or Down - February 7, 4:00PM-4:15PM ET - Yes 🟢",0,0.242495,0.11,-163.691536,163.691536,0,-163.691536,-1
"XRP Up or Down - February 3, 9:00PM-9:15PM ET - Yes 🟢",0,0.411206,0.29,12.308619,58.452931,0,12.308619,0.21057317040269546
"Bitcoin Up or Down - February 3, 9:00PM-9:15PM ET - No 🔴",0,0.353581,0.5,1576.267752,3660.19304,0,1576.267752,0.4306515352534521
"XRP Up or Down - February 3, 9PM ET - No 🔴",0,0.718968,0.9995,-90.572257,297.388594,0,-90.572257,-0.30455861061033157
"Solana Up or Down - February 7, 4:00PM-4:15PM ET - No 🔴",0,0.818912,0.715,432.230898,1954.624655,0,432.230898,0.22113242913125947
"XRP Up or Down - February 3, 9:00PM-9:15PM ET - No 🔴",0,0.54867,0.71,67.321463,167.863885,0,67.321463,0.40104792641967024
"Bitcoin Up or Down - February 3, 9:00PM-9:15PM ET - Yes 🟢",0,0.617411,0.5,-1231.128196,6346.448297,0,-1231.128196,-0.19398695748958686
"Solana Up or Down - February 3, 9:00PM-9:15PM ET - No 🔴",0,0.660539,0.945,-74.051429,310.748322,0,-74.051429,-0.23830033424927075
"Bitcoin Up or Down - February 7, 4:00PM-4:15PM ET - Yes 🟢",0,0.253107,0.085,-2191.379682,2191.379682,0,-2191.379682,-1
"Ethereum Up or Down - February 3, 9:15PM-9:30PM ET - Yes 🟢",0,0.613337,0.195,-64.67925,356.264406,0,-64.67925,-0.18154844803665285
"Ethereum Up or Down - February 7, 4:00PM-4:15PM ET - Yes 🟢",0,0.488714,0.305,2492.575648,2382.534659,0,2492.575648,1.046186521813784
"XRP Up or Down - February 7, 4:00PM-4:15PM ET - Yes 🟢",0,0.753142,0.89,166.587478,508.243714,0,166.587478,0.327770857585068
"Solana Up or Down - February 7, 4:00PM-4:15PM ET - Yes 🟢",0,0.449593,0.285,-781.621607,781.621607,0,-781.621607,-1
"Bitcoin Up or Down - February 7, 4:00PM-4:15PM ET - No 🔴",0,0.669437,0.915,2884.785242,5842.099625,0,2884.785242,0.4937925450047422
"XRP Up or Down - February 7, 4:00PM-8:00PM ET - Yes 🟢",0,0.160232,0.0035,-21.84075,21.840751,0,-21.84075,-0.9999999542140285
"Solana Up or Down - February 7, 4:00PM-8:00PM ET - Yes 🟢",0,0.399249,0.0015,-52.967751,52.967752,0,-52.967751,-0.9999999811205883
"Ethereum Up or Down - February 7, 4:00PM-4:15PM ET - Yes 🟢",0,0.511686,0.695,-4563.746308,4563.746309,0,-4563.746308,-0.9999999997808817
"Bitcoin Up or Down - February 3, 9:15PM-9:30PM ET - Yes 🟢",0,0.483295,0.725,5.239287,315.212813,0,5.239287,0.01662142775902958
"Solana Up or Down - February 3, 9:15PM-9:30PM ET - Yes 🟢",0,0.362589,0.745,44.855082,119.701268,0,44.855082,0.3747252034122145
"Bitcoin Up or Down - February 3, 9:15PM-9:30PM ET - No 🔴",0,0.5961,0.275,-61.59086,382.043043,0,-61.59086,-0.16121445247728278
"Solana Up or Down - February 3, 9:15PM-9:30PM ET - No 🔴",0,0.632447,0.255,-25.115767,239.934861,0,-25.115767,-0.1046774399323323
"Ethereum Up or Down - February 3, 9:00PM-9:15PM ET - No 🔴",0,0.383441,0.685,168.68655,505.490283,0,168.68655,0.3337087886217588
"XRP Up or Down - February 3, 11:00PM-11:15PM ET - No 🔴",0,0.20885,0.095,-33.791202,33.791203,0,-33.791202,-0.9999999704064989
"Solana Up or Down - February 10, 9:30PM-9:45PM ET - Yes 🟢",0,0.751204,0.985,468.804533,1415.488356,0,468.804533,0.33119631893319507
"Solana Up or Down - February 3, 11:00PM-11:15PM ET - No 🔴",0,0.508086,0.35,-719.083701,719.083701,0,-719.083701,-1
"XRP Up or Down - February 3, 11:00PM-11:15PM ET - Yes 🟢",0,0.63688,0.905,48.396826,84.883704,0,48.396826,0.5701545022116377
"Bitcoin Up or Down - February 3, 11:00PM-11:15PM ET - No 🔴",0,0.291925,0.175,-5057.628394,5057.628395,0,-5057.628394,-0.9999999998022789
"Ethereum Up or Down - February 3, 11:15PM-11:30PM ET - No 🔴",0,0.7,0.825,11.931,27.839,0,11.931,0.42857142857142855
"Ethereum Up or Down - February 10, 9:30PM-9:45PM ET - No 🔴",0,0.790626,0.9985,683.537237,2581.133817,0,683.537237,0.264820534486841
"Solana Up or Down - February 10, 9:30PM-9:45PM ET - Yes 🟢",0,0.336583,0.015,-571.02856,571.02856,0,-571.02856,-1
"Ethereum Up or Down - February 3, 11:15PM-11:30PM ET - Yes 🟢",0,0.226259,0.175,-36.988663,36.988664,0,-36.988663,-0.99999997296469
"Ethereum Up or Down - February 7, 5:15PM-5:30PM ET - Yes 🟢",0,0.071953,0.385,-40.582588,40.582589,0,-40.582588,-0.9999999753588911
"XRP Up or Down - February 10, 9:00PM-9:15PM ET - Yes 🟢",0,0.029191,0.0025,62.727106,3.889194,0,62.727106,16.12856185626122
"Bitcoin Up or Down - February 10, 9:15PM-9:30PM ET - Yes 🟢",0,0.832748,0.905,121.635737,605.624548,0,121.635737,0.2008434720846223
"Solana Up or Down - February 10, 9:15PM-9:30PM ET - Yes 🟢",0,0.636703,0.99,65.246822,114.349548,0,65.246822,0.5705909917545104
"XRP Up or Down - February 10, 9:15PM-9:30PM ET - Yes 🟢",0,0.790711,0.985,7.252354,27.399991,0,7.252354,0.26468453949492177
"Bitcoin Up or Down - February 10, 9PM ET - Yes 🟢",0,0.51397,0.0005,-1308.450807,11023.200561,0,-1308.450807,-0.11869971881209247
"Ethereum Up or Down - February 7, 5:30PM-5:45PM ET - Yes 🟢",0,0.7592,0.985,206.07446,649.716488,0,206.07446,0.3171759741458185
"Ethereum Up or Down - February 10, 9PM ET - Yes 🟢",0,0.535102,0.0005,-162.262011,2036.885411,0,-162.262011,-0.07966182590523743
"Ethereum Up or Down - February 10, 9:45PM-10:00PM ET - Yes 🟢",0,0.15,0.0125,-7.05,7.05,0,-7.05,-1
"Bitcoin Up or Down - February 7, 5:30PM-5:45PM ET - No 🔴",0,0.741256,0.995,1072.252662,3071.815074,0,1072.252662,0.34906159263153613
"Bitcoin Up or Down - February 10, 9PM ET - No 🔴",0,0.623641,0.9995,-1643.948004,12470.060162,0,-1643.948004,-0.1318316016637675
"Solana Up or Down - February 7, 5:30PM-5:45PM ET - No 🔴",0,0.75741,0.555,-1417.876533,1417.876533,0,-1417.876533,-1
"XRP Up or Down - February 7, 5:30PM-5:45PM ET - Yes 🟢",0,0.541967,0.515,-185.449603,185.449604,0,-185.449603,-0.9999999946076996
"Bitcoin Up or Down - February 7, 5:15PM-5:30PM ET - Yes 🟢",0,0.482328,0.435,1825.25261,1700.633685,0,1825.25261,1.0732779352186006
"Ethereum Up or Down - February 7, 6:00PM-6:15PM ET - Yes 🟢",0,0.170455,0.065,-353.723241,353.723241,0,-353.723241,-1
"Solana Up or Down - February 4, 12:30AM-12:45AM ET - Yes 🟢",0,0.190339,0.065,-12.955938,12.955939,0,-12.955938,-0.9999999228153204
"Ethereum Up or Down - February 7, 6:00PM-6:15PM ET - Yes 🟢",0,0.726078,0.935,686.339917,1819.263567,0,686.339917,0.3772624975565182
"Bitcoin Up or Down - February 7, 6:00PM-6:15PM ET - Yes 🟢",0,0.063924,0.0065,-186.246525,186.246526,0,-186.246525,-0.9999999946307725
"Solana Up or Down - February 4, 12:30AM-12:45AM ET - No 🔴",0,0.84753,0.935,10.938367,60.802743,0,10.938367,0.17989923579599032
"XRP Up or Down - February 4, 12:30AM-12:45AM ET - Yes 🟢",0,0.99,0.975,0.11,10.89,0,0.11,0.0101010101010101
"Bitcoin Up or Down - February 4, 12:30AM-12:45AM ET - Yes 🟢",0,0.873724,0.945,50.835289,351.737566,0,50.835289,0.14452618632153724
"XRP Up or Down - February 7, 6:15PM-6:30PM ET - Yes 🟢",0,0.656533,0.27,-132.274715,132.274715,0,-132.274715,-1
"XRP Up or Down - February 4, 12AM ET - Yes 🟢",0,0.336131,0.0005,-124.687564,124.687565,0,-124.687564,-0.9999999919799539
"Ethereum Up or Down - February 7, 6:15PM-6:30PM ET - Yes 🟢",0,0.555316,0.045,-863.562722,863.562722,0,-863.562722,-1
"Ethereum Up or Down - February 7, 6:15PM-6:30PM ET - Yes 🟢",0,0.601949,0.955,1317.319291,1992.104102,0,1317.319291,0.6612703069470414
"Solana Up or Down - February 7, 5:15PM-5:30PM ET - No 🔴",0,0.791688,0.68,169.497718,644.174649,0,169.497718,0.2631238566483854
"Bitcoin Up or Down - February 10, 10PM ET - No 🔴",0,0.604341,0.9995,-1262.225242,13154.050181,0,-1262.225242,-0.09595715575292436
"Solana Up or Down - February 10, 10:15PM-10:30PM ET - Yes 🟢",0,0.583145,0.9005,83.555487,116.887083,0,83.555487,0.714839354832732
"Ethereum Up or Down - February 4, 12AM ET - No 🔴",0,0.690108,0.9995,527.125088,1173.871027,0,527.125088,0.4490485546330807
"Bitcoin Up or Down - February 4, 12AM ET - Yes 🟢",0,0.172032,0.0005,-726.450053,726.450054,0,-726.450053,-0.9999999986234429
"XRP Up or Down - February 7, 6:15PM-6:30PM ET - Yes 🟢",0,0.554587,0.73,131.270633,163.446031,0,131.270633,0.8031435954538412
"Bitcoin Up or Down - February 10, 10:15PM-10:30PM ET - Yes 🟢",0,0.254187,0.0005,-198.244789,198.24479,0,-198.244789,-0.9999999949557312
"Solana Up or Down - February 4, 12AM ET - No 🔴",0,0.737599,0.9995,188.251916,529.168813,0,188.251916,0.35575020933820606
"Bitcoin Up or Down - February 7, 6:15PM-6:30PM ET - No 🔴",0,0.518487,0.655,5232.636464,5634.435587,0,5232.636464,0.9286886651207715
"Solana Up or Down - February 7, 6:15PM-6:30PM ET - No 🔴",0,0.652228,0.865,525.836416,986.1784,0,525.836416,0.5332061785169904
"XRP Up or Down - February 4, 12:00AM-4:00AM ET - Yes 🟢",0,0.548451,0.9995,197.598879,240.003417,0,197.598879,0.8233169405250593
"XRP Up or Down - February 4, 12:45AM-1:00AM ET - Yes 🟢",0,0.310408,0.015,-106.126868,106.126868,0,-106.126868,-1
"Solana Up or Down - February 4, 12AM ET - Yes 🟢",0,0.567199,0.0005,-275.290298,275.290298,0,-275.290298,-1
"Solana Up or Down - February 7, 5:45PM-6:00PM ET - Yes 🟢",0,0.10132,0.195,-78.605163,78.605163,0,-78.605163,-1
"Bitcoin Up or Down - February 7, 5PM ET - Yes 🟢",0,0.26691,0.0005,-1133.288401,1133.288401,0,-1133.288401,-1
"Bitcoin Up or Down - February 7, 5PM ET - No 🔴",0,0.674342,0.9995,1408.702417,2917.008659,0,1408.702417,0.4829270604506629
"Bitcoin Up or Down - February 4, 12:00AM-12:15AM ET - Yes 🟢",0,0.540234,0.54,5154.45884,6056.589476,0,5154.45884,0.8510497302855334
"XRP Up or Down - February 4, 12:00AM-12:15AM ET - Yes 🟢",0,0.43761,0.27,-162.188926,162.188927,0,-162.188926,-0.999999993834351
"Ethereum Up or Down - February 4, 12:00AM-12:15AM ET - No 🔴",0,0.342918,0.065,-2034.738197,2034.738197,0,-2034.738197,-1
"Ethereum Up or Down - February 10, 9:45PM-10:00PM ET - No 🔴",0,0.769614,0.9875,29.406469,98.233531,0,29.406469,0.29935266197445354
"Solana Up or Down - February 10, 9:45PM-10:00PM ET - Yes 🟢",0,0.812856,0.995,23.580144,102.419856,0,23.580144,0.23023020067515035
"Solana Up or Down - February 10, 9:45PM-10:00PM ET - Yes 🟢",0,0.206971,0.005,-17.794115,17.794115,0,-17.794115,-1
"Bitcoin Up or Down - February 4, 12:15AM-12:30AM ET - No 🔴",0,0.534424,0.82,3673.517559,4216.746457,0,3673.517559,0.8711734500664098
"Solana Up or Down - February 7, 6:00PM-6:15PM ET - Yes 🟢",0,0.27596,0.005,-202.754925,202.754926,0,-202.754925,-0.9999999950679372
"Solana Up or Down - February 10, 9PM ET - No 🔴",0,0.615303,0.9995,288.580782,2217.006594,0,288.580782,0.1301668577716463
"Solana Up or Down - February 10, 10:00PM-10:15PM ET - Yes 🟢",0,0.569489,0.005,-229.725234,229.725235,0,-229.725234,-0.9999999956469736
"Ethereum Up or Down - February 10, 10:00PM-10:15PM ET - No 🔴",0,0.589714,0.745,299.007293,429.770422,0,299.007293,0.6957372534120089
"XRP Up or Down - February 7, 6:00PM-6:15PM ET - Yes 🟢",0,0.202893,0.015,-45.903685,45.903686,0,-45.903685,-0.9999999782152571
"Solana Up or Down - February 4, 12:45AM-1:00AM ET - Yes 🟢",0,0.551339,0.025,-58.521382,58.521383,0,-58.521382,-0.9999999829122289
"Bitcoin Up or Down - February 10, 10:15PM-10:30PM ET - No 🔴",0,0.599436,0.9995,438.457331,656.142611,0,438.457331,0.6682348069602814
"Bitcoin Up or Down - February 7, 6:15PM-6:30PM ET - Yes 🟢",0,0.618666,0.345,-8541.605123,8541.605123,0,-8541.605123,-1
"Solana Up or Down - February 7, 6:15PM-6:30PM ET - Yes 🟢",0,0.314063,0.135,-355.139738,355.139739,0,-355.139738,-0.999999997184207
"Bitcoin Up or Down - February 4, 12:45AM-1:00AM ET - Yes 🟢",0,0.529489,0.095,4799.115032,5400.678453,0,4799.115032,0.8886133610369192
"Bitcoin Up or Down - February 7, 6:30PM-6:45PM ET - No 🔴",0,0.378863,0.105,-254.879163,254.879164,0,-254.879163,-0.9999999960765722
"Ethereum Up or Down - February 4, 1:00AM-1:15AM ET - Yes 🟢",0,0.141773,0.0015,-563.886331,563.886331,0,-563.886331,-1
"Bitcoin Up or Down - February 7, 6:30PM-6:45PM ET - Yes 🟢",0,0.639659,0.895,1301.795094,2310.880384,0,1301.795094,0.5633329630617523
"Bitcoin Up or Down - February 7, 6:00PM-6:15PM ET - Yes 🟢",0,0.758824,0.9935,807.719323,2541.367334,0,807.719323,0.317828639801034
"XRP Up or Down - February 7, 5:30PM-5:45PM ET - Yes 🟢",0,0.628529,0.485,132.125246,223.555942,0,132.125246,0.591016480340299
"XRP Up or Down - February 10, 9PM ET - No 🔴",0,0.435225,0.9995,204.487967,777.181707,0,204.487967,0.2631147454426639
"Ethereum Up or Down - February 10, 9PM ET - No 🔴",0,0.620383,0.9995,-451.34555,2325.969023,0,-451.34555,-0.19404624289357958
"Bitcoin Up or Down - February 10, 9:45PM-10:00PM ET - No 🔴",0,0.864386,0.9965,186.273766,1187.284764,0,186.273766,0.1568905553646943
"XRP Up or Down - February 10, 9PM ET - Yes 🟢",0,0.716179,0.0005,-347.62938,1151.660681,0,-347.62938,-0.30185052397391
"Bitcoin Up or Down - February 3, 11PM ET - Yes 🟢",0,0.438392,0.0005,-1429.594686,1429.594686,0,-1429.594686,-1
"Solana Up or Down - February 3, 11PM ET - No 🔴",0,0.637383,0.9995,172.25009,302.769256,0,172.25009,0.5689153921229043
"XRP Up or Down - February 7, 5:45PM-6:00PM ET - Yes 🟢",0,0.78333,0.985,36.657855,132.529644,0,36.657855,0.27660117309301757
"Solana Up or Down - February 3, 11PM ET - Yes 🟢",0,0.498243,0.0005,-207.819569,207.819569,0,-207.819569,-1
"Solana Up or Down - February 3, 11:45PM-12:00AM ET - Yes 🟢",0,0.066993,0.0055,-15.045,15.045,0,-15.045,-1
"Ethereum Up or Down - February 3, 11PM ET - Yes 🟢",0,0.220029,0.0005,-872.858564,872.858564,0,-872.858564,-1
"Ethereum Up or Down - February 7, 5:45PM-6:00PM ET - No 🔴",0,0.324431,0.215,1166.721316,560.298894,0,1166.721316,2.0823195057029684
"Solana Up or Down - February 3, 11:15PM-11:30PM ET - No 🔴",0,0.998935,0.745,0.330171,309.689829,0,0.330171,0.0010661344644935047
"XRP Up or Down - February 3, 11:30PM-11:45PM ET - No 🔴",0,0.540287,0.985,84.772695,99.630825,0,84.772695,0.850868142464945
"Solana Up or Down - February 3, 11:30PM-11:45PM ET - No 🔴",0,0.706161,0.995,239.179347,574.801599,0,239.179347,0.41610765769633845
"Bitcoin Up or Down - February 3, 11:15PM-11:30PM ET - Yes 🟢",0,0.203436,0.265,-1445.134885,1445.134885,0,-1445.134885,-1
"XRP Up or Down - February 3, 11:15PM-11:30PM ET - Yes 🟢",0,0.150492,0.42,-21.623182,21.623183,0,-21.623182,-0.9999999537533397
"Ethereum Up or Down - February 3, 11PM ET - No 🔴",0,0.858729,0.9995,492.288945,2992.424446,0,492.288945,0.1645117375170648
"XRP Up or Down - February 7, 5PM ET - No 🔴",0,0.855959,0.9995,37.752011,224.340109,0,37.752011,0.1682802561177324
"XRP Up or Down - February 3, 11:45PM-12:00AM ET - No 🔴",0,0.819076,0.88,36.683394,166.072428,0,36.683394,0.22088792487576567
"Ethereum Up or Down - February 3, 11:45PM-12:00AM ET - Yes 🟢",0,0.366445,0.475,-2528.996974,2528.996974,0,-2528.996974,-1
"XRP Up or Down - February 7, 5PM ET - Yes 🟢",0,0.228139,0.0005,-57.82891,57.82891,0,-57.82891,-1
"Solana Up or Down - February 7, 5PM ET - No 🔴",0,0.212032,0.0005,-361.348949,361.348949,0,-361.348949,-1
"Solana Up or Down - February 3, 8:00PM-12:00AM ET - Yes 🟢",0,0.876023,0.956,106.536986,1802.778883,0,106.536986,0.05909598065776766
"Bitcoin Up or Down - February 3, 11:00PM-11:15PM ET - Yes 🟢",0,0.654882,0.825,5422.997268,10290.460936,0,5422.997268,0.5269926489908985
"Solana Up or Down - February 3, 11:00PM-11:15PM ET - Yes 🟢",0,0.525063,0.65,685.562999,757.918977,0,685.562999,0.9045333601668084
"Bitcoin Up or Down - February 10, 9:30PM-9:45PM ET - Yes 🟢",0,0.377421,0.005,-4809.621755,4809.621755,0,-4809.621755,-1
"XRP Up or Down - February 7, 5:15PM-5:30PM ET - Yes 🟢",0,0.653537,0.485,-209.877345,209.877345,0,-209.877345,-1
"Bitcoin Up or Down - February 10, 9:30PM-9:45PM ET - No 🔴",0,0.742331,0.995,5435.884401,15660.500501,0,5435.884401,0.34710796124637855
"Solana Up or Down - February 7, 5:15PM-5:30PM ET - Yes 🟢",0,0.035372,0.32,-32.691042,32.691043,0,-32.691042,-0.9999999694105814
"Ethereum Up or Down - February 7, 5:15PM-5:30PM ET - Yes 🟢",0,0.87079,0.615,135.506618,913.225045,0,135.506618,0.14838250302257097
"XRP Up or Down - February 7, 5:15PM-5:30PM ET - Yes 🟢",0,0.540627,0.515,127.590639,150.158901,0,127.590639,0.8497041344222412
"Bitcoin Up or Down - February 7, 5:15PM-5:30PM ET - Yes 🟢",0,0.685054,0.565,-4122.061833,4122.061834,0,-4122.061833,-0.9999999997574028
"Ethereum Up or Down - February 10, 9:15PM-9:30PM ET - Yes 🟢",0,0.123495,0.035,-15.189885,15.189885,0,-15.189885,-1
"Bitcoin Up or Down - February 10, 8:00PM-12:00AM ET - Yes 🟢",0,0.036095,0.001,1949.905688,203.912121,0,1949.905688,9.562480535426337
"Solana Up or Down - February 10, 9:00PM-9:15PM ET - Yes 🟢",0,0.722601,0.998,-26.294643,656.402037,0,-26.294643,-0.04005874680123823
"Bitcoin Up or Down - February 10, 9:15PM-9:30PM ET - No 🔴",0,0.039383,0.095,-18.688414,18.688415,0,-18.688414,-0.9999999464909144
"Solana Up or Down - February 3, 11:15PM-11:30PM ET - Yes 🟢",0,0.080402,0.255,-38.501719,38.501719,0,-38.501719,-1
"Bitcoin Up or Down - February 3, 11:15PM-11:30PM ET - No 🔴",0,0.865119,0.735,1005.472743,6449.044523,0,1005.472743,0.15591034290646658
"XRP Up or Down - February 10, 9:45PM-10:00PM ET - Yes 🟢",0,0.3,0.01,-3.642,3.642,0,-3.642,-1
"XRP Up or Down - February 10, 9:45PM-10:00PM ET - Yes 🟢",0,0.795625,0.99,6.54,25.46,0,6.54,0.25687352710133543
"Bitcoin Up or Down - February 7, 5:30PM-5:45PM ET - Yes 🟢",0,0.314854,0.005,-484.516223,484.516223,0,-484.516223,-1
"Solana Up or Down - February 7, 5:30PM-5:45PM ET - Yes 🟢",0,0.492085,0.445,502.653016,486.987015,0,502.653016,1.0321692376130398
"Ethereum Up or Down - February 7, 5:30PM-5:45PM ET - Yes 🟢",0,0.109427,0.015,-67.32513,67.325131,0,-67.32513,-0.9999999851467055
"Bitcoin Up or Down - February 3, 11:45PM-12:00AM ET - Yes 🟢",0,0.33,0.0075,-5.94,5.94,0,-5.94,-1
"XRP Up or Down - February 3, 11PM ET - No 🔴",0,0.539255,0.9995,128.200577,150.045692,0,128.200577,0.8544102485794796
"Ethereum Up or Down - February 10, 9:15PM-9:30PM ET - Yes 🟢",0,0.729414,0.965,41.98423,113.176164,0,41.98423,0.3709635361028847
"Solana Up or Down - February 7, 4PM ET - No 🔴",0,0.699602,0.9995,496.836697,1157.091416,0,496.836697,0.4293841351943795
"Solana Up or Down - February 10, 9:00PM-9:15PM ET - Yes 🟢",0,0.095167,0.002,225.2959,52.98465,0,225.2959,4.252097541457761
"Bitcoin Up or Down - February 3, 10:00PM-10:15PM ET - No 🔴",0,0.520391,0.0025,-53.563402,1016.028253,0,-53.563402,-0.0527184178607679
"Ethereum Up or Down - February 10, 9:00PM-9:15PM ET - Yes 🟢",0,0.725203,0.865,567.847961,2591.113322,0,567.847961,0.219152113563947
"Solana Up or Down - February 7, 4:30PM-4:45PM ET - Yes 🟢",0,0.354572,0.125,-382.966579,382.96658,0,-382.966579,-0.9999999973888061
"Bitcoin Up or Down - February 7, 4:30PM-4:45PM ET - Yes 🟢",0,0.568035,0.495,-4712.249447,4712.249448,0,-4712.249447,-0.9999999997877872
"XRP Up or Down - February 3, 10:00PM-10:15PM ET - Yes 🟢",0,0.781423,0.9965,-61.182671,347.000939,0,-61.182671,-0.17631845947252608
"Ethereum Up or Down - February 3, 10:00PM-10:15PM ET - No 🔴",0,0.364599,0.003,381.618071,1063.057929,0,381.618071,0.3589814445568187
"Bitcoin Up or Down - February 7, 4:45PM-5:00PM ET - Yes 🟢",0,0.51,0.335,22.05,22.95,0,22.05,0.9607843137254902
"Bitcoin Up or Down - February 7, 4:45PM-5:00PM ET - Yes 🟢",0,0.534351,0.665,-1223.522469,1223.52247,0,-1223.522469,-0.9999999991826876
"Solana Up or Down - February 7, 4:45PM-5:00PM ET - No 🔴",0,0.66908,0.995,92.402543,186.826707,0,92.402543,0.49458958241981965
"Ethereum Up or Down - February 3, 11:00PM-11:15PM ET - Yes 🟢",0,0.556507,0.955,1920.944578,2410.453163,0,1920.944578,0.7969225901113268
"Solana Up or Down - February 3, 10:30PM-10:45PM ET - Yes 🟢",0,0.68287,0.996,185.916013,400.329417,0,185.916013,0.46440757312620873
"XRP Up or Down - February 3, 10:30PM-10:45PM ET - Yes 🟢",0,0.818414,0.997,60.257355,271.581859,0,60.257355,0.22187547880361183
"Solana Up or Down - February 3, 10:30PM-10:45PM ET - Yes 🟢",0,0.019451,0.004,-3.092319,3.09232,0,-3.092319,-0.9999996766182025
"XRP Up or Down - February 3, 10:30PM-10:45PM ET - No 🔴",0,0.131263,0.003,-45.501482,45.501483,0,-45.501482,-0.9999999780226944
"Bitcoin Up or Down - February 3, 8:00PM-12:00AM ET - No 🔴",0,0.023364,0.0005,254.1671,122.312964,0,254.1671,2.0780062201746663
"Bitcoin Up or Down - February 3, 8:00PM-12:00AM ET - Yes 🟢",0,0.743119,0.9995,700.306941,5318.46615,0,700.306941,0.13167460716093868
"Bitcoin Up or Down - February 3, 10:45PM-11:00PM ET - Yes 🟢",0,0.671683,0.815,2137.25967,4372.484481,0,2137.25967,0.48879754274421167
"Solana Up or Down - February 3, 10:45PM-11:00PM ET - Yes 🟢",0,0.232133,0.105,-145.758892,145.758892,0,-145.758892,-1
"Ethereum Up or Down - February 3, 10:45PM-11:00PM ET - Yes 🟢",0,0.502432,0.595,1150.052057,1161.294447,0,1150.052057,0.9903190874381234
"XRP Up or Down - February 10, 9:30PM-9:45PM ET - No 🔴",0,0.72821,0.805,178.481495,478.207477,0,178.481495,0.3732302475061468
"Ethereum Up or Down - February 3, 11:00PM-11:15PM ET - No 🔴",0,0.110829,0.045,-478.961207,478.961207,0,-478.961207,-1
"Bitcoin Up or Down - February 3, 10:30PM-10:45PM ET - Yes 🟢",0,0.635227,0.9985,1238.449563,2156.674428,0,1238.449563,0.5742403892406147
"Solana Up or Down - February 4, 12:00AM-12:15AM ET - No 🔴",0,0.414849,0.055,-495.643643,495.643643,0,-495.643643,-1
"Bitcoin Up or Down - February 4, 12:00AM-12:15AM ET - No 🔴",0,0.338128,0.46,-3783.953677,3783.953678,0,-3783.953677,-0.9999999997357262
"Solana Up or Down - February 4, 12:15AM-12:30AM ET - No 🔴",0,0.7722,0.975,216.426961,733.647495,0,216.426961,0.2950012948657311
"Bitcoin Up or Down - February 4, 12:15AM-12:30AM ET - Yes 🟢",0,0.330812,0.18,-2552.729508,2552.729508,0,-2552.729508,-1
"Solana Up or Down - February 4, 12:15AM-12:30AM ET - Yes 🟢",0,0.063773,0.025,-20.913979,20.91398,0,-20.913979,-0.9999999521850935
"Ethereum Up or Down - February 4, 12:15AM-12:30AM ET - Yes 🟢",0,0.02875,0.0015,-77.705968,77.705968,0,-77.705968,-1
"XRP Up or Down - February 4, 12:15AM-12:30AM ET - No 🔴",0,0.529685,0.415,-172.36612,172.36612,0,-172.36612,-1
"Solana Up or Down - February 10, 9PM ET - Yes 🟢",0,0.586725,0.0005,-194.56464,1427.551658,0,-194.56464,-0.13629253898425298
"Ethereum Up or Down - February 4, 12:15AM-12:30AM ET - No 🔴",0,0.822883,0.9985,478.374652,2222.521664,0,478.374652,0.21523959012351837
"XRP Up or Down - February 4, 12:15AM-12:30AM ET - Yes 🟢",0,0.468333,0.585,170.63437,150.307818,0,170.63437,1.1352328326660959
"Solana Up or Down - February 7, 6PM ET - No 🔴",0,0.680914,0.9995,403.356163,860.742428,0,403.356163,0.46861424495737763
"XRP Up or Down - February 3, 11PM ET - Yes 🟢",0,0.354572,0.0005,-105.098444,105.098444,0,-105.098444,-1
"XRP Up or Down - February 7, 6:00PM-6:15PM ET - Yes 🟢",0,0.791907,0.985,45.814646,174.349637,0,45.814646,0.2627745419395396
"XRP Up or Down - February 10, 10:00PM-10:15PM ET - Yes 🟢",0,0.593862,0.465,44.960859,65.742545,0,44.960859,0.6838928885396814
"Solana Up or Down - February 7, 6:00PM-6:15PM ET - No 🔴",0,0.800993,0.995,232.331976,935.124327,0,232.331976,0.24845036033374415
"Bitcoin Up or Down - February 10, 10:00PM-10:15PM ET - Yes 🟢",0,0.524443,0.425,-2090.466879,2090.466879,0,-2090.466879,-1
"Bitcoin Up or Down - February 10, 10:00PM-10:15PM ET - No 🔴",0,0.521051,0.575,2196.529021,2389.614851,0,2196.529021,0.9191979285200718
"Ethereum Up or Down - February 10, 10:00PM-10:15PM ET - Yes 🟢",0,0.436077,0.255,-264.916776,264.916776,0,-264.916776,-1
"XRP Up or Down - February 4, 12:30AM-12:45AM ET - Yes 🟢",0,0.122732,0.025,-1.437191,1.437192,0,-1.437191,-0.9999993041987432
"Ethereum Up or Down - February 4, 12:30AM-12:45AM ET - No 🔴",0,0.795366,0.955,12.478125,48.499647,0,12.478125,0.25728280042945467
"Solana Up or Down - February 10, 10:00PM-10:15PM ET - No 🔴",0,0.536308,0.995,242.689278,280.695379,0,242.689278,0.8646001899447016
"Bitcoin Up or Down - February 4, 12:30AM-12:45AM ET - Yes 🟢",0,0.250031,0.055,-79.259827,79.259827,0,-79.259827,-1
"Bitcoin Up or Down - February 10, 8:00PM-12:00AM ET - No 🔴",0,0.643116,0.999,-64.210203,4832.928773,0,-64.210203,-0.013285981651275623
"Ethereum Up or Down - February 4, 12:30AM-12:45AM ET - Yes 🟢",0,0.36,0.045,-10.8,10.8,0,-10.8,-1
"Solana Up or Down - February 3, 11:45PM-12:00AM ET - No 🔴",0,0.659119,0.9945,105.516496,204.024067,0,105.516496,0.5171767113141608
"Bitcoin Up or Down - February 3, 11PM ET - No 🔴",0,0.775472,0.9995,803.587676,2775.421072,0,803.587676,0.289537210806332
"Bitcoin Up or Down - February 3, 11:45PM-12:00AM ET - No 🔴",0,0.859297,0.9925,337.045016,2058.390875,0,337.045016,0.1637419889941943
"XRP Up or Down - February 3, 11:45PM-12:00AM ET - Yes 🟢",0,0.353571,0.12,-69.93614,69.93614,0,-69.93614,-1
"Solana Up or Down - February 3, 11:30PM-11:45PM ET - Yes 🟢",0,0.433186,0.005,-330.75786,330.757861,0,-330.75786,-0.9999999969766402
"Ethereum Up or Down - February 3, 11:30PM-11:45PM ET - Yes 🟢",0,0.470163,0.305,-1178.269686,1178.269687,0,-1178.269686,-0.999999999151298
"XRP Up or Down - February 3, 11:30PM-11:45PM ET - Yes 🟢",0,0.512356,0.015,-86.165523,86.165523,0,-86.165523,-1
"Ethereum Up or Down - February 3, 11:30PM-11:45PM ET - No 🔴",0,0.349101,0.695,1312.069898,703.711196,0,1312.069898,1.8645005301294082
"Bitcoin Up or Down - February 3, 11:30PM-11:45PM ET - Yes 🟢",0,0.668358,0.485,-3594.407724,3594.407725,0,-3594.407724,-0.9999999997217901
"XRP Up or Down - February 3, 11:15PM-11:30PM ET - No 🔴",0,0.820262,0.58,26.477767,120.835364,0,26.477767,0.21912266511648032
"Bitcoin Up or Down - February 3, 11:30PM-11:45PM ET - No 🔴",0,0.245024,0.515,3493.52792,1133.808472,0,3493.52792,3.081232859230214
"Solana Up or Down - February 4, 12:00AM-12:15AM ET - Yes 🟢",0,0.550474,0.945,556.540685,681.520485,0,556.540685,0.8166162239422635
"Ethereum Up or Down - February 3, 11:45PM-12:00AM ET - No 🔴",0,0.734336,0.525,1785.635822,4935.771002,0,1785.635822,0.3617744464393609
"Ethereum Up or Down - February 7, 5PM ET - Yes 🟢",0,0.086064,0.0005,-190.453173,190.453173,0,-190.453173,-1
"Bitcoin Up or Down - February 7, 5:45PM-6:00PM ET - No 🔴",0,0.303649,0.225,-557.419247,557.419247,0,-557.419247,-1
"Ethereum Up or Down - February 7, 5PM ET - No 🔴",0,0.952839,0.9995,73.743142,1489.903576,0,73.743142,0.049495244650651145
"XRP Up or Down - February 4, 12:00AM-12:15AM ET - No 🔴",0,0.575649,0.73,172.07978,233.433063,0,172.07978,0.7371696956227661
"Solana Up or Down - February 7, 5:45PM-6:00PM ET - No 🔴",0,0.750416,0.805,193.796956,582.682931,0,193.796956,0.3325941874895937
"Solana Up or Down - February 7, 5PM ET - Yes 🟢",0,0.795706,0.9995,388.125625,1511.712968,0,388.125625,0.256745581479989
"Ethereum Up or Down - February 7, 5:45PM-6:00PM ET - Yes 🟢",0,0.664625,0.785,-2617.380882,2617.380882,0,-2617.380882,-1
"Bitcoin Up or Down - February 7, 5:45PM-6:00PM ET - Yes 🟢",0,0.635736,0.775,1555.825778,2715.323109,0,1555.825778,0.5729799790099308
"XRP Up or Down - February 4, 12AM ET - No 🔴",0,0.731904,0.9995,99.003521,270.280322,0,99.003521,0.366299404512327
"Ethereum Up or Down - February 4, 12:00AM-12:15AM ET - Yes 🟢",0,0.671055,0.935,1645.613581,3357.087725,0,1645.613581,0.490190818889012
"XRP Up or Down - February 7, 5:45PM-6:00PM ET - Yes 🟢",0,0.048561,0.015,-7.429833,7.429833,0,-7.429833,-1
"Solana Up or Down - February 10, 4:00PM-8:00PM ET - Yes 🟢",0,0.567036,0.9995,-36.144527,1692.167882,0,-36.144527,-0.021359894242455546
"Ethereum Up or Down - February 3, 5:30PM-5:45PM ET - Yes 🟢",0,0.226379,0.015,-648.312827,648.312827,0,-648.312827,-1
"Solana Up or Down - February 3, 5:30PM-5:45PM ET - Yes 🟢",0,0.153899,0.395,-197.207988,197.207988,0,-197.207988,-1
"XRP Up or Down - February 3, 5:30PM-5:45PM ET - Yes 🟢",0,0.557028,0.83,-407.277707,407.277708,0,-407.277707,-0.9999999975446728
"Solana Up or Down - February 3, 5:30PM-5:45PM ET - No 🔴",0,0.719817,0.605,319.987507,822.078598,0,319.987507,0.3892419870538948
"XRP Up or Down - February 10, 6:45PM-7:00PM ET - Yes 🟢",0,0.500662,0.005,-3.512132,284.200332,0,-3.512132,-0.012357944747228516
"Bitcoin Up or Down - February 10, 6PM ET - No 🔴",0,0.47638,0.0005,586.133858,11821.441993,0,586.133858,0.049582264020504085
"Bitcoin Up or Down - February 10, 6PM ET - Yes 🟢",0,0.592061,0.9995,-1949.147426,15178.807593,0,-1949.147426,-0.12841242067650208
"Solana Up or Down - February 10, 6:45PM-7:00PM ET - Yes 🟢",0,0.602262,0.0005,-261.306586,1480.377487,0,-261.306586,-0.176513482739825
"XRP Up or Down - February 3, 5PM ET - No 🔴",0,0.823862,0.9995,-207.012812,536.506709,0,-207.012812,-0.3858531655379542
"XRP Up or Down - February 3, 7:45PM-8:00PM ET - Yes 🟢",0,0.293539,0.745,-70.258314,70.258314,0,-70.258314,-1
"Ethereum Up or Down - February 10, 6:30PM-6:45PM ET - Yes 🟢",0,0.236477,0.035,-125.421882,125.421883,0,-125.421882,-0.9999999920269097
"Ethereum Up or Down - February 3, 5PM ET - No 🔴",0,0.934486,0.9995,-723.468695,1872.630379,0,-723.468695,-0.3863382240900835
"Bitcoin Up or Down - February 10, 6:30PM-6:45PM ET - Yes 🟢",0,0.391176,0.095,-3756.549152,3756.549152,0,-3756.549152,-1
"Solana Up or Down - February 10, 7:00PM-7:15PM ET - Yes 🟢",0,0.669654,0.965,-233.469864,1427.111347,0,-233.469864,-0.16359610936510896
"Solana Up or Down - February 3, 5:45PM-6:00PM ET - Yes 🟢",0,0.677526,0.985,156.311476,712.203895,0,156.311476,0.21947573875596396
"XRP Up or Down - February 10, 7:00PM-7:15PM ET - Yes 🟢",0,0.794142,0.975,-117.406767,448.06205,0,-117.406767,-0.262032383684358
"XRP Up or Down - February 10, 7PM ET - Yes 🟢",0,0.699367,0.9995,-119.94739,522.831368,0,-119.94739,-0.2294188859762523
"Bitcoin Up or Down - February 3, 5PM ET - Yes 🟢",0,0.163563,0.0005,1778.637366,894.532733,0,1778.637366,1.9883424053527619
"Ethereum Up or Down - February 3, 5:45PM-6:00PM ET - Yes 🟢",0,0.080808,0.0105,-103.583056,103.583057,0,-103.583056,-0.9999999903459114
"XRP Up or Down - February 3, 5:45PM-6:00PM ET - No 🔴",0,0.861433,0.985,-104.187511,252.063908,0,-104.187511,-0.413337680220367
"Bitcoin Up or Down - February 10, 4:00PM-8:00PM ET - Yes 🟢",0,0.654402,0.998,51.057163,3986.876405,0,51.057163,0.012806306946452734
"XRP Up or Down - February 10, 6:30PM-6:45PM ET - Yes 🟢",0,0.845566,0.9995,-91.084222,385.769313,0,-91.084222,-0.23611059493475053
"XRP Up or Down - February 7, 1:30PM-1:45PM ET - Yes 🟢",0,0.689422,0.645,246.78517,547.814481,0,246.78517,0.4504904097268651
"XRP Up or Down - February 7, 1:30PM-1:45PM ET - No 🔴",0,0.377165,0.355,-288.177008,288.177009,0,-288.177008,-0.9999999965299105
"Bitcoin Up or Down - February 7, 1:30PM-1:45PM ET - No 🔴",0,0.255058,0.225,-1785.363946,1785.363947,0,-1785.363946,-0.9999999994398902
"Bitcoin Up or Down - February 7, 1:30PM-1:45PM ET - Yes 🟢",0,0.741715,0.775,1865.492373,5357.119755,0,1865.492373,0.3482267446530137
"Bitcoin Up or Down - February 3, 4:30PM-4:45PM ET - No 🔴",0,0.778094,0.985,-1861.118537,5228.012705,0,-1861.118537,-0.35598967370910395
